id_venta,fecha,cliente,producto,cantidad,importe,medio_pago
V-20001,2026-05-01,Garcia SA,Toner HP,2,237.01,tarjeta
V-20002,2026-05-02,Juan Perez,Servicio mensual,3,374.02,efectivo
V-20003,2026-05-03,Marta Gomez,Cuaderno,4,511.03,transferencia
V-20004,2026-05-04,Kiosco El Sol,Mouse inalambrico,5,648.04,tarjeta
V-20005,2026-05-05,Ferreteria Nuñez,Servicio de consultoria,6,785.05,efectivo
V-20006,2026-05-06,Estudio Contable RyR,Toner HP,7,922.06,transferencia
V-20007,2026-05-07,Bar La Esquina,Servicio mensual,8,1059.07,tarjeta
V-20008,2026-05-08,Distribuidora Sur,Cuaderno,9,1196.08,efectivo
V-20009,2026-05-09,Panaderia Ortiz,Mouse inalambrico,10,1333.09,transferencia
V-20010,2026-05-10,Optica Vision,Servicio de consultoria,11,1470.10,tarjeta
V-20011,2026-05-11,Tech Solutions,Toner HP,12,1607.11,efectivo
V-20012,2026-05-12,Farmacia Central,Servicio mensual,13,1744.12,transferencia
V-20013,2026-05-13,Hotel Plaza,Cuaderno,14,1881.13,tarjeta
V-20014,2026-05-14,Comercial Andrade,Mouse inalambrico,15,2018.14,efectivo
V-20015,2026-05-15,Garcia SA,Servicio de consultoria,16,2155.15,transferencia
V-20016,2026-05-16,Juan Perez,Toner HP,17,2292.16,tarjeta
V-20017,2026-05-17,Marta Gomez,Servicio mensual,18,2429.17,efectivo
V-20018,2026-05-18,Kiosco El Sol,Cuaderno,19,2566.18,transferencia
V-20019,2026-05-19,Ferreteria Nuñez,Mouse inalambrico,20,2703.19,tarjeta
V-20020,2026-05-20,Estudio Contable RyR,Servicio de consultoria,1,2840.20,efectivo
V-20021,2026-05-21,Bar La Esquina,Toner HP,2,2977.21,transferencia
V-20022,2026-05-22,Distribuidora Sur,Servicio mensual,3,3114.22,tarjeta
V-20023,2026-05-23,Panaderia Ortiz,Cuaderno,4,3251.23,efectivo
V-20024,2026-05-24,Optica Vision,Mouse inalambrico,5,3388.24,transferencia
V-20025,2026-05-25,Tech Solutions,Servicio de consultoria,6,3525.25,tarjeta
V-20026,2026-05-26,Farmacia Central,Toner HP,7,3662.26,efectivo
V-20027,2026-05-27,Hotel Plaza,Servicio mensual,8,3799.27,transferencia
V-20028,2026-05-28,Comercial Andrade,Cuaderno,9,3936.28,tarjeta
V-20029,2026-05-01,Garcia SA,Mouse inalambrico,10,4073.29,efectivo
V-20030,2026-05-02,Juan Perez,Servicio de consultoria,11,4210.30,transferencia
V-20031,2026-05-03,Marta Gomez,Toner HP,12,4347.31,tarjeta
V-20032,2026-05-04,Kiosco El Sol,Servicio mensual,13,4484.32,efectivo
V-20033,2026-05-05,Ferreteria Nuñez,Cuaderno,14,4621.33,transferencia
V-20034,2026-05-06,Estudio Contable RyR,Mouse inalambrico,15,4758.34,tarjeta
V-20035,2026-05-07,Bar La Esquina,Servicio de consultoria,16,4895.35,efectivo
V-20036,2026-05-08,Distribuidora Sur,Toner HP,17,5032.36,transferencia
V-20037,2026-05-09,Panaderia Ortiz,Servicio mensual,18,5169.37,tarjeta
V-20038,2026-05-10,Optica Vision,Cuaderno,19,5306.38,efectivo
V-20039,2026-05-11,Tech Solutions,Mouse inalambrico,20,5443.39,transferencia
V-20040,2026-05-12,Farmacia Central,Servicio de consultoria,1,5580.40,tarjeta
V-20041,2026-05-13,Hotel Plaza,Toner HP,2,5717.41,efectivo
V-20042,2026-05-14,Comercial Andrade,Servicio mensual,3,5854.42,transferencia
V-20043,2026-05-15,Garcia SA,Cuaderno,4,5991.43,tarjeta
V-20044,2026-05-16,Juan Perez,Mouse inalambrico,5,6128.44,efectivo
V-20045,2026-05-17,Marta Gomez,Servicio de consultoria,6,6265.45,transferencia
V-20046,2026-05-18,Kiosco El Sol,Toner HP,7,6402.46,tarjeta
V-20047,2026-05-19,Ferreteria Nuñez,Servicio mensual,8,6539.47,efectivo
V-20048,2026-05-20,Estudio Contable RyR,Cuaderno,9,6676.48,transferencia
V-20049,2026-05-21,Bar La Esquina,Mouse inalambrico,10,6813.49,tarjeta
V-20050,2026-05-22,Distribuidora Sur,Servicio de consultoria,11,6950.50,efectivo
V-20051,2026-05-23,Panaderia Ortiz,Toner HP,12,7087.51,transferencia
V-20052,2026-05-24,Optica Vision,Servicio mensual,13,7224.52,tarjeta
V-20053,2026-05-25,Tech Solutions,Cuaderno,14,7361.53,efectivo
V-20054,2026-05-26,Farmacia Central,Mouse inalambrico,15,7498.54,transferencia
V-20055,2026-05-27,Hotel Plaza,Servicio de consultoria,16,7635.55,tarjeta
V-20056,2026-05-28,Comercial Andrade,Toner HP,17,7772.56,efectivo
V-20057,2026-05-01,Garcia SA,Servicio mensual,18,7909.57,transferencia
V-20058,2026-05-02,Juan Perez,Cuaderno,19,8046.58,tarjeta
V-20059,2026-05-03,Marta Gomez,Mouse inalambrico,20,8183.59,efectivo
V-20060,2026-05-04,Kiosco El Sol,Servicio de consultoria,1,8320.60,transferencia
V-20061,2026-05-05,Ferreteria Nuñez,Toner HP,2,8457.61,tarjeta
V-20062,2026-05-06,Estudio Contable RyR,Servicio mensual,3,8594.62,efectivo
V-20063,2026-05-07,Bar La Esquina,Cuaderno,4,8731.63,transferencia
V-20064,2026-05-08,Distribuidora Sur,Mouse inalambrico,5,8868.64,tarjeta
V-20065,2026-05-09,Panaderia Ortiz,Servicio de consultoria,6,9005.65,efectivo
V-20066,2026-05-10,Optica Vision,Toner HP,7,9142.66,transferencia
V-20067,2026-05-11,Tech Solutions,Servicio mensual,8,9279.67,tarjeta
V-20068,2026-05-12,Farmacia Central,Cuaderno,9,9416.68,efectivo
V-20069,2026-05-13,Hotel Plaza,Mouse inalambrico,10,9553.69,transferencia
V-20070,2026-05-14,Comercial Andrade,Servicio de consultoria,11,9690.70,tarjeta
V-20071,2026-05-15,Garcia SA,Toner HP,12,9827.71,efectivo
V-20072,2026-05-16,Juan Perez,Servicio mensual,13,9964.72,transferencia
V-20073,2026-05-17,Marta Gomez,Cuaderno,14,10101.73,tarjeta
V-20074,2026-05-18,Kiosco El Sol,Mouse inalambrico,15,10238.74,efectivo
V-20075,2026-05-19,Ferreteria Nuñez,Servicio de consultoria,16,10375.75,transferencia
V-20076,2026-05-20,Estudio Contable RyR,Toner HP,17,10512.76,tarjeta
V-20077,2026-05-21,Bar La Esquina,Servicio mensual,18,10649.77,efectivo
V-20078,2026-05-22,Distribuidora Sur,Cuaderno,19,10786.78,transferencia
V-20079,2026-05-23,Panaderia Ortiz,Mouse inalambrico,20,10923.79,tarjeta
V-20080,2026-05-24,Optica Vision,Servicio de consultoria,1,11060.80,efectivo
V-20081,2026-05-25,Tech Solutions,Toner HP,2,11197.81,transferencia
V-20082,2026-05-26,Farmacia Central,Servicio mensual,3,11334.82,tarjeta
V-20083,2026-05-27,Hotel Plaza,Cuaderno,4,11471.83,efectivo
V-20084,2026-05-28,Comercial Andrade,Mouse inalambrico,5,11608.84,transferencia
V-20085,2026-05-01,Garcia SA,Servicio de consultoria,6,11745.85,tarjeta
V-20086,2026-05-02,Juan Perez,Toner HP,7,11882.86,efectivo
V-20087,2026-05-03,Marta Gomez,Servicio mensual,8,12019.87,transferencia
V-20088,2026-05-04,Kiosco El Sol,Cuaderno,9,12156.88,tarjeta
V-20089,2026-05-05,Ferreteria Nuñez,Mouse inalambrico,10,12293.89,efectivo
V-20090,2026-05-06,Estudio Contable RyR,Servicio de consultoria,11,12430.90,transferencia
V-20091,2026-05-07,Bar La Esquina,Toner HP,12,12567.91,tarjeta
V-20092,2026-05-08,Distribuidora Sur,Servicio mensual,13,12704.92,efectivo
V-20093,2026-05-09,Panaderia Ortiz,Cuaderno,14,12841.93,transferencia
V-20094,2026-05-10,Optica Vision,Mouse inalambrico,15,12978.94,tarjeta
V-20095,2026-05-11,Tech Solutions,Servicio de consultoria,16,13115.95,efectivo
V-20096,2026-05-12,Farmacia Central,Toner HP,17,13252.96,transferencia
V-20097,2026-05-13,Hotel Plaza,Servicio mensual,18,13389.97,tarjeta
V-20098,2026-05-14,Comercial Andrade,Cuaderno,19,13526.98,efectivo
V-20099,2026-05-15,Garcia SA,Mouse inalambrico,20,13663.99,transferencia
V-20100,2026-05-16,Juan Perez,Servicio de consultoria,1,13800.00,tarjeta
V-20101,2026-05-17,Marta Gomez,Toner HP,2,13937.01,efectivo
V-20102,2026-05-18,Kiosco El Sol,Servicio mensual,3,14074.02,transferencia
V-20103,2026-05-19,Ferreteria Nuñez,Cuaderno,4,14211.03,tarjeta
V-20104,2026-05-20,Estudio Contable RyR,Mouse inalambrico,5,14348.04,efectivo
V-20105,2026-05-21,Bar La Esquina,Servicio de consultoria,6,14485.05,transferencia
V-20106,2026-05-22,Distribuidora Sur,Toner HP,7,14622.06,tarjeta
V-20107,2026-05-23,Panaderia Ortiz,Servicio mensual,8,14759.07,efectivo
V-20108,2026-05-24,Optica Vision,Cuaderno,9,14896.08,transferencia
V-20109,2026-05-25,Tech Solutions,Mouse inalambrico,10,15033.09,tarjeta
V-20110,2026-05-26,Farmacia Central,Servicio de consultoria,11,15170.10,efectivo
V-20111,2026-05-27,Hotel Plaza,Toner HP,12,15307.11,transferencia
V-20112,2026-05-28,Comercial Andrade,Servicio mensual,13,15444.12,tarjeta
V-20113,2026-05-01,Garcia SA,Cuaderno,14,15581.13,efectivo
V-20114,2026-05-02,Juan Perez,Mouse inalambrico,15,15718.14,transferencia
V-20115,2026-05-03,Marta Gomez,Servicio de consultoria,16,15855.15,tarjeta
V-20116,2026-05-04,Kiosco El Sol,Toner HP,17,15992.16,efectivo
V-20117,2026-05-05,Ferreteria Nuñez,Servicio mensual,18,16129.17,transferencia
V-20118,2026-05-06,Estudio Contable RyR,Cuaderno,19,16266.18,tarjeta
V-20119,2026-05-07,Bar La Esquina,Mouse inalambrico,20,16403.19,efectivo
V-20120,2026-05-08,Distribuidora Sur,Servicio de consultoria,1,16540.20,transferencia
V-20121,2026-05-09,Panaderia Ortiz,Toner HP,2,16677.21,tarjeta
V-20122,2026-05-10,Optica Vision,Servicio mensual,3,16814.22,efectivo
V-20123,2026-05-11,Tech Solutions,Cuaderno,4,16951.23,transferencia
V-20124,2026-05-12,Farmacia Central,Mouse inalambrico,5,17088.24,tarjeta
V-20125,2026-05-13,Hotel Plaza,Servicio de consultoria,6,17225.25,efectivo
V-20126,2026-05-14,Comercial Andrade,Toner HP,7,17362.26,transferencia
V-20127,2026-05-15,Garcia SA,Servicio mensual,8,17499.27,tarjeta
V-20128,2026-05-16,Juan Perez,Cuaderno,9,17636.28,efectivo
V-20129,2026-05-17,Marta Gomez,Mouse inalambrico,10,17773.29,transferencia
V-20130,2026-05-18,Kiosco El Sol,Servicio de consultoria,11,17910.30,tarjeta
V-20131,2026-05-19,Ferreteria Nuñez,Toner HP,12,18047.31,efectivo
V-20132,2026-05-20,Estudio Contable RyR,Servicio mensual,13,18184.32,transferencia
V-20133,2026-05-21,Bar La Esquina,Cuaderno,14,18321.33,tarjeta
V-20134,2026-05-22,Distribuidora Sur,Mouse inalambrico,15,18458.34,efectivo
V-20135,2026-05-23,Panaderia Ortiz,Servicio de consultoria,16,18595.35,transferencia
V-20136,2026-05-24,Optica Vision,Toner HP,17,18732.36,tarjeta
V-20137,2026-05-25,Tech Solutions,Servicio mensual,18,18869.37,efectivo
V-20138,2026-05-26,Farmacia Central,Cuaderno,19,19006.38,transferencia
V-20139,2026-05-27,Hotel Plaza,Mouse inalambrico,20,19143.39,tarjeta
V-20140,2026-05-28,Comercial Andrade,Servicio de consultoria,1,19280.40,efectivo
V-20141,2026-05-01,Garcia SA,Toner HP,2,19417.41,transferencia
V-20142,2026-05-02,Juan Perez,Servicio mensual,3,19554.42,tarjeta
V-20143,2026-05-03,Marta Gomez,Cuaderno,4,19691.43,efectivo
V-20144,2026-05-04,Kiosco El Sol,Mouse inalambrico,5,19828.44,transferencia
V-20145,2026-05-05,Ferreteria Nuñez,Servicio de consultoria,6,19965.45,tarjeta
V-20146,2026-05-06,Estudio Contable RyR,Toner HP,7,20102.46,efectivo
V-20147,2026-05-07,Bar La Esquina,Servicio mensual,8,20239.47,transferencia
V-20148,2026-05-08,Distribuidora Sur,Cuaderno,9,20376.48,tarjeta
V-20149,2026-05-09,Panaderia Ortiz,Mouse inalambrico,10,20513.49,efectivo
V-20150,2026-05-10,Optica Vision,Servicio de consultoria,11,20650.50,transferencia
V-20151,2026-05-11,Tech Solutions,Toner HP,12,20787.51,tarjeta
V-20152,2026-05-12,Farmacia Central,Servicio mensual,13,20924.52,efectivo
V-20153,2026-05-13,Hotel Plaza,Cuaderno,14,21061.53,transferencia
V-20154,2026-05-14,Comercial Andrade,Mouse inalambrico,15,21198.54,tarjeta
V-20155,2026-05-15,Garcia SA,Servicio de consultoria,16,21335.55,efectivo
V-20156,2026-05-16,Juan Perez,Toner HP,17,21472.56,transferencia
V-20157,2026-05-17,Marta Gomez,Servicio mensual,18,21609.57,tarjeta
V-20158,2026-05-18,Kiosco El Sol,Cuaderno,19,21746.58,efectivo
V-20159,2026-05-19,Ferreteria Nuñez,Mouse inalambrico,20,21883.59,transferencia
V-20160,2026-05-20,Estudio Contable RyR,Servicio de consultoria,1,22020.60,tarjeta
V-20161,2026-05-21,Bar La Esquina,Toner HP,2,22157.61,efectivo
V-20162,2026-05-22,Distribuidora Sur,Servicio mensual,3,22294.62,transferencia
V-20163,2026-05-23,Panaderia Ortiz,Cuaderno,4,22431.63,tarjeta
V-20164,2026-05-24,Optica Vision,Mouse inalambrico,5,22568.64,efectivo
V-20165,2026-05-25,Tech Solutions,Servicio de consultoria,6,22705.65,transferencia
V-20166,2026-05-26,Farmacia Central,Toner HP,7,22842.66,tarjeta
V-20167,2026-05-27,Hotel Plaza,Servicio mensual,8,22979.67,efectivo
V-20168,2026-05-28,Comercial Andrade,Cuaderno,9,23116.68,transferencia
V-20169,2026-05-01,Garcia SA,Mouse inalambrico,10,23253.69,tarjeta
V-20170,2026-05-02,Juan Perez,Servicio de consultoria,11,23390.70,efectivo
V-20171,2026-05-03,Marta Gomez,Toner HP,12,23527.71,transferencia
V-20172,2026-05-04,Kiosco El Sol,Servicio mensual,13,23664.72,tarjeta
V-20173,2026-05-05,Ferreteria Nuñez,Cuaderno,14,23801.73,efectivo
V-20174,2026-05-06,Estudio Contable RyR,Mouse inalambrico,15,23938.74,transferencia
V-20175,2026-05-07,Bar La Esquina,Servicio de consultoria,16,24075.75,tarjeta
V-20176,2026-05-08,Distribuidora Sur,Toner HP,17,24212.76,efectivo
V-20177,2026-05-09,Panaderia Ortiz,Servicio mensual,18,24349.77,transferencia
V-20178,2026-05-10,Optica Vision,Cuaderno,19,24486.78,tarjeta
V-20179,2026-05-11,Tech Solutions,Mouse inalambrico,20,24623.79,efectivo
V-20180,2026-05-12,Farmacia Central,Servicio de consultoria,1,24760.80,transferencia
V-20181,2026-05-13,Hotel Plaza,Toner HP,2,24897.81,tarjeta
V-20182,2026-05-14,Comercial Andrade,Servicio mensual,3,25034.82,efectivo
V-20183,2026-05-15,Garcia SA,Cuaderno,4,25171.83,transferencia
V-20184,2026-05-16,Juan Perez,Mouse inalambrico,5,25308.84,tarjeta
V-20185,2026-05-17,Marta Gomez,Servicio de consultoria,6,25445.85,efectivo
V-20186,2026-05-18,Kiosco El Sol,Toner HP,7,25582.86,transferencia
V-20187,2026-05-19,Ferreteria Nuñez,Servicio mensual,8,25719.87,tarjeta
V-20188,2026-05-20,Estudio Contable RyR,Cuaderno,9,25856.88,efectivo
V-20189,2026-05-21,Bar La Esquina,Mouse inalambrico,10,25993.89,transferencia
V-20190,2026-05-22,Distribuidora Sur,Servicio de consultoria,11,26130.90,tarjeta
V-20191,2026-05-23,Panaderia Ortiz,Toner HP,12,26267.91,efectivo
V-20192,2026-05-24,Optica Vision,Servicio mensual,13,26404.92,transferencia
V-20193,2026-05-25,Tech Solutions,Cuaderno,14,26541.93,tarjeta
V-20194,2026-05-26,Farmacia Central,Mouse inalambrico,15,26678.94,efectivo
V-20195,2026-05-27,Hotel Plaza,Servicio de consultoria,16,26815.95,transferencia
V-20196,2026-05-28,Comercial Andrade,Toner HP,17,26952.96,tarjeta
V-20197,2026-05-01,Garcia SA,Servicio mensual,18,27089.97,efectivo
V-20198,2026-05-02,Juan Perez,Cuaderno,19,27226.98,transferencia
V-20199,2026-05-03,Marta Gomez,Mouse inalambrico,20,27363.99,tarjeta
V-20200,2026-05-04,Kiosco El Sol,Servicio de consultoria,1,27500.00,efectivo
V-20201,2026-05-05,Ferreteria Nuñez,Toner HP,2,27637.01,transferencia
V-20202,2026-05-06,Estudio Contable RyR,Servicio mensual,3,27774.02,tarjeta
V-20203,2026-05-07,Bar La Esquina,Cuaderno,4,27911.03,efectivo
V-20204,2026-05-08,Distribuidora Sur,Mouse inalambrico,5,28048.04,transferencia
V-20205,2026-05-09,Panaderia Ortiz,Servicio de consultoria,6,28185.05,tarjeta
V-20206,2026-05-10,Optica Vision,Toner HP,7,28322.06,efectivo
V-20207,2026-05-11,Tech Solutions,Servicio mensual,8,28459.07,transferencia
V-20208,2026-05-12,Farmacia Central,Cuaderno,9,28596.08,tarjeta
V-20209,2026-05-13,Hotel Plaza,Mouse inalambrico,10,28733.09,efectivo
V-20210,2026-05-14,Comercial Andrade,Servicio de consultoria,11,28870.10,transferencia
V-20211,2026-05-15,Garcia SA,Toner HP,12,29007.11,tarjeta
V-20212,2026-05-16,Juan Perez,Servicio mensual,13,29144.12,efectivo
V-20213,2026-05-17,Marta Gomez,Cuaderno,14,29281.13,transferencia
V-20214,2026-05-18,Kiosco El Sol,Mouse inalambrico,15,29418.14,tarjeta
V-20215,2026-05-19,Ferreteria Nuñez,Servicio de consultoria,16,29555.15,efectivo
V-20216,2026-05-20,Estudio Contable RyR,Toner HP,17,29692.16,transferencia
V-20217,2026-05-21,Bar La Esquina,Servicio mensual,18,29829.17,tarjeta
V-20218,2026-05-22,Distribuidora Sur,Cuaderno,19,29966.18,efectivo
V-20219,2026-05-23,Panaderia Ortiz,Mouse inalambrico,20,30103.19,transferencia
V-20220,2026-05-24,Optica Vision,Servicio de consultoria,1,30240.20,tarjeta
V-20221,2026-05-25,Tech Solutions,Toner HP,2,30377.21,efectivo
V-20222,2026-05-26,Farmacia Central,Servicio mensual,3,30514.22,transferencia
V-20223,2026-05-27,Hotel Plaza,Cuaderno,4,30651.23,tarjeta
V-20224,2026-05-28,Comercial Andrade,Mouse inalambrico,5,30788.24,efectivo
V-20225,2026-05-01,Garcia SA,Servicio de consultoria,6,30925.25,transferencia
V-20226,2026-05-02,Juan Perez,Toner HP,7,31062.26,tarjeta
V-20227,2026-05-03,Marta Gomez,Servicio mensual,8,31199.27,efectivo
V-20228,2026-05-04,Kiosco El Sol,Cuaderno,9,31336.28,transferencia
V-20229,2026-05-05,Ferreteria Nuñez,Mouse inalambrico,10,31473.29,tarjeta
V-20230,2026-05-06,Estudio Contable RyR,Servicio de consultoria,11,31610.30,efectivo
V-20231,2026-05-07,Bar La Esquina,Toner HP,12,31747.31,transferencia
V-20232,2026-05-08,Distribuidora Sur,Servicio mensual,13,31884.32,tarjeta
V-20233,2026-05-09,Panaderia Ortiz,Cuaderno,14,32021.33,efectivo
V-20234,2026-05-10,Optica Vision,Mouse inalambrico,15,32158.34,transferencia
V-20235,2026-05-11,Tech Solutions,Servicio de consultoria,16,32295.35,tarjeta
V-20236,2026-05-12,Farmacia Central,Toner HP,17,32432.36,efectivo
V-20237,2026-05-13,Hotel Plaza,Servicio mensual,18,32569.37,transferencia
V-20238,2026-05-14,Comercial Andrade,Cuaderno,19,32706.38,tarjeta
V-20239,2026-05-15,Garcia SA,Mouse inalambrico,20,32843.39,efectivo
V-20240,2026-05-16,Juan Perez,Servicio de consultoria,1,32980.40,transferencia
V-20241,2026-05-17,Marta Gomez,Toner HP,2,33117.41,tarjeta
V-20242,2026-05-18,Kiosco El Sol,Servicio mensual,3,33254.42,efectivo
V-20243,2026-05-19,Ferreteria Nuñez,Cuaderno,4,33391.43,transferencia
V-20244,2026-05-20,Estudio Contable RyR,Mouse inalambrico,5,33528.44,tarjeta
V-20245,2026-05-21,Bar La Esquina,Servicio de consultoria,6,33665.45,efectivo
V-20246,2026-05-22,Distribuidora Sur,Toner HP,7,33802.46,transferencia
V-20247,2026-05-23,Panaderia Ortiz,Servicio mensual,8,33939.47,tarjeta
V-20248,2026-05-24,Optica Vision,Cuaderno,9,34076.48,efectivo
V-20249,2026-05-25,Tech Solutions,Mouse inalambrico,10,34213.49,transferencia
V-20250,2026-05-26,Farmacia Central,Servicio de consultoria,11,34350.50,tarjeta
V-20251,2026-05-27,Hotel Plaza,Toner HP,12,34487.51,efectivo
V-20252,2026-05-28,Comercial Andrade,Servicio mensual,13,34624.52,transferencia
V-20253,2026-05-01,Garcia SA,Cuaderno,14,34761.53,tarjeta
V-20254,2026-05-02,Juan Perez,Mouse inalambrico,15,34898.54,efectivo
V-20255,2026-05-03,Marta Gomez,Servicio de consultoria,16,35035.55,transferencia
V-20256,2026-05-04,Kiosco El Sol,Toner HP,17,35172.56,tarjeta
V-20257,2026-05-05,Ferreteria Nuñez,Servicio mensual,18,35309.57,efectivo
V-20258,2026-05-06,Estudio Contable RyR,Cuaderno,19,35446.58,transferencia
V-20259,2026-05-07,Bar La Esquina,Mouse inalambrico,20,35583.59,tarjeta
V-20260,2026-05-08,Distribuidora Sur,Servicio de consultoria,1,35720.60,efectivo
V-20261,2026-05-09,Panaderia Ortiz,Toner HP,2,35857.61,transferencia
V-20262,2026-05-10,Optica Vision,Servicio mensual,3,35994.62,tarjeta
V-20263,2026-05-11,Tech Solutions,Cuaderno,4,36131.63,efectivo
V-20264,2026-05-12,Farmacia Central,Mouse inalambrico,5,36268.64,transferencia
V-20265,2026-05-13,Hotel Plaza,Servicio de consultoria,6,36405.65,tarjeta
V-20266,2026-05-14,Comercial Andrade,Toner HP,7,36542.66,efectivo
V-20267,2026-05-15,Garcia SA,Servicio mensual,8,36679.67,transferencia
V-20268,2026-05-16,Juan Perez,Cuaderno,9,36816.68,tarjeta
V-20269,2026-05-17,Marta Gomez,Mouse inalambrico,10,36953.69,efectivo
V-20270,2026-05-18,Kiosco El Sol,Servicio de consultoria,11,37090.70,transferencia
V-20271,2026-05-19,Ferreteria Nuñez,Toner HP,12,37227.71,tarjeta
V-20272,2026-05-20,Estudio Contable RyR,Servicio mensual,13,37364.72,efectivo
V-20273,2026-05-21,Bar La Esquina,Cuaderno,14,37501.73,transferencia
V-20274,2026-05-22,Distribuidora Sur,Mouse inalambrico,15,37638.74,tarjeta
V-20275,2026-05-23,Panaderia Ortiz,Servicio de consultoria,16,37775.75,efectivo
V-20276,2026-05-24,Optica Vision,Toner HP,17,37912.76,transferencia
V-20277,2026-05-25,Tech Solutions,Servicio mensual,18,38049.77,tarjeta
V-20278,2026-05-26,Farmacia Central,Cuaderno,19,38186.78,efectivo
V-20279,2026-05-27,Hotel Plaza,Mouse inalambrico,20,38323.79,transferencia
V-20280,2026-05-28,Comercial Andrade,Servicio de consultoria,1,38460.80,tarjeta
V-20281,2026-05-01,Garcia SA,Toner HP,2,38597.81,efectivo
V-20282,2026-05-02,Juan Perez,Servicio mensual,3,38734.82,transferencia
V-20283,2026-05-03,Marta Gomez,Cuaderno,4,38871.83,tarjeta
V-20284,2026-05-04,Kiosco El Sol,Mouse inalambrico,5,39008.84,efectivo
V-20285,2026-05-05,Ferreteria Nuñez,Servicio de consultoria,6,39145.85,transferencia
V-20286,2026-05-06,Estudio Contable RyR,Toner HP,7,39282.86,tarjeta
V-20287,2026-05-07,Bar La Esquina,Servicio mensual,8,39419.87,efectivo
V-20288,2026-05-08,Distribuidora Sur,Cuaderno,9,39556.88,transferencia
V-20289,2026-05-09,Panaderia Ortiz,Mouse inalambrico,10,39693.89,tarjeta
V-20290,2026-05-10,Optica Vision,Servicio de consultoria,11,39830.90,efectivo
V-20291,2026-05-11,Tech Solutions,Toner HP,12,39967.91,transferencia
V-20292,2026-05-12,Farmacia Central,Servicio mensual,13,40104.92,tarjeta
V-20293,2026-05-13,Hotel Plaza,Cuaderno,14,40241.93,efectivo
V-20294,2026-05-14,Comercial Andrade,Mouse inalambrico,15,40378.94,transferencia
V-20295,2026-05-15,Garcia SA,Servicio de consultoria,16,40515.95,tarjeta
V-20296,2026-05-16,Juan Perez,Toner HP,17,40652.96,efectivo
V-20297,2026-05-17,Marta Gomez,Servicio mensual,18,40789.97,transferencia
V-20298,2026-05-18,Kiosco El Sol,Cuaderno,19,40926.98,tarjeta
V-20299,2026-05-19,Ferreteria Nuñez,Mouse inalambrico,20,41063.99,efectivo
V-20300,2026-05-20,Estudio Contable RyR,Servicio de consultoria,1,41200.00,transferencia
V-20301,2026-05-21,Bar La Esquina,Toner HP,2,41337.01,tarjeta
V-20302,2026-05-22,Distribuidora Sur,Servicio mensual,3,41474.02,efectivo
V-20303,2026-05-23,Panaderia Ortiz,Cuaderno,4,41611.03,transferencia
V-20304,2026-05-24,Optica Vision,Mouse inalambrico,5,41748.04,tarjeta
V-20305,2026-05-25,Tech Solutions,Servicio de consultoria,6,41885.05,efectivo
V-20306,2026-05-26,Farmacia Central,Toner HP,7,42022.06,transferencia
V-20307,2026-05-27,Hotel Plaza,Servicio mensual,8,42159.07,tarjeta
V-20308,2026-05-28,Comercial Andrade,Cuaderno,9,42296.08,efectivo
V-20309,2026-05-01,Garcia SA,Mouse inalambrico,10,42433.09,transferencia
V-20310,2026-05-02,Juan Perez,Servicio de consultoria,11,42570.10,tarjeta
V-20311,2026-05-03,Marta Gomez,Toner HP,12,42707.11,efectivo
V-20312,2026-05-04,Kiosco El Sol,Servicio mensual,13,42844.12,transferencia
V-20313,2026-05-05,Ferreteria Nuñez,Cuaderno,14,42981.13,tarjeta
V-20314,2026-05-06,Estudio Contable RyR,Mouse inalambrico,15,43118.14,efectivo
V-20315,2026-05-07,Bar La Esquina,Servicio de consultoria,16,43255.15,transferencia
V-20316,2026-05-08,Distribuidora Sur,Toner HP,17,43392.16,tarjeta
V-20317,2026-05-09,Panaderia Ortiz,Servicio mensual,18,43529.17,efectivo
V-20318,2026-05-10,Optica Vision,Cuaderno,19,43666.18,transferencia
V-20319,2026-05-11,Tech Solutions,Mouse inalambrico,20,43803.19,tarjeta
V-20320,2026-05-12,Farmacia Central,Servicio de consultoria,1,43940.20,efectivo
V-20321,2026-05-13,Hotel Plaza,Toner HP,2,44077.21,transferencia
V-20322,2026-05-14,Comercial Andrade,Servicio mensual,3,44214.22,tarjeta
V-20323,2026-05-15,Garcia SA,Cuaderno,4,44351.23,efectivo
V-20324,2026-05-16,Juan Perez,Mouse inalambrico,5,44488.24,transferencia
V-20325,2026-05-17,Marta Gomez,Servicio de consultoria,6,44625.25,tarjeta
V-20326,2026-05-18,Kiosco El Sol,Toner HP,7,44762.26,efectivo
V-20327,2026-05-19,Ferreteria Nuñez,Servicio mensual,8,44899.27,transferencia
V-20328,2026-05-20,Estudio Contable RyR,Cuaderno,9,45036.28,tarjeta
V-20329,2026-05-21,Bar La Esquina,Mouse inalambrico,10,45173.29,efectivo
V-20330,2026-05-22,Distribuidora Sur,Servicio de consultoria,11,45310.30,transferencia
V-20331,2026-05-23,Panaderia Ortiz,Toner HP,12,45447.31,tarjeta
V-20332,2026-05-24,Optica Vision,Servicio mensual,13,45584.32,efectivo
V-20333,2026-05-25,Tech Solutions,Cuaderno,14,45721.33,transferencia
V-20334,2026-05-26,Farmacia Central,Mouse inalambrico,15,45858.34,tarjeta
V-20335,2026-05-27,Hotel Plaza,Servicio de consultoria,16,45995.35,efectivo
V-20336,2026-05-28,Comercial Andrade,Toner HP,17,46132.36,transferencia
V-20337,2026-05-01,Garcia SA,Servicio mensual,18,46269.37,tarjeta
V-20338,2026-05-02,Juan Perez,Cuaderno,19,46406.38,efectivo
V-20339,2026-05-03,Marta Gomez,Mouse inalambrico,20,46543.39,transferencia
V-20340,2026-05-04,Kiosco El Sol,Servicio de consultoria,1,46680.40,tarjeta
V-20341,2026-05-05,Ferreteria Nuñez,Toner HP,2,46817.41,efectivo
V-20342,2026-05-06,Estudio Contable RyR,Servicio mensual,3,46954.42,transferencia
V-20343,2026-05-07,Bar La Esquina,Cuaderno,4,47091.43,tarjeta
V-20344,2026-05-08,Distribuidora Sur,Mouse inalambrico,5,47228.44,efectivo
V-20345,2026-05-09,Panaderia Ortiz,Servicio de consultoria,6,47365.45,transferencia
V-20346,2026-05-10,Optica Vision,Toner HP,7,47502.46,tarjeta
V-20347,2026-05-11,Tech Solutions,Servicio mensual,8,47639.47,efectivo
V-20348,2026-05-12,Farmacia Central,Cuaderno,9,47776.48,transferencia
V-20349,2026-05-13,Hotel Plaza,Mouse inalambrico,10,47913.49,tarjeta
V-20350,2026-05-14,Comercial Andrade,Servicio de consultoria,11,48050.50,efectivo
V-20351,2026-05-15,Garcia SA,Toner HP,12,48187.51,transferencia
V-20352,2026-05-16,Juan Perez,Servicio mensual,13,48324.52,tarjeta
V-20353,2026-05-17,Marta Gomez,Cuaderno,14,48461.53,efectivo
V-20354,2026-05-18,Kiosco El Sol,Mouse inalambrico,15,48598.54,transferencia
V-20355,2026-05-19,Ferreteria Nuñez,Servicio de consultoria,16,48735.55,tarjeta
V-20356,2026-05-20,Estudio Contable RyR,Toner HP,17,48872.56,efectivo
V-20357,2026-05-21,Bar La Esquina,Servicio mensual,18,49009.57,transferencia
V-20358,2026-05-22,Distribuidora Sur,Cuaderno,19,49146.58,tarjeta
V-20359,2026-05-23,Panaderia Ortiz,Mouse inalambrico,20,49283.59,efectivo
V-20360,2026-05-24,Optica Vision,Servicio de consultoria,1,49420.60,transferencia
V-20361,2026-05-25,Tech Solutions,Toner HP,2,49557.61,tarjeta
V-20362,2026-05-26,Farmacia Central,Servicio mensual,3,49694.62,efectivo
V-20363,2026-05-27,Hotel Plaza,Cuaderno,4,49831.63,transferencia
V-20364,2026-05-28,Comercial Andrade,Mouse inalambrico,5,49968.64,tarjeta
V-20365,2026-05-01,Garcia SA,Servicio de consultoria,6,105.65,efectivo
V-20366,2026-05-02,Juan Perez,Toner HP,7,242.66,transferencia
V-20367,2026-05-03,Marta Gomez,Servicio mensual,8,379.67,tarjeta
V-20368,2026-05-04,Kiosco El Sol,Cuaderno,9,516.68,efectivo
V-20369,2026-05-05,Ferreteria Nuñez,Mouse inalambrico,10,653.69,transferencia
V-20370,2026-05-06,Estudio Contable RyR,Servicio de consultoria,11,790.70,tarjeta
V-20371,2026-05-07,Bar La Esquina,Toner HP,12,927.71,efectivo
V-20372,2026-05-08,Distribuidora Sur,Servicio mensual,13,1064.72,transferencia
V-20373,2026-05-09,Panaderia Ortiz,Cuaderno,14,1201.73,tarjeta
V-20374,2026-05-10,Optica Vision,Mouse inalambrico,15,1338.74,efectivo
V-20375,2026-05-11,Tech Solutions,Servicio de consultoria,16,1475.75,transferencia
V-20376,2026-05-12,Farmacia Central,Toner HP,17,1612.76,tarjeta
V-20377,2026-05-13,Hotel Plaza,Servicio mensual,18,1749.77,efectivo
V-20378,2026-05-14,Comercial Andrade,Cuaderno,19,1886.78,transferencia
V-20379,2026-05-15,Garcia SA,Mouse inalambrico,20,2023.79,tarjeta
V-20380,2026-05-16,Juan Perez,Servicio de consultoria,1,2160.80,efectivo
V-20381,2026-05-17,Marta Gomez,Toner HP,2,2297.81,transferencia
V-20382,2026-05-18,Kiosco El Sol,Servicio mensual,3,2434.82,tarjeta
V-20383,2026-05-19,Ferreteria Nuñez,Cuaderno,4,2571.83,efectivo
V-20384,2026-05-20,Estudio Contable RyR,Mouse inalambrico,5,2708.84,transferencia
V-20385,2026-05-21,Bar La Esquina,Servicio de consultoria,6,2845.85,tarjeta
V-20386,2026-05-22,Distribuidora Sur,Toner HP,7,2982.86,efectivo
V-20387,2026-05-23,Panaderia Ortiz,Servicio mensual,8,3119.87,transferencia
V-20388,2026-05-24,Optica Vision,Cuaderno,9,3256.88,tarjeta
V-20389,2026-05-25,Tech Solutions,Mouse inalambrico,10,3393.89,efectivo
V-20390,2026-05-26,Farmacia Central,Servicio de consultoria,11,3530.90,transferencia
V-20391,2026-05-27,Hotel Plaza,Toner HP,12,3667.91,tarjeta
V-20392,2026-05-28,Comercial Andrade,Servicio mensual,13,3804.92,efectivo
V-20393,2026-05-01,Garcia SA,Cuaderno,14,3941.93,transferencia
V-20394,2026-05-02,Juan Perez,Mouse inalambrico,15,4078.94,tarjeta
V-20395,2026-05-03,Marta Gomez,Servicio de consultoria,16,4215.95,efectivo
V-20396,2026-05-04,Kiosco El Sol,Toner HP,17,4352.96,transferencia
V-20397,2026-05-05,Ferreteria Nuñez,Servicio mensual,18,4489.97,tarjeta
V-20398,2026-05-06,Estudio Contable RyR,Cuaderno,19,4626.98,efectivo
V-20399,2026-05-07,Bar La Esquina,Mouse inalambrico,20,4763.99,transferencia
V-20400,2026-05-08,Distribuidora Sur,Servicio de consultoria,1,4900.00,tarjeta
V-20401,2026-05-09,Panaderia Ortiz,Toner HP,2,5037.01,efectivo
V-20402,2026-05-10,Optica Vision,Servicio mensual,3,5174.02,transferencia
V-20403,2026-05-11,Tech Solutions,Cuaderno,4,5311.03,tarjeta
V-20404,2026-05-12,Farmacia Central,Mouse inalambrico,5,5448.04,efectivo
V-20405,2026-05-13,Hotel Plaza,Servicio de consultoria,6,5585.05,transferencia
V-20406,2026-05-14,Comercial Andrade,Toner HP,7,5722.06,tarjeta
V-20407,2026-05-15,Garcia SA,Servicio mensual,8,5859.07,efectivo
V-20408,2026-05-16,Juan Perez,Cuaderno,9,5996.08,transferencia
V-20409,2026-05-17,Marta Gomez,Mouse inalambrico,10,6133.09,tarjeta
V-20410,2026-05-18,Kiosco El Sol,Servicio de consultoria,11,6270.10,efectivo
V-20411,2026-05-19,Ferreteria Nuñez,Toner HP,12,6407.11,transferencia
V-20412,2026-05-20,Estudio Contable RyR,Servicio mensual,13,6544.12,tarjeta
V-20413,2026-05-21,Bar La Esquina,Cuaderno,14,6681.13,efectivo
V-20414,2026-05-22,Distribuidora Sur,Mouse inalambrico,15,6818.14,transferencia
V-20415,2026-05-23,Panaderia Ortiz,Servicio de consultoria,16,6955.15,tarjeta
V-20416,2026-05-24,Optica Vision,Toner HP,17,7092.16,efectivo
V-20417,2026-05-25,Tech Solutions,Servicio mensual,18,7229.17,transferencia
V-20418,2026-05-26,Farmacia Central,Cuaderno,19,7366.18,tarjeta
V-20419,2026-05-27,Hotel Plaza,Mouse inalambrico,20,7503.19,efectivo
V-20420,2026-05-28,Comercial Andrade,Servicio de consultoria,1,7640.20,transferencia
V-20421,2026-05-01,Garcia SA,Toner HP,2,7777.21,tarjeta
V-20422,2026-05-02,Juan Perez,Servicio mensual,3,7914.22,efectivo
V-20423,2026-05-03,Marta Gomez,Cuaderno,4,8051.23,transferencia
V-20424,2026-05-04,Kiosco El Sol,Mouse inalambrico,5,8188.24,tarjeta
V-20425,2026-05-05,Ferreteria Nuñez,Servicio de consultoria,6,8325.25,efectivo
V-20426,2026-05-06,Estudio Contable RyR,Toner HP,7,8462.26,transferencia
V-20427,2026-05-07,Bar La Esquina,Servicio mensual,8,8599.27,tarjeta
V-20428,2026-05-08,Distribuidora Sur,Cuaderno,9,8736.28,efectivo
V-20429,2026-05-09,Panaderia Ortiz,Mouse inalambrico,10,8873.29,transferencia
V-20430,2026-05-10,Optica Vision,Servicio de consultoria,11,9010.30,tarjeta
V-20431,2026-05-11,Tech Solutions,Toner HP,12,9147.31,efectivo
V-20432,2026-05-12,Farmacia Central,Servicio mensual,13,9284.32,transferencia
V-20433,2026-05-13,Hotel Plaza,Cuaderno,14,9421.33,tarjeta
V-20434,2026-05-14,Comercial Andrade,Mouse inalambrico,15,9558.34,efectivo
V-20435,2026-05-15,Garcia SA,Servicio de consultoria,16,9695.35,transferencia
V-20436,2026-05-16,Juan Perez,Toner HP,17,9832.36,tarjeta
V-20437,2026-05-17,Marta Gomez,Servicio mensual,18,9969.37,efectivo
V-20438,2026-05-18,Kiosco El Sol,Cuaderno,19,10106.38,transferencia
V-20439,2026-05-19,Ferreteria Nuñez,Mouse inalambrico,20,10243.39,tarjeta
V-20440,2026-05-20,Estudio Contable RyR,Servicio de consultoria,1,10380.40,efectivo
V-20441,2026-05-21,Bar La Esquina,Toner HP,2,10517.41,transferencia
V-20442,2026-05-22,Distribuidora Sur,Servicio mensual,3,10654.42,tarjeta
V-20443,2026-05-23,Panaderia Ortiz,Cuaderno,4,10791.43,efectivo
V-20444,2026-05-24,Optica Vision,Mouse inalambrico,5,10928.44,transferencia
V-20445,2026-05-25,Tech Solutions,Servicio de consultoria,6,11065.45,tarjeta
V-20446,2026-05-26,Farmacia Central,Toner HP,7,11202.46,efectivo
V-20447,2026-05-27,Hotel Plaza,Servicio mensual,8,11339.47,transferencia
V-20448,2026-05-28,Comercial Andrade,Cuaderno,9,11476.48,tarjeta
V-20449,2026-05-01,Garcia SA,Mouse inalambrico,10,11613.49,efectivo
V-20450,2026-05-02,Juan Perez,Servicio de consultoria,11,11750.50,transferencia
V-20451,2026-05-03,Marta Gomez,Toner HP,12,11887.51,tarjeta
V-20452,2026-05-04,Kiosco El Sol,Servicio mensual,13,12024.52,efectivo
V-20453,2026-05-05,Ferreteria Nuñez,Cuaderno,14,12161.53,transferencia
V-20454,2026-05-06,Estudio Contable RyR,Mouse inalambrico,15,12298.54,tarjeta
V-20455,2026-05-07,Bar La Esquina,Servicio de consultoria,16,12435.55,efectivo
V-20456,2026-05-08,Distribuidora Sur,Toner HP,17,12572.56,transferencia
V-20457,2026-05-09,Panaderia Ortiz,Servicio mensual,18,12709.57,tarjeta
V-20458,2026-05-10,Optica Vision,Cuaderno,19,12846.58,efectivo
V-20459,2026-05-11,Tech Solutions,Mouse inalambrico,20,12983.59,transferencia
V-20460,2026-05-12,Farmacia Central,Servicio de consultoria,1,13120.60,tarjeta
V-20461,2026-05-13,Hotel Plaza,Toner HP,2,13257.61,efectivo
V-20462,2026-05-14,Comercial Andrade,Servicio mensual,3,13394.62,transferencia
V-20463,2026-05-15,Garcia SA,Cuaderno,4,13531.63,tarjeta
V-20464,2026-05-16,Juan Perez,Mouse inalambrico,5,13668.64,efectivo
V-20465,2026-05-17,Marta Gomez,Servicio de consultoria,6,13805.65,transferencia
V-20466,2026-05-18,Kiosco El Sol,Toner HP,7,13942.66,tarjeta
V-20467,2026-05-19,Ferreteria Nuñez,Servicio mensual,8,14079.67,efectivo
V-20468,2026-05-20,Estudio Contable RyR,Cuaderno,9,14216.68,transferencia
V-20469,2026-05-21,Bar La Esquina,Mouse inalambrico,10,14353.69,tarjeta
V-20470,2026-05-22,Distribuidora Sur,Servicio de consultoria,11,14490.70,efectivo
V-20471,2026-05-23,Panaderia Ortiz,Toner HP,12,14627.71,transferencia
V-20472,2026-05-24,Optica Vision,Servicio mensual,13,14764.72,tarjeta
V-20473,2026-05-25,Tech Solutions,Cuaderno,14,14901.73,efectivo
V-20474,2026-05-26,Farmacia Central,Mouse inalambrico,15,15038.74,transferencia
V-20475,2026-05-27,Hotel Plaza,Servicio de consultoria,16,15175.75,tarjeta
V-20476,2026-05-28,Comercial Andrade,Toner HP,17,15312.76,efectivo
V-20477,2026-05-01,Garcia SA,Servicio mensual,18,15449.77,transferencia
V-20478,2026-05-02,Juan Perez,Cuaderno,19,15586.78,tarjeta
V-20479,2026-05-03,Marta Gomez,Mouse inalambrico,20,15723.79,efectivo
V-20480,2026-05-04,Kiosco El Sol,Servicio de consultoria,1,15860.80,transferencia
V-20481,2026-05-05,Ferreteria Nuñez,Toner HP,2,15997.81,tarjeta
V-20482,2026-05-06,Estudio Contable RyR,Servicio mensual,3,16134.82,efectivo
V-20483,2026-05-07,Bar La Esquina,Cuaderno,4,16271.83,transferencia
V-20484,2026-05-08,Distribuidora Sur,Mouse inalambrico,5,16408.84,tarjeta
V-20485,2026-05-09,Panaderia Ortiz,Servicio de consultoria,6,16545.85,efectivo
V-20486,2026-05-10,Optica Vision,Toner HP,7,16682.86,transferencia
V-20487,2026-05-11,Tech Solutions,Servicio mensual,8,16819.87,tarjeta
V-20488,2026-05-12,Farmacia Central,Cuaderno,9,16956.88,efectivo
V-20489,2026-05-13,Hotel Plaza,Mouse inalambrico,10,17093.89,transferencia
V-20490,2026-05-14,Comercial Andrade,Servicio de consultoria,11,17230.90,tarjeta
V-20491,2026-05-15,Garcia SA,Toner HP,12,17367.91,efectivo
V-20492,2026-05-16,Juan Perez,Servicio mensual,13,17504.92,transferencia
V-20493,2026-05-17,Marta Gomez,Cuaderno,14,17641.93,tarjeta
V-20494,2026-05-18,Kiosco El Sol,Mouse inalambrico,15,17778.94,efectivo
V-20495,2026-05-19,Ferreteria Nuñez,Servicio de consultoria,16,17915.95,transferencia
V-20496,2026-05-20,Estudio Contable RyR,Toner HP,17,18052.96,tarjeta
V-20497,2026-05-21,Bar La Esquina,Servicio mensual,18,18189.97,efectivo
V-20498,2026-05-22,Distribuidora Sur,Cuaderno,19,18326.98,transferencia
V-20499,2026-05-23,Panaderia Ortiz,Mouse inalambrico,20,18463.99,tarjeta
V-20500,2026-05-24,Optica Vision,Servicio de consultoria,1,18600.00,efectivo
V-20501,2026-05-25,Tech Solutions,Toner HP,2,18737.01,transferencia
V-20502,2026-05-26,Farmacia Central,Servicio mensual,3,18874.02,tarjeta
V-20503,2026-05-27,Hotel Plaza,Cuaderno,4,19011.03,efectivo
V-20504,2026-05-28,Comercial Andrade,Mouse inalambrico,5,19148.04,transferencia
V-20505,2026-05-01,Garcia SA,Servicio de consultoria,6,19285.05,tarjeta
V-20506,2026-05-02,Juan Perez,Toner HP,7,19422.06,efectivo
V-20507,2026-05-03,Marta Gomez,Servicio mensual,8,19559.07,transferencia
V-20508,2026-05-04,Kiosco El Sol,Cuaderno,9,19696.08,tarjeta
V-20509,2026-05-05,Ferreteria Nuñez,Mouse inalambrico,10,19833.09,efectivo
V-20510,2026-05-06,Estudio Contable RyR,Servicio de consultoria,11,19970.10,transferencia
V-20511,2026-05-07,Bar La Esquina,Toner HP,12,20107.11,tarjeta
V-20512,2026-05-08,Distribuidora Sur,Servicio mensual,13,20244.12,efectivo
V-20513,2026-05-09,Panaderia Ortiz,Cuaderno,14,20381.13,transferencia
V-20514,2026-05-10,Optica Vision,Mouse inalambrico,15,20518.14,tarjeta
V-20515,2026-05-11,Tech Solutions,Servicio de consultoria,16,20655.15,efectivo
V-20516,2026-05-12,Farmacia Central,Toner HP,17,20792.16,transferencia
V-20517,2026-05-13,Hotel Plaza,Servicio mensual,18,20929.17,tarjeta
V-20518,2026-05-14,Comercial Andrade,Cuaderno,19,21066.18,efectivo
V-20519,2026-05-15,Garcia SA,Mouse inalambrico,20,21203.19,transferencia
V-20520,2026-05-16,Juan Perez,Servicio de consultoria,1,21340.20,tarjeta
V-20521,2026-05-17,Marta Gomez,Toner HP,2,21477.21,efectivo
V-20522,2026-05-18,Kiosco El Sol,Servicio mensual,3,21614.22,transferencia
V-20523,2026-05-19,Ferreteria Nuñez,Cuaderno,4,21751.23,tarjeta
V-20524,2026-05-20,Estudio Contable RyR,Mouse inalambrico,5,21888.24,efectivo
V-20525,2026-05-21,Bar La Esquina,Servicio de consultoria,6,22025.25,transferencia
V-20526,2026-05-22,Distribuidora Sur,Toner HP,7,22162.26,tarjeta
V-20527,2026-05-23,Panaderia Ortiz,Servicio mensual,8,22299.27,efectivo
V-20528,2026-05-24,Optica Vision,Cuaderno,9,22436.28,transferencia
V-20529,2026-05-25,Tech Solutions,Mouse inalambrico,10,22573.29,tarjeta
V-20530,2026-05-26,Farmacia Central,Servicio de consultoria,11,22710.30,efectivo
V-20531,2026-05-27,Hotel Plaza,Toner HP,12,22847.31,transferencia
V-20532,2026-05-28,Comercial Andrade,Servicio mensual,13,22984.32,tarjeta
V-20533,2026-05-01,Garcia SA,Cuaderno,14,23121.33,efectivo
V-20534,2026-05-02,Juan Perez,Mouse inalambrico,15,23258.34,transferencia
V-20535,2026-05-03,Marta Gomez,Servicio de consultoria,16,23395.35,tarjeta
V-20536,2026-05-04,Kiosco El Sol,Toner HP,17,23532.36,efectivo
V-20537,2026-05-05,Ferreteria Nuñez,Servicio mensual,18,23669.37,transferencia
V-20538,2026-05-06,Estudio Contable RyR,Cuaderno,19,23806.38,tarjeta
V-20539,2026-05-07,Bar La Esquina,Mouse inalambrico,20,23943.39,efectivo
V-20540,2026-05-08,Distribuidora Sur,Servicio de consultoria,1,24080.40,transferencia
V-20541,2026-05-09,Panaderia Ortiz,Toner HP,2,24217.41,tarjeta
V-20542,2026-05-10,Optica Vision,Servicio mensual,3,24354.42,efectivo
V-20543,2026-05-11,Tech Solutions,Cuaderno,4,24491.43,transferencia
V-20544,2026-05-12,Farmacia Central,Mouse inalambrico,5,24628.44,tarjeta
V-20545,2026-05-13,Hotel Plaza,Servicio de consultoria,6,24765.45,efectivo
V-20546,2026-05-14,Comercial Andrade,Toner HP,7,24902.46,transferencia
V-20547,2026-05-15,Garcia SA,Servicio mensual,8,25039.47,tarjeta
V-20548,2026-05-16,Juan Perez,Cuaderno,9,25176.48,efectivo
V-20549,2026-05-17,Marta Gomez,Mouse inalambrico,10,25313.49,transferencia
V-20550,2026-05-18,Kiosco El Sol,Servicio de consultoria,11,25450.50,tarjeta
V-20551,2026-05-19,Ferreteria Nuñez,Toner HP,12,25587.51,efectivo
V-20552,2026-05-20,Estudio Contable RyR,Servicio mensual,13,25724.52,transferencia
V-20553,2026-05-21,Bar La Esquina,Cuaderno,14,25861.53,tarjeta
V-20554,2026-05-22,Distribuidora Sur,Mouse inalambrico,15,25998.54,efectivo
V-20555,2026-05-23,Panaderia Ortiz,Servicio de consultoria,16,26135.55,transferencia
V-20556,2026-05-24,Optica Vision,Toner HP,17,26272.56,tarjeta
V-20557,2026-05-25,Tech Solutions,Servicio mensual,18,26409.57,efectivo
V-20558,2026-05-26,Farmacia Central,Cuaderno,19,26546.58,transferencia
V-20559,2026-05-27,Hotel Plaza,Mouse inalambrico,20,26683.59,tarjeta
V-20560,2026-05-28,Comercial Andrade,Servicio de consultoria,1,26820.60,efectivo
V-20561,2026-05-01,Garcia SA,Toner HP,2,26957.61,transferencia
V-20562,2026-05-02,Juan Perez,Servicio mensual,3,27094.62,tarjeta
V-20563,2026-05-03,Marta Gomez,Cuaderno,4,27231.63,efectivo
V-20564,2026-05-04,Kiosco El Sol,Mouse inalambrico,5,27368.64,transferencia
V-20565,2026-05-05,Ferreteria Nuñez,Servicio de consultoria,6,27505.65,tarjeta
V-20566,2026-05-06,Estudio Contable RyR,Toner HP,7,27642.66,efectivo
V-20567,2026-05-07,Bar La Esquina,Servicio mensual,8,27779.67,transferencia
V-20568,2026-05-08,Distribuidora Sur,Cuaderno,9,27916.68,tarjeta
V-20569,2026-05-09,Panaderia Ortiz,Mouse inalambrico,10,28053.69,efectivo
V-20570,2026-05-10,Optica Vision,Servicio de consultoria,11,28190.70,transferencia
V-20571,2026-05-11,Tech Solutions,Toner HP,12,28327.71,tarjeta
V-20572,2026-05-12,Farmacia Central,Servicio mensual,13,28464.72,efectivo
V-20573,2026-05-13,Hotel Plaza,Cuaderno,14,28601.73,transferencia
V-20574,2026-05-14,Comercial Andrade,Mouse inalambrico,15,28738.74,tarjeta
V-20575,2026-05-15,Garcia SA,Servicio de consultoria,16,28875.75,efectivo
V-20576,2026-05-16,Juan Perez,Toner HP,17,29012.76,transferencia
V-20577,2026-05-17,Marta Gomez,Servicio mensual,18,29149.77,tarjeta
V-20578,2026-05-18,Kiosco El Sol,Cuaderno,19,29286.78,efectivo
V-20579,2026-05-19,Ferreteria Nuñez,Mouse inalambrico,20,29423.79,transferencia
V-20580,2026-05-20,Estudio Contable RyR,Servicio de consultoria,1,29560.80,tarjeta
V-20581,2026-05-21,Bar La Esquina,Toner HP,2,29697.81,efectivo
V-20582,2026-05-22,Distribuidora Sur,Servicio mensual,3,29834.82,transferencia
V-20583,2026-05-23,Panaderia Ortiz,Cuaderno,4,29971.83,tarjeta
V-20584,2026-05-24,Optica Vision,Mouse inalambrico,5,30108.84,efectivo
V-20585,2026-05-25,Tech Solutions,Servicio de consultoria,6,30245.85,transferencia
V-20586,2026-05-26,Farmacia Central,Toner HP,7,30382.86,tarjeta
V-20587,2026-05-27,Hotel Plaza,Servicio mensual,8,30519.87,efectivo
V-20588,2026-05-28,Comercial Andrade,Cuaderno,9,30656.88,transferencia
V-20589,2026-05-01,Garcia SA,Mouse inalambrico,10,30793.89,tarjeta
V-20590,2026-05-02,Juan Perez,Servicio de consultoria,11,30930.90,efectivo
V-20591,2026-05-03,Marta Gomez,Toner HP,12,31067.91,transferencia
V-20592,2026-05-04,Kiosco El Sol,Servicio mensual,13,31204.92,tarjeta
V-20593,2026-05-05,Ferreteria Nuñez,Cuaderno,14,31341.93,efectivo
V-20594,2026-05-06,Estudio Contable RyR,Mouse inalambrico,15,31478.94,transferencia
V-20595,2026-05-07,Bar La Esquina,Servicio de consultoria,16,31615.95,tarjeta
V-20596,2026-05-08,Distribuidora Sur,Toner HP,17,31752.96,efectivo
V-20597,2026-05-09,Panaderia Ortiz,Servicio mensual,18,31889.97,transferencia
V-20598,2026-05-10,Optica Vision,Cuaderno,19,32026.98,tarjeta
V-20599,2026-05-11,Tech Solutions,Mouse inalambrico,20,32163.99,efectivo
V-20600,2026-05-12,Farmacia Central,Servicio de consultoria,1,32300.00,transferencia
V-20601,2026-05-13,Hotel Plaza,Toner HP,2,32437.01,tarjeta
V-20602,2026-05-14,Comercial Andrade,Servicio mensual,3,32574.02,efectivo
V-20603,2026-05-15,Garcia SA,Cuaderno,4,32711.03,transferencia
V-20604,2026-05-16,Juan Perez,Mouse inalambrico,5,32848.04,tarjeta
V-20605,2026-05-17,Marta Gomez,Servicio de consultoria,6,32985.05,efectivo
V-20606,2026-05-18,Kiosco El Sol,Toner HP,7,33122.06,transferencia
V-20607,2026-05-19,Ferreteria Nuñez,Servicio mensual,8,33259.07,tarjeta
V-20608,2026-05-20,Estudio Contable RyR,Cuaderno,9,33396.08,efectivo
V-20609,2026-05-21,Bar La Esquina,Mouse inalambrico,10,33533.09,transferencia
V-20610,2026-05-22,Distribuidora Sur,Servicio de consultoria,11,33670.10,tarjeta
V-20611,2026-05-23,Panaderia Ortiz,Toner HP,12,33807.11,efectivo
V-20612,2026-05-24,Optica Vision,Servicio mensual,13,33944.12,transferencia
V-20613,2026-05-25,Tech Solutions,Cuaderno,14,34081.13,tarjeta
V-20614,2026-05-26,Farmacia Central,Mouse inalambrico,15,34218.14,efectivo
V-20615,2026-05-27,Hotel Plaza,Servicio de consultoria,16,34355.15,transferencia
V-20616,2026-05-28,Comercial Andrade,Toner HP,17,34492.16,tarjeta
V-20617,2026-05-01,Garcia SA,Servicio mensual,18,34629.17,efectivo
V-20618,2026-05-02,Juan Perez,Cuaderno,19,34766.18,transferencia
V-20619,2026-05-03,Marta Gomez,Mouse inalambrico,20,34903.19,tarjeta
V-20620,2026-05-04,Kiosco El Sol,Servicio de consultoria,1,35040.20,efectivo
V-20621,2026-05-05,Ferreteria Nuñez,Toner HP,2,35177.21,transferencia
V-20622,2026-05-06,Estudio Contable RyR,Servicio mensual,3,35314.22,tarjeta
V-20623,2026-05-07,Bar La Esquina,Cuaderno,4,35451.23,efectivo
V-20624,2026-05-08,Distribuidora Sur,Mouse inalambrico,5,35588.24,transferencia
V-20625,2026-05-09,Panaderia Ortiz,Servicio de consultoria,6,35725.25,tarjeta
V-20626,2026-05-10,Optica Vision,Toner HP,7,35862.26,efectivo
V-20627,2026-05-11,Tech Solutions,Servicio mensual,8,35999.27,transferencia
V-20628,2026-05-12,Farmacia Central,Cuaderno,9,36136.28,tarjeta
V-20629,2026-05-13,Hotel Plaza,Mouse inalambrico,10,36273.29,efectivo
V-20630,2026-05-14,Comercial Andrade,Servicio de consultoria,11,36410.30,transferencia
V-20631,2026-05-15,Garcia SA,Toner HP,12,36547.31,tarjeta
V-20632,2026-05-16,Juan Perez,Servicio mensual,13,36684.32,efectivo
V-20633,2026-05-17,Marta Gomez,Cuaderno,14,36821.33,transferencia
V-20634,2026-05-18,Kiosco El Sol,Mouse inalambrico,15,36958.34,tarjeta
V-20635,2026-05-19,Ferreteria Nuñez,Servicio de consultoria,16,37095.35,efectivo
V-20636,2026-05-20,Estudio Contable RyR,Toner HP,17,37232.36,transferencia
V-20637,2026-05-21,Bar La Esquina,Servicio mensual,18,37369.37,tarjeta
V-20638,2026-05-22,Distribuidora Sur,Cuaderno,19,37506.38,efectivo
V-20639,2026-05-23,Panaderia Ortiz,Mouse inalambrico,20,37643.39,transferencia
V-20640,2026-05-24,Optica Vision,Servicio de consultoria,1,37780.40,tarjeta
V-20641,2026-05-25,Tech Solutions,Toner HP,2,37917.41,efectivo
V-20642,2026-05-26,Farmacia Central,Servicio mensual,3,38054.42,transferencia
V-20643,2026-05-27,Hotel Plaza,Cuaderno,4,38191.43,tarjeta
V-20644,2026-05-28,Comercial Andrade,Mouse inalambrico,5,38328.44,efectivo
V-20645,2026-05-01,Garcia SA,Servicio de consultoria,6,38465.45,transferencia
V-20646,2026-05-02,Juan Perez,Toner HP,7,38602.46,tarjeta
V-20647,2026-05-03,Marta Gomez,Servicio mensual,8,38739.47,efectivo
V-20648,2026-05-04,Kiosco El Sol,Cuaderno,9,38876.48,transferencia
V-20649,2026-05-05,Ferreteria Nuñez,Mouse inalambrico,10,39013.49,tarjeta
V-20650,2026-05-06,Estudio Contable RyR,Servicio de consultoria,11,39150.50,efectivo
V-20651,2026-05-07,Bar La Esquina,Toner HP,12,39287.51,transferencia
V-20652,2026-05-08,Distribuidora Sur,Servicio mensual,13,39424.52,tarjeta
V-20653,2026-05-09,Panaderia Ortiz,Cuaderno,14,39561.53,efectivo
V-20654,2026-05-10,Optica Vision,Mouse inalambrico,15,39698.54,transferencia
V-20655,2026-05-11,Tech Solutions,Servicio de consultoria,16,39835.55,tarjeta
V-20656,2026-05-12,Farmacia Central,Toner HP,17,39972.56,efectivo
V-20657,2026-05-13,Hotel Plaza,Servicio mensual,18,40109.57,transferencia
V-20658,2026-05-14,Comercial Andrade,Cuaderno,19,40246.58,tarjeta
V-20659,2026-05-15,Garcia SA,Mouse inalambrico,20,40383.59,efectivo
V-20660,2026-05-16,Juan Perez,Servicio de consultoria,1,40520.60,transferencia
V-20661,2026-05-17,Marta Gomez,Toner HP,2,40657.61,tarjeta
V-20662,2026-05-18,Kiosco El Sol,Servicio mensual,3,40794.62,efectivo
V-20663,2026-05-19,Ferreteria Nuñez,Cuaderno,4,40931.63,transferencia
V-20664,2026-05-20,Estudio Contable RyR,Mouse inalambrico,5,41068.64,tarjeta
V-20665,2026-05-21,Bar La Esquina,Servicio de consultoria,6,41205.65,efectivo
V-20666,2026-05-22,Distribuidora Sur,Toner HP,7,41342.66,transferencia
V-20667,2026-05-23,Panaderia Ortiz,Servicio mensual,8,41479.67,tarjeta
V-20668,2026-05-24,Optica Vision,Cuaderno,9,41616.68,efectivo
V-20669,2026-05-25,Tech Solutions,Mouse inalambrico,10,41753.69,transferencia
V-20670,2026-05-26,Farmacia Central,Servicio de consultoria,11,41890.70,tarjeta
V-20671,2026-05-27,Hotel Plaza,Toner HP,12,42027.71,efectivo
V-20672,2026-05-28,Comercial Andrade,Servicio mensual,13,42164.72,transferencia
V-20673,2026-05-01,Garcia SA,Cuaderno,14,42301.73,tarjeta
V-20674,2026-05-02,Juan Perez,Mouse inalambrico,15,42438.74,efectivo
V-20675,2026-05-03,Marta Gomez,Servicio de consultoria,16,42575.75,transferencia
V-20676,2026-05-04,Kiosco El Sol,Toner HP,17,42712.76,tarjeta
V-20677,2026-05-05,Ferreteria Nuñez,Servicio mensual,18,42849.77,efectivo
V-20678,2026-05-06,Estudio Contable RyR,Cuaderno,19,42986.78,transferencia
V-20679,2026-05-07,Bar La Esquina,Mouse inalambrico,20,43123.79,tarjeta
V-20680,2026-05-08,Distribuidora Sur,Servicio de consultoria,1,43260.80,efectivo
V-20681,2026-05-09,Panaderia Ortiz,Toner HP,2,43397.81,transferencia
V-20682,2026-05-10,Optica Vision,Servicio mensual,3,43534.82,tarjeta
V-20683,2026-05-11,Tech Solutions,Cuaderno,4,43671.83,efectivo
V-20684,2026-05-12,Farmacia Central,Mouse inalambrico,5,43808.84,transferencia
V-20685,2026-05-13,Hotel Plaza,Servicio de consultoria,6,43945.85,tarjeta
V-20686,2026-05-14,Comercial Andrade,Toner HP,7,44082.86,efectivo
V-20687,2026-05-15,Garcia SA,Servicio mensual,8,44219.87,transferencia
V-20688,2026-05-16,Juan Perez,Cuaderno,9,44356.88,tarjeta
V-20689,2026-05-17,Marta Gomez,Mouse inalambrico,10,44493.89,efectivo
V-20690,2026-05-18,Kiosco El Sol,Servicio de consultoria,11,44630.90,transferencia
V-20691,2026-05-19,Ferreteria Nuñez,Toner HP,12,44767.91,tarjeta
V-20692,2026-05-20,Estudio Contable RyR,Servicio mensual,13,44904.92,efectivo
V-20693,2026-05-21,Bar La Esquina,Cuaderno,14,45041.93,transferencia
V-20694,2026-05-22,Distribuidora Sur,Mouse inalambrico,15,45178.94,tarjeta
V-20695,2026-05-23,Panaderia Ortiz,Servicio de consultoria,16,45315.95,efectivo
V-20696,2026-05-24,Optica Vision,Toner HP,17,45452.96,transferencia
V-20697,2026-05-25,Tech Solutions,Servicio mensual,18,45589.97,tarjeta
V-20698,2026-05-26,Farmacia Central,Cuaderno,19,45726.98,efectivo
V-20699,2026-05-27,Hotel Plaza,Mouse inalambrico,20,45863.99,transferencia
V-20700,2026-05-28,Comercial Andrade,Servicio de consultoria,1,46000.00,tarjeta
V-20701,2026-05-01,Garcia SA,Toner HP,2,46137.01,efectivo
V-20702,2026-05-02,Juan Perez,Servicio mensual,3,46274.02,transferencia
V-20703,2026-05-03,Marta Gomez,Cuaderno,4,46411.03,tarjeta
V-20704,2026-05-04,Kiosco El Sol,Mouse inalambrico,5,46548.04,efectivo
V-20705,2026-05-05,Ferreteria Nuñez,Servicio de consultoria,6,46685.05,transferencia
V-20706,2026-05-06,Estudio Contable RyR,Toner HP,7,46822.06,tarjeta
V-20707,2026-05-07,Bar La Esquina,Servicio mensual,8,46959.07,efectivo
V-20708,2026-05-08,Distribuidora Sur,Cuaderno,9,47096.08,transferencia
V-20709,2026-05-09,Panaderia Ortiz,Mouse inalambrico,10,47233.09,tarjeta
V-20710,2026-05-10,Optica Vision,Servicio de consultoria,11,47370.10,efectivo
V-20711,2026-05-11,Tech Solutions,Toner HP,12,47507.11,transferencia
V-20712,2026-05-12,Farmacia Central,Servicio mensual,13,47644.12,tarjeta
V-20713,2026-05-13,Hotel Plaza,Cuaderno,14,47781.13,efectivo
V-20714,2026-05-14,Comercial Andrade,Mouse inalambrico,15,47918.14,transferencia
V-20715,2026-05-15,Garcia SA,Servicio de consultoria,16,48055.15,tarjeta
V-20716,2026-05-16,Juan Perez,Toner HP,17,48192.16,efectivo
V-20717,2026-05-17,Marta Gomez,Servicio mensual,18,48329.17,transferencia
V-20718,2026-05-18,Kiosco El Sol,Cuaderno,19,48466.18,tarjeta
V-20719,2026-05-19,Ferreteria Nuñez,Mouse inalambrico,20,48603.19,efectivo
V-20720,2026-05-20,Estudio Contable RyR,Servicio de consultoria,1,48740.20,transferencia
V-20721,2026-05-21,Bar La Esquina,Toner HP,2,48877.21,tarjeta
V-20722,2026-05-22,Distribuidora Sur,Servicio mensual,3,49014.22,efectivo
V-20723,2026-05-23,Panaderia Ortiz,Cuaderno,4,49151.23,transferencia
V-20724,2026-05-24,Optica Vision,Mouse inalambrico,5,49288.24,tarjeta
V-20725,2026-05-25,Tech Solutions,Servicio de consultoria,6,49425.25,efectivo
V-20726,2026-05-26,Farmacia Central,Toner HP,7,49562.26,transferencia
V-20727,2026-05-27,Hotel Plaza,Servicio mensual,8,49699.27,tarjeta
V-20728,2026-05-28,Comercial Andrade,Cuaderno,9,49836.28,efectivo
V-20729,2026-05-01,Garcia SA,Mouse inalambrico,10,49973.29,transferencia
V-20730,2026-05-02,Juan Perez,Servicio de consultoria,11,110.30,tarjeta
V-20731,2026-05-03,Marta Gomez,Toner HP,12,247.31,efectivo
V-20732,2026-05-04,Kiosco El Sol,Servicio mensual,13,384.32,transferencia
V-20733,2026-05-05,Ferreteria Nuñez,Cuaderno,14,521.33,tarjeta
V-20734,2026-05-06,Estudio Contable RyR,Mouse inalambrico,15,658.34,efectivo
V-20735,2026-05-07,Bar La Esquina,Servicio de consultoria,16,795.35,transferencia
V-20736,2026-05-08,Distribuidora Sur,Toner HP,17,932.36,tarjeta
V-20737,2026-05-09,Panaderia Ortiz,Servicio mensual,18,1069.37,efectivo
V-20738,2026-05-10,Optica Vision,Cuaderno,19,1206.38,transferencia
V-20739,2026-05-11,Tech Solutions,Mouse inalambrico,20,1343.39,tarjeta
V-20740,2026-05-12,Farmacia Central,Servicio de consultoria,1,1480.40,efectivo
V-20741,2026-05-13,Hotel Plaza,Toner HP,2,1617.41,transferencia
V-20742,2026-05-14,Comercial Andrade,Servicio mensual,3,1754.42,tarjeta
V-20743,2026-05-15,Garcia SA,Cuaderno,4,1891.43,efectivo
V-20744,2026-05-16,Juan Perez,Mouse inalambrico,5,2028.44,transferencia
V-20745,2026-05-17,Marta Gomez,Servicio de consultoria,6,2165.45,tarjeta
V-20746,2026-05-18,Kiosco El Sol,Toner HP,7,2302.46,efectivo
V-20747,2026-05-19,Ferreteria Nuñez,Servicio mensual,8,2439.47,transferencia
V-20748,2026-05-20,Estudio Contable RyR,Cuaderno,9,2576.48,tarjeta
V-20749,2026-05-21,Bar La Esquina,Mouse inalambrico,10,2713.49,efectivo
V-20750,2026-05-22,Distribuidora Sur,Servicio de consultoria,11,2850.50,transferencia
V-20751,2026-05-23,Panaderia Ortiz,Toner HP,12,2987.51,tarjeta
V-20752,2026-05-24,Optica Vision,Servicio mensual,13,3124.52,efectivo
V-20753,2026-05-25,Tech Solutions,Cuaderno,14,3261.53,transferencia
V-20754,2026-05-26,Farmacia Central,Mouse inalambrico,15,3398.54,tarjeta
V-20755,2026-05-27,Hotel Plaza,Servicio de consultoria,16,3535.55,efectivo
V-20756,2026-05-28,Comercial Andrade,Toner HP,17,3672.56,transferencia
V-20757,2026-05-01,Garcia SA,Servicio mensual,18,3809.57,tarjeta
V-20758,2026-05-02,Juan Perez,Cuaderno,19,3946.58,efectivo
V-20759,2026-05-03,Marta Gomez,Mouse inalambrico,20,4083.59,transferencia
V-20760,2026-05-04,Kiosco El Sol,Servicio de consultoria,1,4220.60,tarjeta
V-20761,2026-05-05,Ferreteria Nuñez,Toner HP,2,4357.61,efectivo
V-20762,2026-05-06,Estudio Contable RyR,Servicio mensual,3,4494.62,transferencia
V-20763,2026-05-07,Bar La Esquina,Cuaderno,4,4631.63,tarjeta
V-20764,2026-05-08,Distribuidora Sur,Mouse inalambrico,5,4768.64,efectivo
V-20765,2026-05-09,Panaderia Ortiz,Servicio de consultoria,6,4905.65,transferencia
V-20766,2026-05-10,Optica Vision,Toner HP,7,5042.66,tarjeta
V-20767,2026-05-11,Tech Solutions,Servicio mensual,8,5179.67,efectivo
V-20768,2026-05-12,Farmacia Central,Cuaderno,9,5316.68,transferencia
V-20769,2026-05-13,Hotel Plaza,Mouse inalambrico,10,5453.69,tarjeta
V-20770,2026-05-14,Comercial Andrade,Servicio de consultoria,11,5590.70,efectivo
V-20771,2026-05-15,Garcia SA,Toner HP,12,5727.71,transferencia
V-20772,2026-05-16,Juan Perez,Servicio mensual,13,5864.72,tarjeta
V-20773,2026-05-17,Marta Gomez,Cuaderno,14,6001.73,efectivo
V-20774,2026-05-18,Kiosco El Sol,Mouse inalambrico,15,6138.74,transferencia
V-20775,2026-05-19,Ferreteria Nuñez,Servicio de consultoria,16,6275.75,tarjeta
V-20776,2026-05-20,Estudio Contable RyR,Toner HP,17,6412.76,efectivo
V-20777,2026-05-21,Bar La Esquina,Servicio mensual,18,6549.77,transferencia
V-20778,2026-05-22,Distribuidora Sur,Cuaderno,19,6686.78,tarjeta
V-20779,2026-05-23,Panaderia Ortiz,Mouse inalambrico,20,6823.79,efectivo
V-20780,2026-05-24,Optica Vision,Servicio de consultoria,1,6960.80,transferencia
V-20781,2026-05-25,Tech Solutions,Toner HP,2,7097.81,tarjeta
V-20782,2026-05-26,Farmacia Central,Servicio mensual,3,7234.82,efectivo
V-20783,2026-05-27,Hotel Plaza,Cuaderno,4,7371.83,transferencia
V-20784,2026-05-28,Comercial Andrade,Mouse inalambrico,5,7508.84,tarjeta
V-20785,2026-05-01,Garcia SA,Servicio de consultoria,6,7645.85,efectivo
V-20786,2026-05-02,Juan Perez,Toner HP,7,7782.86,transferencia
V-20787,2026-05-03,Marta Gomez,Servicio mensual,8,7919.87,tarjeta
V-20788,2026-05-04,Kiosco El Sol,Cuaderno,9,8056.88,efectivo
V-20789,2026-05-05,Ferreteria Nuñez,Mouse inalambrico,10,8193.89,transferencia
V-20790,2026-05-06,Estudio Contable RyR,Servicio de consultoria,11,8330.90,tarjeta
V-20791,2026-05-07,Bar La Esquina,Toner HP,12,8467.91,efectivo
V-20792,2026-05-08,Distribuidora Sur,Servicio mensual,13,8604.92,transferencia
V-20793,2026-05-09,Panaderia Ortiz,Cuaderno,14,8741.93,tarjeta
V-20794,2026-05-10,Optica Vision,Mouse inalambrico,15,8878.94,efectivo
V-20795,2026-05-11,Tech Solutions,Servicio de consultoria,16,9015.95,transferencia
V-20796,2026-05-12,Farmacia Central,Toner HP,17,9152.96,tarjeta
V-20797,2026-05-13,Hotel Plaza,Servicio mensual,18,9289.97,efectivo
V-20798,2026-05-14,Comercial Andrade,Cuaderno,19,9426.98,transferencia
V-20799,2026-05-15,Garcia SA,Mouse inalambrico,20,9563.99,tarjeta
V-20800,2026-05-16,Juan Perez,Servicio de consultoria,1,9700.00,efectivo
V-20801,2026-05-17,Marta Gomez,Toner HP,2,9837.01,transferencia
V-20802,2026-05-18,Kiosco El Sol,Servicio mensual,3,9974.02,tarjeta
V-20803,2026-05-19,Ferreteria Nuñez,Cuaderno,4,10111.03,efectivo
V-20804,2026-05-20,Estudio Contable RyR,Mouse inalambrico,5,10248.04,transferencia
V-20805,2026-05-21,Bar La Esquina,Servicio de consultoria,6,10385.05,tarjeta
V-20806,2026-05-22,Distribuidora Sur,Toner HP,7,10522.06,efectivo
V-20807,2026-05-23,Panaderia Ortiz,Servicio mensual,8,10659.07,transferencia
V-20808,2026-05-24,Optica Vision,Cuaderno,9,10796.08,tarjeta
V-20809,2026-05-25,Tech Solutions,Mouse inalambrico,10,10933.09,efectivo
V-20810,2026-05-26,Farmacia Central,Servicio de consultoria,11,11070.10,transferencia
V-20811,2026-05-27,Hotel Plaza,Toner HP,12,11207.11,tarjeta
V-20812,2026-05-28,Comercial Andrade,Servicio mensual,13,11344.12,efectivo
V-20813,2026-05-01,Garcia SA,Cuaderno,14,11481.13,transferencia
V-20814,2026-05-02,Juan Perez,Mouse inalambrico,15,11618.14,tarjeta
V-20815,2026-05-03,Marta Gomez,Servicio de consultoria,16,11755.15,efectivo
V-20816,2026-05-04,Kiosco El Sol,Toner HP,17,11892.16,transferencia
V-20817,2026-05-05,Ferreteria Nuñez,Servicio mensual,18,12029.17,tarjeta
V-20818,2026-05-06,Estudio Contable RyR,Cuaderno,19,12166.18,efectivo
V-20819,2026-05-07,Bar La Esquina,Mouse inalambrico,20,12303.19,transferencia
V-20820,2026-05-08,Distribuidora Sur,Servicio de consultoria,1,12440.20,tarjeta
V-20821,2026-05-09,Panaderia Ortiz,Toner HP,2,12577.21,efectivo
V-20822,2026-05-10,Optica Vision,Servicio mensual,3,12714.22,transferencia
V-20823,2026-05-11,Tech Solutions,Cuaderno,4,12851.23,tarjeta
V-20824,2026-05-12,Farmacia Central,Mouse inalambrico,5,12988.24,efectivo
V-20825,2026-05-13,Hotel Plaza,Servicio de consultoria,6,13125.25,transferencia
V-20826,2026-05-14,Comercial Andrade,Toner HP,7,13262.26,tarjeta
V-20827,2026-05-15,Garcia SA,Servicio mensual,8,13399.27,efectivo
V-20828,2026-05-16,Juan Perez,Cuaderno,9,13536.28,transferencia
V-20829,2026-05-17,Marta Gomez,Mouse inalambrico,10,13673.29,tarjeta
V-20830,2026-05-18,Kiosco El Sol,Servicio de consultoria,11,13810.30,efectivo
V-20831,2026-05-19,Ferreteria Nuñez,Toner HP,12,13947.31,transferencia
V-20832,2026-05-20,Estudio Contable RyR,Servicio mensual,13,14084.32,tarjeta
V-20833,2026-05-21,Bar La Esquina,Cuaderno,14,14221.33,efectivo
V-20834,2026-05-22,Distribuidora Sur,Mouse inalambrico,15,14358.34,transferencia
V-20835,2026-05-23,Panaderia Ortiz,Servicio de consultoria,16,14495.35,tarjeta
V-20836,2026-05-24,Optica Vision,Toner HP,17,14632.36,efectivo
V-20837,2026-05-25,Tech Solutions,Servicio mensual,18,14769.37,transferencia
V-20838,2026-05-26,Farmacia Central,Cuaderno,19,14906.38,tarjeta
V-20839,2026-05-27,Hotel Plaza,Mouse inalambrico,20,15043.39,efectivo
V-20840,2026-05-28,Comercial Andrade,Servicio de consultoria,1,15180.40,transferencia
V-20841,2026-05-01,Garcia SA,Toner HP,2,15317.41,tarjeta
V-20842,2026-05-02,Juan Perez,Servicio mensual,3,15454.42,efectivo
V-20843,2026-05-03,Marta Gomez,Cuaderno,4,15591.43,transferencia
V-20844,2026-05-04,Kiosco El Sol,Mouse inalambrico,5,15728.44,tarjeta
V-20845,2026-05-05,Ferreteria Nuñez,Servicio de consultoria,6,15865.45,efectivo
V-20846,2026-05-06,Estudio Contable RyR,Toner HP,7,16002.46,transferencia
V-20847,2026-05-07,Bar La Esquina,Servicio mensual,8,16139.47,tarjeta
V-20848,2026-05-08,Distribuidora Sur,Cuaderno,9,16276.48,efectivo
V-20849,2026-05-09,Panaderia Ortiz,Mouse inalambrico,10,16413.49,transferencia
V-20850,2026-05-10,Optica Vision,Servicio de consultoria,11,16550.50,tarjeta
V-20851,2026-05-11,Tech Solutions,Toner HP,12,16687.51,efectivo
V-20852,2026-05-12,Farmacia Central,Servicio mensual,13,16824.52,transferencia
V-20853,2026-05-13,Hotel Plaza,Cuaderno,14,16961.53,tarjeta
V-20854,2026-05-14,Comercial Andrade,Mouse inalambrico,15,17098.54,efectivo
V-20855,2026-05-15,Garcia SA,Servicio de consultoria,16,17235.55,transferencia
V-20856,2026-05-16,Juan Perez,Toner HP,17,17372.56,tarjeta
V-20857,2026-05-17,Marta Gomez,Servicio mensual,18,17509.57,efectivo
V-20858,2026-05-18,Kiosco El Sol,Cuaderno,19,17646.58,transferencia
V-20859,2026-05-19,Ferreteria Nuñez,Mouse inalambrico,20,17783.59,tarjeta
V-20860,2026-05-20,Estudio Contable RyR,Servicio de consultoria,1,17920.60,efectivo
V-20861,2026-05-21,Bar La Esquina,Toner HP,2,18057.61,transferencia
V-20862,2026-05-22,Distribuidora Sur,Servicio mensual,3,18194.62,tarjeta
V-20863,2026-05-23,Panaderia Ortiz,Cuaderno,4,18331.63,efectivo
V-20864,2026-05-24,Optica Vision,Mouse inalambrico,5,18468.64,transferencia
V-20865,2026-05-25,Tech Solutions,Servicio de consultoria,6,18605.65,tarjeta
V-20866,2026-05-26,Farmacia Central,Toner HP,7,18742.66,efectivo
V-20867,2026-05-27,Hotel Plaza,Servicio mensual,8,18879.67,transferencia
V-20868,2026-05-28,Comercial Andrade,Cuaderno,9,19016.68,tarjeta
V-20869,2026-05-01,Garcia SA,Mouse inalambrico,10,19153.69,efectivo
V-20870,2026-05-02,Juan Perez,Servicio de consultoria,11,19290.70,transferencia
V-20871,2026-05-03,Marta Gomez,Toner HP,12,19427.71,tarjeta
V-20872,2026-05-04,Kiosco El Sol,Servicio mensual,13,19564.72,efectivo
V-20873,2026-05-05,Ferreteria Nuñez,Cuaderno,14,19701.73,transferencia
V-20874,2026-05-06,Estudio Contable RyR,Mouse inalambrico,15,19838.74,tarjeta
V-20875,2026-05-07,Bar La Esquina,Servicio de consultoria,16,19975.75,efectivo
V-20876,2026-05-08,Distribuidora Sur,Toner HP,17,20112.76,transferencia
V-20877,2026-05-09,Panaderia Ortiz,Servicio mensual,18,20249.77,tarjeta
V-20878,2026-05-10,Optica Vision,Cuaderno,19,20386.78,efectivo
V-20879,2026-05-11,Tech Solutions,Mouse inalambrico,20,20523.79,transferencia
V-20880,2026-05-12,Farmacia Central,Servicio de consultoria,1,20660.80,tarjeta
V-20881,2026-05-13,Hotel Plaza,Toner HP,2,20797.81,efectivo
V-20882,2026-05-14,Comercial Andrade,Servicio mensual,3,20934.82,transferencia
V-20883,2026-05-15,Garcia SA,Cuaderno,4,21071.83,tarjeta
V-20884,2026-05-16,Juan Perez,Mouse inalambrico,5,21208.84,efectivo
V-20885,2026-05-17,Marta Gomez,Servicio de consultoria,6,21345.85,transferencia
V-20886,2026-05-18,Kiosco El Sol,Toner HP,7,21482.86,tarjeta
V-20887,2026-05-19,Ferreteria Nuñez,Servicio mensual,8,21619.87,efectivo
V-20888,2026-05-20,Estudio Contable RyR,Cuaderno,9,21756.88,transferencia
V-20889,2026-05-21,Bar La Esquina,Mouse inalambrico,10,21893.89,tarjeta
V-20890,2026-05-22,Distribuidora Sur,Servicio de consultoria,11,22030.90,efectivo
V-20891,2026-05-23,Panaderia Ortiz,Toner HP,12,22167.91,transferencia
V-20892,2026-05-24,Optica Vision,Servicio mensual,13,22304.92,tarjeta
V-20893,2026-05-25,Tech Solutions,Cuaderno,14,22441.93,efectivo
V-20894,2026-05-26,Farmacia Central,Mouse inalambrico,15,22578.94,transferencia
V-20895,2026-05-27,Hotel Plaza,Servicio de consultoria,16,22715.95,tarjeta
V-20896,2026-05-28,Comercial Andrade,Toner HP,17,22852.96,efectivo
V-20897,2026-05-01,Garcia SA,Servicio mensual,18,22989.97,transferencia
V-20898,2026-05-02,Juan Perez,Cuaderno,19,23126.98,tarjeta
V-20899,2026-05-03,Marta Gomez,Mouse inalambrico,20,23263.99,efectivo
V-20900,2026-05-04,Kiosco El Sol,Servicio de consultoria,1,23400.00,transferencia
V-20901,2026-05-05,Ferreteria Nuñez,Toner HP,2,23537.01,tarjeta
V-20902,2026-05-06,Estudio Contable RyR,Servicio mensual,3,23674.02,efectivo
V-20903,2026-05-07,Bar La Esquina,Cuaderno,4,23811.03,transferencia
V-20904,2026-05-08,Distribuidora Sur,Mouse inalambrico,5,23948.04,tarjeta
V-20905,2026-05-09,Panaderia Ortiz,Servicio de consultoria,6,24085.05,efectivo
V-20906,2026-05-10,Optica Vision,Toner HP,7,24222.06,transferencia
V-20907,2026-05-11,Tech Solutions,Servicio mensual,8,24359.07,tarjeta
V-20908,2026-05-12,Farmacia Central,Cuaderno,9,24496.08,efectivo
V-20909,2026-05-13,Hotel Plaza,Mouse inalambrico,10,24633.09,transferencia
V-20910,2026-05-14,Comercial Andrade,Servicio de consultoria,11,24770.10,tarjeta
V-20911,2026-05-15,Garcia SA,Toner HP,12,24907.11,efectivo
V-20912,2026-05-16,Juan Perez,Servicio mensual,13,25044.12,transferencia
V-20913,2026-05-17,Marta Gomez,Cuaderno,14,25181.13,tarjeta
V-20914,2026-05-18,Kiosco El Sol,Mouse inalambrico,15,25318.14,efectivo
V-20915,2026-05-19,Ferreteria Nuñez,Servicio de consultoria,16,25455.15,transferencia
V-20916,2026-05-20,Estudio Contable RyR,Toner HP,17,25592.16,tarjeta
V-20917,2026-05-21,Bar La Esquina,Servicio mensual,18,25729.17,efectivo
V-20918,2026-05-22,Distribuidora Sur,Cuaderno,19,25866.18,transferencia
V-20919,2026-05-23,Panaderia Ortiz,Mouse inalambrico,20,26003.19,tarjeta
V-20920,2026-05-24,Optica Vision,Servicio de consultoria,1,26140.20,efectivo
V-20921,2026-05-25,Tech Solutions,Toner HP,2,26277.21,transferencia
V-20922,2026-05-26,Farmacia Central,Servicio mensual,3,26414.22,tarjeta
V-20923,2026-05-27,Hotel Plaza,Cuaderno,4,26551.23,efectivo
V-20924,2026-05-28,Comercial Andrade,Mouse inalambrico,5,26688.24,transferencia
V-20925,2026-05-01,Garcia SA,Servicio de consultoria,6,26825.25,tarjeta
V-20926,2026-05-02,Juan Perez,Toner HP,7,26962.26,efectivo
V-20927,2026-05-03,Marta Gomez,Servicio mensual,8,27099.27,transferencia
V-20928,2026-05-04,Kiosco El Sol,Cuaderno,9,27236.28,tarjeta
V-20929,2026-05-05,Ferreteria Nuñez,Mouse inalambrico,10,27373.29,efectivo
V-20930,2026-05-06,Estudio Contable RyR,Servicio de consultoria,11,27510.30,transferencia
V-20931,2026-05-07,Bar La Esquina,Toner HP,12,27647.31,tarjeta
V-20932,2026-05-08,Distribuidora Sur,Servicio mensual,13,27784.32,efectivo
V-20933,2026-05-09,Panaderia Ortiz,Cuaderno,14,27921.33,transferencia
V-20934,2026-05-10,Optica Vision,Mouse inalambrico,15,28058.34,tarjeta
V-20935,2026-05-11,Tech Solutions,Servicio de consultoria,16,28195.35,efectivo
V-20936,2026-05-12,Farmacia Central,Toner HP,17,28332.36,transferencia
V-20937,2026-05-13,Hotel Plaza,Servicio mensual,18,28469.37,tarjeta
V-20938,2026-05-14,Comercial Andrade,Cuaderno,19,28606.38,efectivo
V-20939,2026-05-15,Garcia SA,Mouse inalambrico,20,28743.39,transferencia
V-20940,2026-05-16,Juan Perez,Servicio de consultoria,1,28880.40,tarjeta
V-20941,2026-05-17,Marta Gomez,Toner HP,2,29017.41,efectivo
V-20942,2026-05-18,Kiosco El Sol,Servicio mensual,3,29154.42,transferencia
V-20943,2026-05-19,Ferreteria Nuñez,Cuaderno,4,29291.43,tarjeta
V-20944,2026-05-20,Estudio Contable RyR,Mouse inalambrico,5,29428.44,efectivo
V-20945,2026-05-21,Bar La Esquina,Servicio de consultoria,6,29565.45,transferencia
V-20946,2026-05-22,Distribuidora Sur,Toner HP,7,29702.46,tarjeta
V-20947,2026-05-23,Panaderia Ortiz,Servicio mensual,8,29839.47,efectivo
V-20948,2026-05-24,Optica Vision,Cuaderno,9,29976.48,transferencia
V-20949,2026-05-25,Tech Solutions,Mouse inalambrico,10,30113.49,tarjeta
V-20950,2026-05-26,Farmacia Central,Servicio de consultoria,11,30250.50,efectivo
V-20951,2026-05-27,Hotel Plaza,Toner HP,12,30387.51,transferencia
V-20952,2026-05-28,Comercial Andrade,Servicio mensual,13,30524.52,tarjeta
V-20953,2026-05-01,Garcia SA,Cuaderno,14,30661.53,efectivo
V-20954,2026-05-02,Juan Perez,Mouse inalambrico,15,30798.54,transferencia
V-20955,2026-05-03,Marta Gomez,Servicio de consultoria,16,30935.55,tarjeta
V-20956,2026-05-04,Kiosco El Sol,Toner HP,17,31072.56,efectivo
V-20957,2026-05-05,Ferreteria Nuñez,Servicio mensual,18,31209.57,transferencia
V-20958,2026-05-06,Estudio Contable RyR,Cuaderno,19,31346.58,tarjeta
V-20959,2026-05-07,Bar La Esquina,Mouse inalambrico,20,31483.59,efectivo
V-20960,2026-05-08,Distribuidora Sur,Servicio de consultoria,1,31620.60,transferencia
V-20961,2026-05-09,Panaderia Ortiz,Toner HP,2,31757.61,tarjeta
V-20962,2026-05-10,Optica Vision,Servicio mensual,3,31894.62,efectivo
V-20963,2026-05-11,Tech Solutions,Cuaderno,4,32031.63,transferencia
V-20964,2026-05-12,Farmacia Central,Mouse inalambrico,5,32168.64,tarjeta
V-20965,2026-05-13,Hotel Plaza,Servicio de consultoria,6,32305.65,efectivo
V-20966,2026-05-14,Comercial Andrade,Toner HP,7,32442.66,transferencia
V-20967,2026-05-15,Garcia SA,Servicio mensual,8,32579.67,tarjeta
V-20968,2026-05-16,Juan Perez,Cuaderno,9,32716.68,efectivo
V-20969,2026-05-17,Marta Gomez,Mouse inalambrico,10,32853.69,transferencia
V-20970,2026-05-18,Kiosco El Sol,Servicio de consultoria,11,32990.70,tarjeta
V-20971,2026-05-19,Ferreteria Nuñez,Toner HP,12,33127.71,efectivo
V-20972,2026-05-20,Estudio Contable RyR,Servicio mensual,13,33264.72,transferencia
V-20973,2026-05-21,Bar La Esquina,Cuaderno,14,33401.73,tarjeta
V-20974,2026-05-22,Distribuidora Sur,Mouse inalambrico,15,33538.74,efectivo
V-20975,2026-05-23,Panaderia Ortiz,Servicio de consultoria,16,33675.75,transferencia
V-20976,2026-05-24,Optica Vision,Toner HP,17,33812.76,tarjeta
V-20977,2026-05-25,Tech Solutions,Servicio mensual,18,33949.77,efectivo
V-20978,2026-05-26,Farmacia Central,Cuaderno,19,34086.78,transferencia
V-20979,2026-05-27,Hotel Plaza,Mouse inalambrico,20,34223.79,tarjeta
V-20980,2026-05-28,Comercial Andrade,Servicio de consultoria,1,34360.80,efectivo
V-20981,2026-05-01,Garcia SA,Toner HP,2,34497.81,transferencia
V-20982,2026-05-02,Juan Perez,Servicio mensual,3,34634.82,tarjeta
V-20983,2026-05-03,Marta Gomez,Cuaderno,4,34771.83,efectivo
V-20984,2026-05-04,Kiosco El Sol,Mouse inalambrico,5,34908.84,transferencia
V-20985,2026-05-05,Ferreteria Nuñez,Servicio de consultoria,6,35045.85,tarjeta
V-20986,2026-05-06,Estudio Contable RyR,Toner HP,7,35182.86,efectivo
V-20987,2026-05-07,Bar La Esquina,Servicio mensual,8,35319.87,transferencia
V-20988,2026-05-08,Distribuidora Sur,Cuaderno,9,35456.88,tarjeta
V-20989,2026-05-09,Panaderia Ortiz,Mouse inalambrico,10,35593.89,efectivo
V-20990,2026-05-10,Optica Vision,Servicio de consultoria,11,35730.90,transferencia
V-20991,2026-05-11,Tech Solutions,Toner HP,12,35867.91,tarjeta
V-20992,2026-05-12,Farmacia Central,Servicio mensual,13,36004.92,efectivo
V-20993,2026-05-13,Hotel Plaza,Cuaderno,14,36141.93,transferencia
V-20994,2026-05-14,Comercial Andrade,Mouse inalambrico,15,36278.94,tarjeta
V-20995,2026-05-15,Garcia SA,Servicio de consultoria,16,36415.95,efectivo
V-20996,2026-05-16,Juan Perez,Toner HP,17,36552.96,transferencia
V-20997,2026-05-17,Marta Gomez,Servicio mensual,18,36689.97,tarjeta
V-20998,2026-05-18,Kiosco El Sol,Cuaderno,19,36826.98,efectivo
V-20999,2026-05-19,Ferreteria Nuñez,Mouse inalambrico,20,36963.99,transferencia
V-21000,2026-05-20,Estudio Contable RyR,Servicio de consultoria,1,37100.00,tarjeta
V-21001,2026-05-21,Bar La Esquina,Toner HP,2,37237.01,efectivo
V-21002,2026-05-22,Distribuidora Sur,Servicio mensual,3,37374.02,transferencia
V-21003,2026-05-23,Panaderia Ortiz,Cuaderno,4,37511.03,tarjeta
V-21004,2026-05-24,Optica Vision,Mouse inalambrico,5,37648.04,efectivo
V-21005,2026-05-25,Tech Solutions,Servicio de consultoria,6,37785.05,transferencia
V-21006,2026-05-26,Farmacia Central,Toner HP,7,37922.06,tarjeta
V-21007,2026-05-27,Hotel Plaza,Servicio mensual,8,38059.07,efectivo
V-21008,2026-05-28,Comercial Andrade,Cuaderno,9,38196.08,transferencia
V-21009,2026-05-01,Garcia SA,Mouse inalambrico,10,38333.09,tarjeta
V-21010,2026-05-02,Juan Perez,Servicio de consultoria,11,38470.10,efectivo
V-21011,2026-05-03,Marta Gomez,Toner HP,12,38607.11,transferencia
V-21012,2026-05-04,Kiosco El Sol,Servicio mensual,13,38744.12,tarjeta
V-21013,2026-05-05,Ferreteria Nuñez,Cuaderno,14,38881.13,efectivo
V-21014,2026-05-06,Estudio Contable RyR,Mouse inalambrico,15,39018.14,transferencia
V-21015,2026-05-07,Bar La Esquina,Servicio de consultoria,16,39155.15,tarjeta
V-21016,2026-05-08,Distribuidora Sur,Toner HP,17,39292.16,efectivo
V-21017,2026-05-09,Panaderia Ortiz,Servicio mensual,18,39429.17,transferencia
V-21018,2026-05-10,Optica Vision,Cuaderno,19,39566.18,tarjeta
V-21019,2026-05-11,Tech Solutions,Mouse inalambrico,20,39703.19,efectivo
V-21020,2026-05-12,Farmacia Central,Servicio de consultoria,1,39840.20,transferencia
V-21021,2026-05-13,Hotel Plaza,Toner HP,2,39977.21,tarjeta
V-21022,2026-05-14,Comercial Andrade,Servicio mensual,3,40114.22,efectivo
V-21023,2026-05-15,Garcia SA,Cuaderno,4,40251.23,transferencia
V-21024,2026-05-16,Juan Perez,Mouse inalambrico,5,40388.24,tarjeta
V-21025,2026-05-17,Marta Gomez,Servicio de consultoria,6,40525.25,efectivo
V-21026,2026-05-18,Kiosco El Sol,Toner HP,7,40662.26,transferencia
V-21027,2026-05-19,Ferreteria Nuñez,Servicio mensual,8,40799.27,tarjeta
V-21028,2026-05-20,Estudio Contable RyR,Cuaderno,9,40936.28,efectivo
V-21029,2026-05-21,Bar La Esquina,Mouse inalambrico,10,41073.29,transferencia
V-21030,2026-05-22,Distribuidora Sur,Servicio de consultoria,11,41210.30,tarjeta
V-21031,2026-05-23,Panaderia Ortiz,Toner HP,12,41347.31,efectivo
V-21032,2026-05-24,Optica Vision,Servicio mensual,13,41484.32,transferencia
V-21033,2026-05-25,Tech Solutions,Cuaderno,14,41621.33,tarjeta
V-21034,2026-05-26,Farmacia Central,Mouse inalambrico,15,41758.34,efectivo
V-21035,2026-05-27,Hotel Plaza,Servicio de consultoria,16,41895.35,transferencia
V-21036,2026-05-28,Comercial Andrade,Toner HP,17,42032.36,tarjeta
V-21037,2026-05-01,Garcia SA,Servicio mensual,18,42169.37,efectivo
V-21038,2026-05-02,Juan Perez,Cuaderno,19,42306.38,transferencia
V-21039,2026-05-03,Marta Gomez,Mouse inalambrico,20,42443.39,tarjeta
V-21040,2026-05-04,Kiosco El Sol,Servicio de consultoria,1,42580.40,efectivo
V-21041,2026-05-05,Ferreteria Nuñez,Toner HP,2,42717.41,transferencia
V-21042,2026-05-06,Estudio Contable RyR,Servicio mensual,3,42854.42,tarjeta
V-21043,2026-05-07,Bar La Esquina,Cuaderno,4,42991.43,efectivo
V-21044,2026-05-08,Distribuidora Sur,Mouse inalambrico,5,43128.44,transferencia
V-21045,2026-05-09,Panaderia Ortiz,Servicio de consultoria,6,43265.45,tarjeta
V-21046,2026-05-10,Optica Vision,Toner HP,7,43402.46,efectivo
V-21047,2026-05-11,Tech Solutions,Servicio mensual,8,43539.47,transferencia
V-21048,2026-05-12,Farmacia Central,Cuaderno,9,43676.48,tarjeta
V-21049,2026-05-13,Hotel Plaza,Mouse inalambrico,10,43813.49,efectivo
V-21050,2026-05-14,Comercial Andrade,Servicio de consultoria,11,43950.50,transferencia
V-21051,2026-05-15,Garcia SA,Toner HP,12,44087.51,tarjeta
V-21052,2026-05-16,Juan Perez,Servicio mensual,13,44224.52,efectivo
V-21053,2026-05-17,Marta Gomez,Cuaderno,14,44361.53,transferencia
V-21054,2026-05-18,Kiosco El Sol,Mouse inalambrico,15,44498.54,tarjeta
V-21055,2026-05-19,Ferreteria Nuñez,Servicio de consultoria,16,44635.55,efectivo
V-21056,2026-05-20,Estudio Contable RyR,Toner HP,17,44772.56,transferencia
V-21057,2026-05-21,Bar La Esquina,Servicio mensual,18,44909.57,tarjeta
V-21058,2026-05-22,Distribuidora Sur,Cuaderno,19,45046.58,efectivo
V-21059,2026-05-23,Panaderia Ortiz,Mouse inalambrico,20,45183.59,transferencia
V-21060,2026-05-24,Optica Vision,Servicio de consultoria,1,45320.60,tarjeta
V-21061,2026-05-25,Tech Solutions,Toner HP,2,45457.61,efectivo
V-21062,2026-05-26,Farmacia Central,Servicio mensual,3,45594.62,transferencia
V-21063,2026-05-27,Hotel Plaza,Cuaderno,4,45731.63,tarjeta
V-21064,2026-05-28,Comercial Andrade,Mouse inalambrico,5,45868.64,efectivo
V-21065,2026-05-01,Garcia SA,Servicio de consultoria,6,46005.65,transferencia
V-21066,2026-05-02,Juan Perez,Toner HP,7,46142.66,tarjeta
V-21067,2026-05-03,Marta Gomez,Servicio mensual,8,46279.67,efectivo
V-21068,2026-05-04,Kiosco El Sol,Cuaderno,9,46416.68,transferencia
V-21069,2026-05-05,Ferreteria Nuñez,Mouse inalambrico,10,46553.69,tarjeta
V-21070,2026-05-06,Estudio Contable RyR,Servicio de consultoria,11,46690.70,efectivo
V-21071,2026-05-07,Bar La Esquina,Toner HP,12,46827.71,transferencia
V-21072,2026-05-08,Distribuidora Sur,Servicio mensual,13,46964.72,tarjeta
V-21073,2026-05-09,Panaderia Ortiz,Cuaderno,14,47101.73,efectivo
V-21074,2026-05-10,Optica Vision,Mouse inalambrico,15,47238.74,transferencia
V-21075,2026-05-11,Tech Solutions,Servicio de consultoria,16,47375.75,tarjeta
V-21076,2026-05-12,Farmacia Central,Toner HP,17,47512.76,efectivo
V-21077,2026-05-13,Hotel Plaza,Servicio mensual,18,47649.77,transferencia
V-21078,2026-05-14,Comercial Andrade,Cuaderno,19,47786.78,tarjeta
V-21079,2026-05-15,Garcia SA,Mouse inalambrico,20,47923.79,efectivo
V-21080,2026-05-16,Juan Perez,Servicio de consultoria,1,48060.80,transferencia
V-21081,2026-05-17,Marta Gomez,Toner HP,2,48197.81,tarjeta
V-21082,2026-05-18,Kiosco El Sol,Servicio mensual,3,48334.82,efectivo
V-21083,2026-05-19,Ferreteria Nuñez,Cuaderno,4,48471.83,transferencia
V-21084,2026-05-20,Estudio Contable RyR,Mouse inalambrico,5,48608.84,tarjeta
V-21085,2026-05-21,Bar La Esquina,Servicio de consultoria,6,48745.85,efectivo
V-21086,2026-05-22,Distribuidora Sur,Toner HP,7,48882.86,transferencia
V-21087,2026-05-23,Panaderia Ortiz,Servicio mensual,8,49019.87,tarjeta
V-21088,2026-05-24,Optica Vision,Cuaderno,9,49156.88,efectivo
V-21089,2026-05-25,Tech Solutions,Mouse inalambrico,10,49293.89,transferencia
V-21090,2026-05-26,Farmacia Central,Servicio de consultoria,11,49430.90,tarjeta
V-21091,2026-05-27,Hotel Plaza,Toner HP,12,49567.91,efectivo
V-21092,2026-05-28,Comercial Andrade,Servicio mensual,13,49704.92,transferencia
V-21093,2026-05-01,Garcia SA,Cuaderno,14,49841.93,tarjeta
V-21094,2026-05-02,Juan Perez,Mouse inalambrico,15,49978.94,efectivo
V-21095,2026-05-03,Marta Gomez,Servicio de consultoria,16,115.95,transferencia
V-21096,2026-05-04,Kiosco El Sol,Toner HP,17,252.96,tarjeta
V-21097,2026-05-05,Ferreteria Nuñez,Servicio mensual,18,389.97,efectivo
V-21098,2026-05-06,Estudio Contable RyR,Cuaderno,19,526.98,transferencia
V-21099,2026-05-07,Bar La Esquina,Mouse inalambrico,20,663.99,tarjeta
V-21100,2026-05-08,Distribuidora Sur,Servicio de consultoria,1,800.00,efectivo
V-21101,2026-05-09,Panaderia Ortiz,Toner HP,2,937.01,transferencia
V-21102,2026-05-10,Optica Vision,Servicio mensual,3,1074.02,tarjeta
V-21103,2026-05-11,Tech Solutions,Cuaderno,4,1211.03,efectivo
V-21104,2026-05-12,Farmacia Central,Mouse inalambrico,5,1348.04,transferencia
V-21105,2026-05-13,Hotel Plaza,Servicio de consultoria,6,1485.05,tarjeta
V-21106,2026-05-14,Comercial Andrade,Toner HP,7,1622.06,efectivo
V-21107,2026-05-15,Garcia SA,Servicio mensual,8,1759.07,transferencia
V-21108,2026-05-16,Juan Perez,Cuaderno,9,1896.08,tarjeta
V-21109,2026-05-17,Marta Gomez,Mouse inalambrico,10,2033.09,efectivo
V-21110,2026-05-18,Kiosco El Sol,Servicio de consultoria,11,2170.10,transferencia
V-21111,2026-05-19,Ferreteria Nuñez,Toner HP,12,2307.11,tarjeta
V-21112,2026-05-20,Estudio Contable RyR,Servicio mensual,13,2444.12,efectivo
V-21113,2026-05-21,Bar La Esquina,Cuaderno,14,2581.13,transferencia
V-21114,2026-05-22,Distribuidora Sur,Mouse inalambrico,15,2718.14,tarjeta
V-21115,2026-05-23,Panaderia Ortiz,Servicio de consultoria,16,2855.15,efectivo
V-21116,2026-05-24,Optica Vision,Toner HP,17,2992.16,transferencia
V-21117,2026-05-25,Tech Solutions,Servicio mensual,18,3129.17,tarjeta
V-21118,2026-05-26,Farmacia Central,Cuaderno,19,3266.18,efectivo
V-21119,2026-05-27,Hotel Plaza,Mouse inalambrico,20,3403.19,transferencia
V-21120,2026-05-28,Comercial Andrade,Servicio de consultoria,1,3540.20,tarjeta
V-21121,2026-05-01,Garcia SA,Toner HP,2,3677.21,efectivo
V-21122,2026-05-02,Juan Perez,Servicio mensual,3,3814.22,transferencia
V-21123,2026-05-03,Marta Gomez,Cuaderno,4,3951.23,tarjeta
V-21124,2026-05-04,Kiosco El Sol,Mouse inalambrico,5,4088.24,efectivo
V-21125,2026-05-05,Ferreteria Nuñez,Servicio de consultoria,6,4225.25,transferencia
V-21126,2026-05-06,Estudio Contable RyR,Toner HP,7,4362.26,tarjeta
V-21127,2026-05-07,Bar La Esquina,Servicio mensual,8,4499.27,efectivo
V-21128,2026-05-08,Distribuidora Sur,Cuaderno,9,4636.28,transferencia
V-21129,2026-05-09,Panaderia Ortiz,Mouse inalambrico,10,4773.29,tarjeta
V-21130,2026-05-10,Optica Vision,Servicio de consultoria,11,4910.30,efectivo
V-21131,2026-05-11,Tech Solutions,Toner HP,12,5047.31,transferencia
V-21132,2026-05-12,Farmacia Central,Servicio mensual,13,5184.32,tarjeta
V-21133,2026-05-13,Hotel Plaza,Cuaderno,14,5321.33,efectivo
V-21134,2026-05-14,Comercial Andrade,Mouse inalambrico,15,5458.34,transferencia
V-21135,2026-05-15,Garcia SA,Servicio de consultoria,16,5595.35,tarjeta
V-21136,2026-05-16,Juan Perez,Toner HP,17,5732.36,efectivo
V-21137,2026-05-17,Marta Gomez,Servicio mensual,18,5869.37,transferencia
V-21138,2026-05-18,Kiosco El Sol,Cuaderno,19,6006.38,tarjeta
V-21139,2026-05-19,Ferreteria Nuñez,Mouse inalambrico,20,6143.39,efectivo
V-21140,2026-05-20,Estudio Contable RyR,Servicio de consultoria,1,6280.40,transferencia
V-21141,2026-05-21,Bar La Esquina,Toner HP,2,6417.41,tarjeta
V-21142,2026-05-22,Distribuidora Sur,Servicio mensual,3,6554.42,efectivo
V-21143,2026-05-23,Panaderia Ortiz,Cuaderno,4,6691.43,transferencia
V-21144,2026-05-24,Optica Vision,Mouse inalambrico,5,6828.44,tarjeta
V-21145,2026-05-25,Tech Solutions,Servicio de consultoria,6,6965.45,efectivo
V-21146,2026-05-26,Farmacia Central,Toner HP,7,7102.46,transferencia
V-21147,2026-05-27,Hotel Plaza,Servicio mensual,8,7239.47,tarjeta
V-21148,2026-05-28,Comercial Andrade,Cuaderno,9,7376.48,efectivo
V-21149,2026-05-01,Garcia SA,Mouse inalambrico,10,7513.49,transferencia
V-21150,2026-05-02,Juan Perez,Servicio de consultoria,11,7650.50,tarjeta
V-21151,2026-05-03,Marta Gomez,Toner HP,12,7787.51,efectivo
V-21152,2026-05-04,Kiosco El Sol,Servicio mensual,13,7924.52,transferencia
V-21153,2026-05-05,Ferreteria Nuñez,Cuaderno,14,8061.53,tarjeta
V-21154,2026-05-06,Estudio Contable RyR,Mouse inalambrico,15,8198.54,efectivo
V-21155,2026-05-07,Bar La Esquina,Servicio de consultoria,16,8335.55,transferencia
V-21156,2026-05-08,Distribuidora Sur,Toner HP,17,8472.56,tarjeta
V-21157,2026-05-09,Panaderia Ortiz,Servicio mensual,18,8609.57,efectivo
V-21158,2026-05-10,Optica Vision,Cuaderno,19,8746.58,transferencia
V-21159,2026-05-11,Tech Solutions,Mouse inalambrico,20,8883.59,tarjeta
V-21160,2026-05-12,Farmacia Central,Servicio de consultoria,1,9020.60,efectivo
V-21161,2026-05-13,Hotel Plaza,Toner HP,2,9157.61,transferencia
V-21162,2026-05-14,Comercial Andrade,Servicio mensual,3,9294.62,tarjeta
V-21163,2026-05-15,Garcia SA,Cuaderno,4,9431.63,efectivo
V-21164,2026-05-16,Juan Perez,Mouse inalambrico,5,9568.64,transferencia
V-21165,2026-05-17,Marta Gomez,Servicio de consultoria,6,9705.65,tarjeta
V-21166,2026-05-18,Kiosco El Sol,Toner HP,7,9842.66,efectivo
V-21167,2026-05-19,Ferreteria Nuñez,Servicio mensual,8,9979.67,transferencia
V-21168,2026-05-20,Estudio Contable RyR,Cuaderno,9,10116.68,tarjeta
V-21169,2026-05-21,Bar La Esquina,Mouse inalambrico,10,10253.69,efectivo
V-21170,2026-05-22,Distribuidora Sur,Servicio de consultoria,11,10390.70,transferencia
V-21171,2026-05-23,Panaderia Ortiz,Toner HP,12,10527.71,tarjeta
V-21172,2026-05-24,Optica Vision,Servicio mensual,13,10664.72,efectivo
V-21173,2026-05-25,Tech Solutions,Cuaderno,14,10801.73,transferencia
V-21174,2026-05-26,Farmacia Central,Mouse inalambrico,15,10938.74,tarjeta
V-21175,2026-05-27,Hotel Plaza,Servicio de consultoria,16,11075.75,efectivo
V-21176,2026-05-28,Comercial Andrade,Toner HP,17,11212.76,transferencia
V-21177,2026-05-01,Garcia SA,Servicio mensual,18,11349.77,tarjeta
V-21178,2026-05-02,Juan Perez,Cuaderno,19,11486.78,efectivo
V-21179,2026-05-03,Marta Gomez,Mouse inalambrico,20,11623.79,transferencia
V-21180,2026-05-04,Kiosco El Sol,Servicio de consultoria,1,11760.80,tarjeta
V-21181,2026-05-05,Ferreteria Nuñez,Toner HP,2,11897.81,efectivo
V-21182,2026-05-06,Estudio Contable RyR,Servicio mensual,3,12034.82,transferencia
V-21183,2026-05-07,Bar La Esquina,Cuaderno,4,12171.83,tarjeta
V-21184,2026-05-08,Distribuidora Sur,Mouse inalambrico,5,12308.84,efectivo
V-21185,2026-05-09,Panaderia Ortiz,Servicio de consultoria,6,12445.85,transferencia
V-21186,2026-05-10,Optica Vision,Toner HP,7,12582.86,tarjeta
V-21187,2026-05-11,Tech Solutions,Servicio mensual,8,12719.87,efectivo
V-21188,2026-05-12,Farmacia Central,Cuaderno,9,12856.88,transferencia
V-21189,2026-05-13,Hotel Plaza,Mouse inalambrico,10,12993.89,tarjeta
V-21190,2026-05-14,Comercial Andrade,Servicio de consultoria,11,13130.90,efectivo
V-21191,2026-05-15,Garcia SA,Toner HP,12,13267.91,transferencia
V-21192,2026-05-16,Juan Perez,Servicio mensual,13,13404.92,tarjeta
V-21193,2026-05-17,Marta Gomez,Cuaderno,14,13541.93,efectivo
V-21194,2026-05-18,Kiosco El Sol,Mouse inalambrico,15,13678.94,transferencia
V-21195,2026-05-19,Ferreteria Nuñez,Servicio de consultoria,16,13815.95,tarjeta
V-21196,2026-05-20,Estudio Contable RyR,Toner HP,17,13952.96,efectivo
V-21197,2026-05-21,Bar La Esquina,Servicio mensual,18,14089.97,transferencia
V-21198,2026-05-22,Distribuidora Sur,Cuaderno,19,14226.98,tarjeta
V-21199,2026-05-23,Panaderia Ortiz,Mouse inalambrico,20,14363.99,efectivo
V-21200,2026-05-24,Optica Vision,Servicio de consultoria,1,14500.00,transferencia
V-21201,2026-05-25,Tech Solutions,Toner HP,2,14637.01,tarjeta
V-21202,2026-05-26,Farmacia Central,Servicio mensual,3,14774.02,efectivo
V-21203,2026-05-27,Hotel Plaza,Cuaderno,4,14911.03,transferencia
V-21204,2026-05-28,Comercial Andrade,Mouse inalambrico,5,15048.04,tarjeta
V-21205,2026-05-01,Garcia SA,Servicio de consultoria,6,15185.05,efectivo
V-21206,2026-05-02,Juan Perez,Toner HP,7,15322.06,transferencia
V-21207,2026-05-03,Marta Gomez,Servicio mensual,8,15459.07,tarjeta
V-21208,2026-05-04,Kiosco El Sol,Cuaderno,9,15596.08,efectivo
V-21209,2026-05-05,Ferreteria Nuñez,Mouse inalambrico,10,15733.09,transferencia
V-21210,2026-05-06,Estudio Contable RyR,Servicio de consultoria,11,15870.10,tarjeta
V-21211,2026-05-07,Bar La Esquina,Toner HP,12,16007.11,efectivo
V-21212,2026-05-08,Distribuidora Sur,Servicio mensual,13,16144.12,transferencia
V-21213,2026-05-09,Panaderia Ortiz,Cuaderno,14,16281.13,tarjeta
V-21214,2026-05-10,Optica Vision,Mouse inalambrico,15,16418.14,efectivo
V-21215,2026-05-11,Tech Solutions,Servicio de consultoria,16,16555.15,transferencia
V-21216,2026-05-12,Farmacia Central,Toner HP,17,16692.16,tarjeta
V-21217,2026-05-13,Hotel Plaza,Servicio mensual,18,16829.17,efectivo
V-21218,2026-05-14,Comercial Andrade,Cuaderno,19,16966.18,transferencia
V-21219,2026-05-15,Garcia SA,Mouse inalambrico,20,17103.19,tarjeta
V-21220,2026-05-16,Juan Perez,Servicio de consultoria,1,17240.20,efectivo
V-21221,2026-05-17,Marta Gomez,Toner HP,2,17377.21,transferencia
V-21222,2026-05-18,Kiosco El Sol,Servicio mensual,3,17514.22,tarjeta
V-21223,2026-05-19,Ferreteria Nuñez,Cuaderno,4,17651.23,efectivo
V-21224,2026-05-20,Estudio Contable RyR,Mouse inalambrico,5,17788.24,transferencia
V-21225,2026-05-21,Bar La Esquina,Servicio de consultoria,6,17925.25,tarjeta
V-21226,2026-05-22,Distribuidora Sur,Toner HP,7,18062.26,efectivo
V-21227,2026-05-23,Panaderia Ortiz,Servicio mensual,8,18199.27,transferencia
V-21228,2026-05-24,Optica Vision,Cuaderno,9,18336.28,tarjeta
V-21229,2026-05-25,Tech Solutions,Mouse inalambrico,10,18473.29,efectivo
V-21230,2026-05-26,Farmacia Central,Servicio de consultoria,11,18610.30,transferencia
V-21231,2026-05-27,Hotel Plaza,Toner HP,12,18747.31,tarjeta
V-21232,2026-05-28,Comercial Andrade,Servicio mensual,13,18884.32,efectivo
V-21233,2026-05-01,Garcia SA,Cuaderno,14,19021.33,transferencia
V-21234,2026-05-02,Juan Perez,Mouse inalambrico,15,19158.34,tarjeta
V-21235,2026-05-03,Marta Gomez,Servicio de consultoria,16,19295.35,efectivo
V-21236,2026-05-04,Kiosco El Sol,Toner HP,17,19432.36,transferencia
V-21237,2026-05-05,Ferreteria Nuñez,Servicio mensual,18,19569.37,tarjeta
V-21238,2026-05-06,Estudio Contable RyR,Cuaderno,19,19706.38,efectivo
V-21239,2026-05-07,Bar La Esquina,Mouse inalambrico,20,19843.39,transferencia
V-21240,2026-05-08,Distribuidora Sur,Servicio de consultoria,1,19980.40,tarjeta
V-21241,2026-05-09,Panaderia Ortiz,Toner HP,2,20117.41,efectivo
V-21242,2026-05-10,Optica Vision,Servicio mensual,3,20254.42,transferencia
V-21243,2026-05-11,Tech Solutions,Cuaderno,4,20391.43,tarjeta
V-21244,2026-05-12,Farmacia Central,Mouse inalambrico,5,20528.44,efectivo
V-21245,2026-05-13,Hotel Plaza,Servicio de consultoria,6,20665.45,transferencia
V-21246,2026-05-14,Comercial Andrade,Toner HP,7,20802.46,tarjeta
V-21247,2026-05-15,Garcia SA,Servicio mensual,8,20939.47,efectivo
V-21248,2026-05-16,Juan Perez,Cuaderno,9,21076.48,transferencia
V-21249,2026-05-17,Marta Gomez,Mouse inalambrico,10,21213.49,tarjeta
V-21250,2026-05-18,Kiosco El Sol,Servicio de consultoria,11,21350.50,efectivo
V-21251,2026-05-19,Ferreteria Nuñez,Toner HP,12,21487.51,transferencia
V-21252,2026-05-20,Estudio Contable RyR,Servicio mensual,13,21624.52,tarjeta
V-21253,2026-05-21,Bar La Esquina,Cuaderno,14,21761.53,efectivo
V-21254,2026-05-22,Distribuidora Sur,Mouse inalambrico,15,21898.54,transferencia
V-21255,2026-05-23,Panaderia Ortiz,Servicio de consultoria,16,22035.55,tarjeta
V-21256,2026-05-24,Optica Vision,Toner HP,17,22172.56,efectivo
V-21257,2026-05-25,Tech Solutions,Servicio mensual,18,22309.57,transferencia
V-21258,2026-05-26,Farmacia Central,Cuaderno,19,22446.58,tarjeta
V-21259,2026-05-27,Hotel Plaza,Mouse inalambrico,20,22583.59,efectivo
V-21260,2026-05-28,Comercial Andrade,Servicio de consultoria,1,22720.60,transferencia
V-21261,2026-05-01,Garcia SA,Toner HP,2,22857.61,tarjeta
V-21262,2026-05-02,Juan Perez,Servicio mensual,3,22994.62,efectivo
V-21263,2026-05-03,Marta Gomez,Cuaderno,4,23131.63,transferencia
V-21264,2026-05-04,Kiosco El Sol,Mouse inalambrico,5,23268.64,tarjeta
V-21265,2026-05-05,Ferreteria Nuñez,Servicio de consultoria,6,23405.65,efectivo
V-21266,2026-05-06,Estudio Contable RyR,Toner HP,7,23542.66,transferencia
V-21267,2026-05-07,Bar La Esquina,Servicio mensual,8,23679.67,tarjeta
V-21268,2026-05-08,Distribuidora Sur,Cuaderno,9,23816.68,efectivo
V-21269,2026-05-09,Panaderia Ortiz,Mouse inalambrico,10,23953.69,transferencia
V-21270,2026-05-10,Optica Vision,Servicio de consultoria,11,24090.70,tarjeta
V-21271,2026-05-11,Tech Solutions,Toner HP,12,24227.71,efectivo
V-21272,2026-05-12,Farmacia Central,Servicio mensual,13,24364.72,transferencia
V-21273,2026-05-13,Hotel Plaza,Cuaderno,14,24501.73,tarjeta
V-21274,2026-05-14,Comercial Andrade,Mouse inalambrico,15,24638.74,efectivo
V-21275,2026-05-15,Garcia SA,Servicio de consultoria,16,24775.75,transferencia
V-21276,2026-05-16,Juan Perez,Toner HP,17,24912.76,tarjeta
V-21277,2026-05-17,Marta Gomez,Servicio mensual,18,25049.77,efectivo
V-21278,2026-05-18,Kiosco El Sol,Cuaderno,19,25186.78,transferencia
V-21279,2026-05-19,Ferreteria Nuñez,Mouse inalambrico,20,25323.79,tarjeta
V-21280,2026-05-20,Estudio Contable RyR,Servicio de consultoria,1,25460.80,efectivo
V-21281,2026-05-21,Bar La Esquina,Toner HP,2,25597.81,transferencia
V-21282,2026-05-22,Distribuidora Sur,Servicio mensual,3,25734.82,tarjeta
V-21283,2026-05-23,Panaderia Ortiz,Cuaderno,4,25871.83,efectivo
V-21284,2026-05-24,Optica Vision,Mouse inalambrico,5,26008.84,transferencia
V-21285,2026-05-25,Tech Solutions,Servicio de consultoria,6,26145.85,tarjeta
V-21286,2026-05-26,Farmacia Central,Toner HP,7,26282.86,efectivo
V-21287,2026-05-27,Hotel Plaza,Servicio mensual,8,26419.87,transferencia
V-21288,2026-05-28,Comercial Andrade,Cuaderno,9,26556.88,tarjeta
V-21289,2026-05-01,Garcia SA,Mouse inalambrico,10,26693.89,efectivo
V-21290,2026-05-02,Juan Perez,Servicio de consultoria,11,26830.90,transferencia
V-21291,2026-05-03,Marta Gomez,Toner HP,12,26967.91,tarjeta
V-21292,2026-05-04,Kiosco El Sol,Servicio mensual,13,27104.92,efectivo
V-21293,2026-05-05,Ferreteria Nuñez,Cuaderno,14,27241.93,transferencia
V-21294,2026-05-06,Estudio Contable RyR,Mouse inalambrico,15,27378.94,tarjeta
V-21295,2026-05-07,Bar La Esquina,Servicio de consultoria,16,27515.95,efectivo
V-21296,2026-05-08,Distribuidora Sur,Toner HP,17,27652.96,transferencia
V-21297,2026-05-09,Panaderia Ortiz,Servicio mensual,18,27789.97,tarjeta
V-21298,2026-05-10,Optica Vision,Cuaderno,19,27926.98,efectivo
V-21299,2026-05-11,Tech Solutions,Mouse inalambrico,20,28063.99,transferencia
V-21300,2026-05-12,Farmacia Central,Servicio de consultoria,1,28200.00,tarjeta
V-21301,2026-05-13,Hotel Plaza,Toner HP,2,28337.01,efectivo
V-21302,2026-05-14,Comercial Andrade,Servicio mensual,3,28474.02,transferencia
V-21303,2026-05-15,Garcia SA,Cuaderno,4,28611.03,tarjeta
V-21304,2026-05-16,Juan Perez,Mouse inalambrico,5,28748.04,efectivo
V-21305,2026-05-17,Marta Gomez,Servicio de consultoria,6,28885.05,transferencia
V-21306,2026-05-18,Kiosco El Sol,Toner HP,7,29022.06,tarjeta
V-21307,2026-05-19,Ferreteria Nuñez,Servicio mensual,8,29159.07,efectivo
V-21308,2026-05-20,Estudio Contable RyR,Cuaderno,9,29296.08,transferencia
V-21309,2026-05-21,Bar La Esquina,Mouse inalambrico,10,29433.09,tarjeta
V-21310,2026-05-22,Distribuidora Sur,Servicio de consultoria,11,29570.10,efectivo
V-21311,2026-05-23,Panaderia Ortiz,Toner HP,12,29707.11,transferencia
V-21312,2026-05-24,Optica Vision,Servicio mensual,13,29844.12,tarjeta
V-21313,2026-05-25,Tech Solutions,Cuaderno,14,29981.13,efectivo
V-21314,2026-05-26,Farmacia Central,Mouse inalambrico,15,30118.14,transferencia
V-21315,2026-05-27,Hotel Plaza,Servicio de consultoria,16,30255.15,tarjeta
V-21316,2026-05-28,Comercial Andrade,Toner HP,17,30392.16,efectivo
V-21317,2026-05-01,Garcia SA,Servicio mensual,18,30529.17,transferencia
V-21318,2026-05-02,Juan Perez,Cuaderno,19,30666.18,tarjeta
V-21319,2026-05-03,Marta Gomez,Mouse inalambrico,20,30803.19,efectivo
V-21320,2026-05-04,Kiosco El Sol,Servicio de consultoria,1,30940.20,transferencia
V-21321,2026-05-05,Ferreteria Nuñez,Toner HP,2,31077.21,tarjeta
V-21322,2026-05-06,Estudio Contable RyR,Servicio mensual,3,31214.22,efectivo
V-21323,2026-05-07,Bar La Esquina,Cuaderno,4,31351.23,transferencia
V-21324,2026-05-08,Distribuidora Sur,Mouse inalambrico,5,31488.24,tarjeta
V-21325,2026-05-09,Panaderia Ortiz,Servicio de consultoria,6,31625.25,efectivo
V-21326,2026-05-10,Optica Vision,Toner HP,7,31762.26,transferencia
V-21327,2026-05-11,Tech Solutions,Servicio mensual,8,31899.27,tarjeta
V-21328,2026-05-12,Farmacia Central,Cuaderno,9,32036.28,efectivo
V-21329,2026-05-13,Hotel Plaza,Mouse inalambrico,10,32173.29,transferencia
V-21330,2026-05-14,Comercial Andrade,Servicio de consultoria,11,32310.30,tarjeta
V-21331,2026-05-15,Garcia SA,Toner HP,12,32447.31,efectivo
V-21332,2026-05-16,Juan Perez,Servicio mensual,13,32584.32,transferencia
V-21333,2026-05-17,Marta Gomez,Cuaderno,14,32721.33,tarjeta
V-21334,2026-05-18,Kiosco El Sol,Mouse inalambrico,15,32858.34,efectivo
V-21335,2026-05-19,Ferreteria Nuñez,Servicio de consultoria,16,32995.35,transferencia
V-21336,2026-05-20,Estudio Contable RyR,Toner HP,17,33132.36,tarjeta
V-21337,2026-05-21,Bar La Esquina,Servicio mensual,18,33269.37,efectivo
V-21338,2026-05-22,Distribuidora Sur,Cuaderno,19,33406.38,transferencia
V-21339,2026-05-23,Panaderia Ortiz,Mouse inalambrico,20,33543.39,tarjeta
V-21340,2026-05-24,Optica Vision,Servicio de consultoria,1,33680.40,efectivo
V-21341,2026-05-25,Tech Solutions,Toner HP,2,33817.41,transferencia
V-21342,2026-05-26,Farmacia Central,Servicio mensual,3,33954.42,tarjeta
V-21343,2026-05-27,Hotel Plaza,Cuaderno,4,34091.43,efectivo
V-21344,2026-05-28,Comercial Andrade,Mouse inalambrico,5,34228.44,transferencia
V-21345,2026-05-01,Garcia SA,Servicio de consultoria,6,34365.45,tarjeta
V-21346,2026-05-02,Juan Perez,Toner HP,7,34502.46,efectivo
V-21347,2026-05-03,Marta Gomez,Servicio mensual,8,34639.47,transferencia
V-21348,2026-05-04,Kiosco El Sol,Cuaderno,9,34776.48,tarjeta
V-21349,2026-05-05,Ferreteria Nuñez,Mouse inalambrico,10,34913.49,efectivo
V-21350,2026-05-06,Estudio Contable RyR,Servicio de consultoria,11,35050.50,transferencia
V-21351,2026-05-07,Bar La Esquina,Toner HP,12,35187.51,tarjeta
V-21352,2026-05-08,Distribuidora Sur,Servicio mensual,13,35324.52,efectivo
V-21353,2026-05-09,Panaderia Ortiz,Cuaderno,14,35461.53,transferencia
V-21354,2026-05-10,Optica Vision,Mouse inalambrico,15,35598.54,tarjeta
V-21355,2026-05-11,Tech Solutions,Servicio de consultoria,16,35735.55,efectivo
V-21356,2026-05-12,Farmacia Central,Toner HP,17,35872.56,transferencia
V-21357,2026-05-13,Hotel Plaza,Servicio mensual,18,36009.57,tarjeta
V-21358,2026-05-14,Comercial Andrade,Cuaderno,19,36146.58,efectivo
V-21359,2026-05-15,Garcia SA,Mouse inalambrico,20,36283.59,transferencia
V-21360,2026-05-16,Juan Perez,Servicio de consultoria,1,36420.60,tarjeta
V-21361,2026-05-17,Marta Gomez,Toner HP,2,36557.61,efectivo
V-21362,2026-05-18,Kiosco El Sol,Servicio mensual,3,36694.62,transferencia
V-21363,2026-05-19,Ferreteria Nuñez,Cuaderno,4,36831.63,tarjeta
V-21364,2026-05-20,Estudio Contable RyR,Mouse inalambrico,5,36968.64,efectivo
V-21365,2026-05-21,Bar La Esquina,Servicio de consultoria,6,37105.65,transferencia
V-21366,2026-05-22,Distribuidora Sur,Toner HP,7,37242.66,tarjeta
V-21367,2026-05-23,Panaderia Ortiz,Servicio mensual,8,37379.67,efectivo
V-21368,2026-05-24,Optica Vision,Cuaderno,9,37516.68,transferencia
V-21369,2026-05-25,Tech Solutions,Mouse inalambrico,10,37653.69,tarjeta
V-21370,2026-05-26,Farmacia Central,Servicio de consultoria,11,37790.70,efectivo
V-21371,2026-05-27,Hotel Plaza,Toner HP,12,37927.71,transferencia
V-21372,2026-05-28,Comercial Andrade,Servicio mensual,13,38064.72,tarjeta
V-21373,2026-05-01,Garcia SA,Cuaderno,14,38201.73,efectivo
V-21374,2026-05-02,Juan Perez,Mouse inalambrico,15,38338.74,transferencia
V-21375,2026-05-03,Marta Gomez,Servicio de consultoria,16,38475.75,tarjeta
V-21376,2026-05-04,Kiosco El Sol,Toner HP,17,38612.76,efectivo
V-21377,2026-05-05,Ferreteria Nuñez,Servicio mensual,18,38749.77,transferencia
V-21378,2026-05-06,Estudio Contable RyR,Cuaderno,19,38886.78,tarjeta
V-21379,2026-05-07,Bar La Esquina,Mouse inalambrico,20,39023.79,efectivo
V-21380,2026-05-08,Distribuidora Sur,Servicio de consultoria,1,39160.80,transferencia
V-21381,2026-05-09,Panaderia Ortiz,Toner HP,2,39297.81,tarjeta
V-21382,2026-05-10,Optica Vision,Servicio mensual,3,39434.82,efectivo
V-21383,2026-05-11,Tech Solutions,Cuaderno,4,39571.83,transferencia
V-21384,2026-05-12,Farmacia Central,Mouse inalambrico,5,39708.84,tarjeta
V-21385,2026-05-13,Hotel Plaza,Servicio de consultoria,6,39845.85,efectivo
V-21386,2026-05-14,Comercial Andrade,Toner HP,7,39982.86,transferencia
V-21387,2026-05-15,Garcia SA,Servicio mensual,8,40119.87,tarjeta
V-21388,2026-05-16,Juan Perez,Cuaderno,9,40256.88,efectivo
V-21389,2026-05-17,Marta Gomez,Mouse inalambrico,10,40393.89,transferencia
V-21390,2026-05-18,Kiosco El Sol,Servicio de consultoria,11,40530.90,tarjeta
V-21391,2026-05-19,Ferreteria Nuñez,Toner HP,12,40667.91,efectivo
V-21392,2026-05-20,Estudio Contable RyR,Servicio mensual,13,40804.92,transferencia
V-21393,2026-05-21,Bar La Esquina,Cuaderno,14,40941.93,tarjeta
V-21394,2026-05-22,Distribuidora Sur,Mouse inalambrico,15,41078.94,efectivo
V-21395,2026-05-23,Panaderia Ortiz,Servicio de consultoria,16,41215.95,transferencia
V-21396,2026-05-24,Optica Vision,Toner HP,17,41352.96,tarjeta
V-21397,2026-05-25,Tech Solutions,Servicio mensual,18,41489.97,efectivo
V-21398,2026-05-26,Farmacia Central,Cuaderno,19,41626.98,transferencia
V-21399,2026-05-27,Hotel Plaza,Mouse inalambrico,20,41763.99,tarjeta
V-21400,2026-05-28,Comercial Andrade,Servicio de consultoria,1,41900.00,efectivo
V-21401,2026-05-01,Garcia SA,Toner HP,2,42037.01,transferencia
V-21402,2026-05-02,Juan Perez,Servicio mensual,3,42174.02,tarjeta
V-21403,2026-05-03,Marta Gomez,Cuaderno,4,42311.03,efectivo
V-21404,2026-05-04,Kiosco El Sol,Mouse inalambrico,5,42448.04,transferencia
V-21405,2026-05-05,Ferreteria Nuñez,Servicio de consultoria,6,42585.05,tarjeta
V-21406,2026-05-06,Estudio Contable RyR,Toner HP,7,42722.06,efectivo
V-21407,2026-05-07,Bar La Esquina,Servicio mensual,8,42859.07,transferencia
V-21408,2026-05-08,Distribuidora Sur,Cuaderno,9,42996.08,tarjeta
V-21409,2026-05-09,Panaderia Ortiz,Mouse inalambrico,10,43133.09,efectivo
V-21410,2026-05-10,Optica Vision,Servicio de consultoria,11,43270.10,transferencia
V-21411,2026-05-11,Tech Solutions,Toner HP,12,43407.11,tarjeta
V-21412,2026-05-12,Farmacia Central,Servicio mensual,13,43544.12,efectivo
V-21413,2026-05-13,Hotel Plaza,Cuaderno,14,43681.13,transferencia
V-21414,2026-05-14,Comercial Andrade,Mouse inalambrico,15,43818.14,tarjeta
V-21415,2026-05-15,Garcia SA,Servicio de consultoria,16,43955.15,efectivo
V-21416,2026-05-16,Juan Perez,Toner HP,17,44092.16,transferencia
V-21417,2026-05-17,Marta Gomez,Servicio mensual,18,44229.17,tarjeta
V-21418,2026-05-18,Kiosco El Sol,Cuaderno,19,44366.18,efectivo
V-21419,2026-05-19,Ferreteria Nuñez,Mouse inalambrico,20,44503.19,transferencia
V-21420,2026-05-20,Estudio Contable RyR,Servicio de consultoria,1,44640.20,tarjeta
V-21421,2026-05-21,Bar La Esquina,Toner HP,2,44777.21,efectivo
V-21422,2026-05-22,Distribuidora Sur,Servicio mensual,3,44914.22,transferencia
V-21423,2026-05-23,Panaderia Ortiz,Cuaderno,4,45051.23,tarjeta
V-21424,2026-05-24,Optica Vision,Mouse inalambrico,5,45188.24,efectivo
V-21425,2026-05-25,Tech Solutions,Servicio de consultoria,6,45325.25,transferencia
V-21426,2026-05-26,Farmacia Central,Toner HP,7,45462.26,tarjeta
V-21427,2026-05-27,Hotel Plaza,Servicio mensual,8,45599.27,efectivo
V-21428,2026-05-28,Comercial Andrade,Cuaderno,9,45736.28,transferencia
V-21429,2026-05-01,Garcia SA,Mouse inalambrico,10,45873.29,tarjeta
V-21430,2026-05-02,Juan Perez,Servicio de consultoria,11,46010.30,efectivo
V-21431,2026-05-03,Marta Gomez,Toner HP,12,46147.31,transferencia
V-21432,2026-05-04,Kiosco El Sol,Servicio mensual,13,46284.32,tarjeta
V-21433,2026-05-05,Ferreteria Nuñez,Cuaderno,14,46421.33,efectivo
V-21434,2026-05-06,Estudio Contable RyR,Mouse inalambrico,15,46558.34,transferencia
V-21435,2026-05-07,Bar La Esquina,Servicio de consultoria,16,46695.35,tarjeta
V-21436,2026-05-08,Distribuidora Sur,Toner HP,17,46832.36,efectivo
V-21437,2026-05-09,Panaderia Ortiz,Servicio mensual,18,46969.37,transferencia
V-21438,2026-05-10,Optica Vision,Cuaderno,19,47106.38,tarjeta
V-21439,2026-05-11,Tech Solutions,Mouse inalambrico,20,47243.39,efectivo
V-21440,2026-05-12,Farmacia Central,Servicio de consultoria,1,47380.40,transferencia
V-21441,2026-05-13,Hotel Plaza,Toner HP,2,47517.41,tarjeta
V-21442,2026-05-14,Comercial Andrade,Servicio mensual,3,47654.42,efectivo
V-21443,2026-05-15,Garcia SA,Cuaderno,4,47791.43,transferencia
V-21444,2026-05-16,Juan Perez,Mouse inalambrico,5,47928.44,tarjeta
V-21445,2026-05-17,Marta Gomez,Servicio de consultoria,6,48065.45,efectivo
V-21446,2026-05-18,Kiosco El Sol,Toner HP,7,48202.46,transferencia
V-21447,2026-05-19,Ferreteria Nuñez,Servicio mensual,8,48339.47,tarjeta
V-21448,2026-05-20,Estudio Contable RyR,Cuaderno,9,48476.48,efectivo
V-21449,2026-05-21,Bar La Esquina,Mouse inalambrico,10,48613.49,transferencia
V-21450,2026-05-22,Distribuidora Sur,Servicio de consultoria,11,48750.50,tarjeta
V-21451,2026-05-23,Panaderia Ortiz,Toner HP,12,48887.51,efectivo
V-21452,2026-05-24,Optica Vision,Servicio mensual,13,49024.52,transferencia
V-21453,2026-05-25,Tech Solutions,Cuaderno,14,49161.53,tarjeta
V-21454,2026-05-26,Farmacia Central,Mouse inalambrico,15,49298.54,efectivo
V-21455,2026-05-27,Hotel Plaza,Servicio de consultoria,16,49435.55,transferencia
V-21456,2026-05-28,Comercial Andrade,Toner HP,17,49572.56,tarjeta
V-21457,2026-05-01,Garcia SA,Servicio mensual,18,49709.57,efectivo
V-21458,2026-05-02,Juan Perez,Cuaderno,19,49846.58,transferencia
V-21459,2026-05-03,Marta Gomez,Mouse inalambrico,20,49983.59,tarjeta
V-21460,2026-05-04,Kiosco El Sol,Servicio de consultoria,1,120.60,efectivo
V-21461,2026-05-05,Ferreteria Nuñez,Toner HP,2,257.61,transferencia
V-21462,2026-05-06,Estudio Contable RyR,Servicio mensual,3,394.62,tarjeta
V-21463,2026-05-07,Bar La Esquina,Cuaderno,4,531.63,efectivo
V-21464,2026-05-08,Distribuidora Sur,Mouse inalambrico,5,668.64,transferencia
V-21465,2026-05-09,Panaderia Ortiz,Servicio de consultoria,6,805.65,tarjeta
V-21466,2026-05-10,Optica Vision,Toner HP,7,942.66,efectivo
V-21467,2026-05-11,Tech Solutions,Servicio mensual,8,1079.67,transferencia
V-21468,2026-05-12,Farmacia Central,Cuaderno,9,1216.68,tarjeta
V-21469,2026-05-13,Hotel Plaza,Mouse inalambrico,10,1353.69,efectivo
V-21470,2026-05-14,Comercial Andrade,Servicio de consultoria,11,1490.70,transferencia
V-21471,2026-05-15,Garcia SA,Toner HP,12,1627.71,tarjeta
V-21472,2026-05-16,Juan Perez,Servicio mensual,13,1764.72,efectivo
V-21473,2026-05-17,Marta Gomez,Cuaderno,14,1901.73,transferencia
V-21474,2026-05-18,Kiosco El Sol,Mouse inalambrico,15,2038.74,tarjeta
V-21475,2026-05-19,Ferreteria Nuñez,Servicio de consultoria,16,2175.75,efectivo
V-21476,2026-05-20,Estudio Contable RyR,Toner HP,17,2312.76,transferencia
V-21477,2026-05-21,Bar La Esquina,Servicio mensual,18,2449.77,tarjeta
V-21478,2026-05-22,Distribuidora Sur,Cuaderno,19,2586.78,efectivo
V-21479,2026-05-23,Panaderia Ortiz,Mouse inalambrico,20,2723.79,transferencia
V-21480,2026-05-24,Optica Vision,Servicio de consultoria,1,2860.80,tarjeta
V-21481,2026-05-25,Tech Solutions,Toner HP,2,2997.81,efectivo
V-21482,2026-05-26,Farmacia Central,Servicio mensual,3,3134.82,transferencia
V-21483,2026-05-27,Hotel Plaza,Cuaderno,4,3271.83,tarjeta
V-21484,2026-05-28,Comercial Andrade,Mouse inalambrico,5,3408.84,efectivo
V-21485,2026-05-01,Garcia SA,Servicio de consultoria,6,3545.85,transferencia
V-21486,2026-05-02,Juan Perez,Toner HP,7,3682.86,tarjeta
V-21487,2026-05-03,Marta Gomez,Servicio mensual,8,3819.87,efectivo
V-21488,2026-05-04,Kiosco El Sol,Cuaderno,9,3956.88,transferencia
V-21489,2026-05-05,Ferreteria Nuñez,Mouse inalambrico,10,4093.89,tarjeta
V-21490,2026-05-06,Estudio Contable RyR,Servicio de consultoria,11,4230.90,efectivo
V-21491,2026-05-07,Bar La Esquina,Toner HP,12,4367.91,transferencia
V-21492,2026-05-08,Distribuidora Sur,Servicio mensual,13,4504.92,tarjeta
V-21493,2026-05-09,Panaderia Ortiz,Cuaderno,14,4641.93,efectivo
V-21494,2026-05-10,Optica Vision,Mouse inalambrico,15,4778.94,transferencia
V-21495,2026-05-11,Tech Solutions,Servicio de consultoria,16,4915.95,tarjeta
V-21496,2026-05-12,Farmacia Central,Toner HP,17,5052.96,efectivo
V-21497,2026-05-13,Hotel Plaza,Servicio mensual,18,5189.97,transferencia
V-21498,2026-05-14,Comercial Andrade,Cuaderno,19,5326.98,tarjeta
V-21499,2026-05-15,Garcia SA,Mouse inalambrico,20,5463.99,efectivo
V-21500,2026-05-16,Juan Perez,Servicio de consultoria,1,5600.00,transferencia
V-21501,2026-05-17,Marta Gomez,Toner HP,2,5737.01,tarjeta
V-21502,2026-05-18,Kiosco El Sol,Servicio mensual,3,5874.02,efectivo
V-21503,2026-05-19,Ferreteria Nuñez,Cuaderno,4,6011.03,transferencia
V-21504,2026-05-20,Estudio Contable RyR,Mouse inalambrico,5,6148.04,tarjeta
V-21505,2026-05-21,Bar La Esquina,Servicio de consultoria,6,6285.05,efectivo
V-21506,2026-05-22,Distribuidora Sur,Toner HP,7,6422.06,transferencia
V-21507,2026-05-23,Panaderia Ortiz,Servicio mensual,8,6559.07,tarjeta
V-21508,2026-05-24,Optica Vision,Cuaderno,9,6696.08,efectivo
V-21509,2026-05-25,Tech Solutions,Mouse inalambrico,10,6833.09,transferencia
V-21510,2026-05-26,Farmacia Central,Servicio de consultoria,11,6970.10,tarjeta
V-21511,2026-05-27,Hotel Plaza,Toner HP,12,7107.11,efectivo
V-21512,2026-05-28,Comercial Andrade,Servicio mensual,13,7244.12,transferencia
V-21513,2026-05-01,Garcia SA,Cuaderno,14,7381.13,tarjeta
V-21514,2026-05-02,Juan Perez,Mouse inalambrico,15,7518.14,efectivo
V-21515,2026-05-03,Marta Gomez,Servicio de consultoria,16,7655.15,transferencia
V-21516,2026-05-04,Kiosco El Sol,Toner HP,17,7792.16,tarjeta
V-21517,2026-05-05,Ferreteria Nuñez,Servicio mensual,18,7929.17,efectivo
V-21518,2026-05-06,Estudio Contable RyR,Cuaderno,19,8066.18,transferencia
V-21519,2026-05-07,Bar La Esquina,Mouse inalambrico,20,8203.19,tarjeta
V-21520,2026-05-08,Distribuidora Sur,Servicio de consultoria,1,8340.20,efectivo
V-21521,2026-05-09,Panaderia Ortiz,Toner HP,2,8477.21,transferencia
V-21522,2026-05-10,Optica Vision,Servicio mensual,3,8614.22,tarjeta
V-21523,2026-05-11,Tech Solutions,Cuaderno,4,8751.23,efectivo
V-21524,2026-05-12,Farmacia Central,Mouse inalambrico,5,8888.24,transferencia
V-21525,2026-05-13,Hotel Plaza,Servicio de consultoria,6,9025.25,tarjeta
V-21526,2026-05-14,Comercial Andrade,Toner HP,7,9162.26,efectivo
V-21527,2026-05-15,Garcia SA,Servicio mensual,8,9299.27,transferencia
V-21528,2026-05-16,Juan Perez,Cuaderno,9,9436.28,tarjeta
V-21529,2026-05-17,Marta Gomez,Mouse inalambrico,10,9573.29,efectivo
V-21530,2026-05-18,Kiosco El Sol,Servicio de consultoria,11,9710.30,transferencia
V-21531,2026-05-19,Ferreteria Nuñez,Toner HP,12,9847.31,tarjeta
V-21532,2026-05-20,Estudio Contable RyR,Servicio mensual,13,9984.32,efectivo
V-21533,2026-05-21,Bar La Esquina,Cuaderno,14,10121.33,transferencia
V-21534,2026-05-22,Distribuidora Sur,Mouse inalambrico,15,10258.34,tarjeta
V-21535,2026-05-23,Panaderia Ortiz,Servicio de consultoria,16,10395.35,efectivo
V-21536,2026-05-24,Optica Vision,Toner HP,17,10532.36,transferencia
V-21537,2026-05-25,Tech Solutions,Servicio mensual,18,10669.37,tarjeta
V-21538,2026-05-26,Farmacia Central,Cuaderno,19,10806.38,efectivo
V-21539,2026-05-27,Hotel Plaza,Mouse inalambrico,20,10943.39,transferencia
V-21540,2026-05-28,Comercial Andrade,Servicio de consultoria,1,11080.40,tarjeta
V-21541,2026-05-01,Garcia SA,Toner HP,2,11217.41,efectivo
V-21542,2026-05-02,Juan Perez,Servicio mensual,3,11354.42,transferencia
V-21543,2026-05-03,Marta Gomez,Cuaderno,4,11491.43,tarjeta
V-21544,2026-05-04,Kiosco El Sol,Mouse inalambrico,5,11628.44,efectivo
V-21545,2026-05-05,Ferreteria Nuñez,Servicio de consultoria,6,11765.45,transferencia
V-21546,2026-05-06,Estudio Contable RyR,Toner HP,7,11902.46,tarjeta
V-21547,2026-05-07,Bar La Esquina,Servicio mensual,8,12039.47,efectivo
V-21548,2026-05-08,Distribuidora Sur,Cuaderno,9,12176.48,transferencia
V-21549,2026-05-09,Panaderia Ortiz,Mouse inalambrico,10,12313.49,tarjeta
V-21550,2026-05-10,Optica Vision,Servicio de consultoria,11,12450.50,efectivo
V-21551,2026-05-11,Tech Solutions,Toner HP,12,12587.51,transferencia
V-21552,2026-05-12,Farmacia Central,Servicio mensual,13,12724.52,tarjeta
V-21553,2026-05-13,Hotel Plaza,Cuaderno,14,12861.53,efectivo
V-21554,2026-05-14,Comercial Andrade,Mouse inalambrico,15,12998.54,transferencia
V-21555,2026-05-15,Garcia SA,Servicio de consultoria,16,13135.55,tarjeta
V-21556,2026-05-16,Juan Perez,Toner HP,17,13272.56,efectivo
V-21557,2026-05-17,Marta Gomez,Servicio mensual,18,13409.57,transferencia
V-21558,2026-05-18,Kiosco El Sol,Cuaderno,19,13546.58,tarjeta
V-21559,2026-05-19,Ferreteria Nuñez,Mouse inalambrico,20,13683.59,efectivo
V-21560,2026-05-20,Estudio Contable RyR,Servicio de consultoria,1,13820.60,transferencia
V-21561,2026-05-21,Bar La Esquina,Toner HP,2,13957.61,tarjeta
V-21562,2026-05-22,Distribuidora Sur,Servicio mensual,3,14094.62,efectivo
V-21563,2026-05-23,Panaderia Ortiz,Cuaderno,4,14231.63,transferencia
V-21564,2026-05-24,Optica Vision,Mouse inalambrico,5,14368.64,tarjeta
V-21565,2026-05-25,Tech Solutions,Servicio de consultoria,6,14505.65,efectivo
V-21566,2026-05-26,Farmacia Central,Toner HP,7,14642.66,transferencia
V-21567,2026-05-27,Hotel Plaza,Servicio mensual,8,14779.67,tarjeta
V-21568,2026-05-28,Comercial Andrade,Cuaderno,9,14916.68,efectivo
V-21569,2026-05-01,Garcia SA,Mouse inalambrico,10,15053.69,transferencia
V-21570,2026-05-02,Juan Perez,Servicio de consultoria,11,15190.70,tarjeta
V-21571,2026-05-03,Marta Gomez,Toner HP,12,15327.71,efectivo
V-21572,2026-05-04,Kiosco El Sol,Servicio mensual,13,15464.72,transferencia
V-21573,2026-05-05,Ferreteria Nuñez,Cuaderno,14,15601.73,tarjeta
V-21574,2026-05-06,Estudio Contable RyR,Mouse inalambrico,15,15738.74,efectivo
V-21575,2026-05-07,Bar La Esquina,Servicio de consultoria,16,15875.75,transferencia
V-21576,2026-05-08,Distribuidora Sur,Toner HP,17,16012.76,tarjeta
V-21577,2026-05-09,Panaderia Ortiz,Servicio mensual,18,16149.77,efectivo
V-21578,2026-05-10,Optica Vision,Cuaderno,19,16286.78,transferencia
V-21579,2026-05-11,Tech Solutions,Mouse inalambrico,20,16423.79,tarjeta
V-21580,2026-05-12,Farmacia Central,Servicio de consultoria,1,16560.80,efectivo
V-21581,2026-05-13,Hotel Plaza,Toner HP,2,16697.81,transferencia
V-21582,2026-05-14,Comercial Andrade,Servicio mensual,3,16834.82,tarjeta
V-21583,2026-05-15,Garcia SA,Cuaderno,4,16971.83,efectivo
V-21584,2026-05-16,Juan Perez,Mouse inalambrico,5,17108.84,transferencia
V-21585,2026-05-17,Marta Gomez,Servicio de consultoria,6,17245.85,tarjeta
V-21586,2026-05-18,Kiosco El Sol,Toner HP,7,17382.86,efectivo
V-21587,2026-05-19,Ferreteria Nuñez,Servicio mensual,8,17519.87,transferencia
V-21588,2026-05-20,Estudio Contable RyR,Cuaderno,9,17656.88,tarjeta
V-21589,2026-05-21,Bar La Esquina,Mouse inalambrico,10,17793.89,efectivo
V-21590,2026-05-22,Distribuidora Sur,Servicio de consultoria,11,17930.90,transferencia
V-21591,2026-05-23,Panaderia Ortiz,Toner HP,12,18067.91,tarjeta
V-21592,2026-05-24,Optica Vision,Servicio mensual,13,18204.92,efectivo
V-21593,2026-05-25,Tech Solutions,Cuaderno,14,18341.93,transferencia
V-21594,2026-05-26,Farmacia Central,Mouse inalambrico,15,18478.94,tarjeta
V-21595,2026-05-27,Hotel Plaza,Servicio de consultoria,16,18615.95,efectivo
V-21596,2026-05-28,Comercial Andrade,Toner HP,17,18752.96,transferencia
V-21597,2026-05-01,Garcia SA,Servicio mensual,18,18889.97,tarjeta
V-21598,2026-05-02,Juan Perez,Cuaderno,19,19026.98,efectivo
V-21599,2026-05-03,Marta Gomez,Mouse inalambrico,20,19163.99,transferencia
V-21600,2026-05-04,Kiosco El Sol,Servicio de consultoria,1,19300.00,tarjeta
V-21601,2026-05-05,Ferreteria Nuñez,Toner HP,2,19437.01,efectivo
V-21602,2026-05-06,Estudio Contable RyR,Servicio mensual,3,19574.02,transferencia
V-21603,2026-05-07,Bar La Esquina,Cuaderno,4,19711.03,tarjeta
V-21604,2026-05-08,Distribuidora Sur,Mouse inalambrico,5,19848.04,efectivo
V-21605,2026-05-09,Panaderia Ortiz,Servicio de consultoria,6,19985.05,transferencia
V-21606,2026-05-10,Optica Vision,Toner HP,7,20122.06,tarjeta
V-21607,2026-05-11,Tech Solutions,Servicio mensual,8,20259.07,efectivo
V-21608,2026-05-12,Farmacia Central,Cuaderno,9,20396.08,transferencia
V-21609,2026-05-13,Hotel Plaza,Mouse inalambrico,10,20533.09,tarjeta
V-21610,2026-05-14,Comercial Andrade,Servicio de consultoria,11,20670.10,efectivo
V-21611,2026-05-15,Garcia SA,Toner HP,12,20807.11,transferencia
V-21612,2026-05-16,Juan Perez,Servicio mensual,13,20944.12,tarjeta
V-21613,2026-05-17,Marta Gomez,Cuaderno,14,21081.13,efectivo
V-21614,2026-05-18,Kiosco El Sol,Mouse inalambrico,15,21218.14,transferencia
V-21615,2026-05-19,Ferreteria Nuñez,Servicio de consultoria,16,21355.15,tarjeta
V-21616,2026-05-20,Estudio Contable RyR,Toner HP,17,21492.16,efectivo
V-21617,2026-05-21,Bar La Esquina,Servicio mensual,18,21629.17,transferencia
V-21618,2026-05-22,Distribuidora Sur,Cuaderno,19,21766.18,tarjeta
V-21619,2026-05-23,Panaderia Ortiz,Mouse inalambrico,20,21903.19,efectivo
V-21620,2026-05-24,Optica Vision,Servicio de consultoria,1,22040.20,transferencia
V-21621,2026-05-25,Tech Solutions,Toner HP,2,22177.21,tarjeta
V-21622,2026-05-26,Farmacia Central,Servicio mensual,3,22314.22,efectivo
V-21623,2026-05-27,Hotel Plaza,Cuaderno,4,22451.23,transferencia
V-21624,2026-05-28,Comercial Andrade,Mouse inalambrico,5,22588.24,tarjeta
V-21625,2026-05-01,Garcia SA,Servicio de consultoria,6,22725.25,efectivo
V-21626,2026-05-02,Juan Perez,Toner HP,7,22862.26,transferencia
V-21627,2026-05-03,Marta Gomez,Servicio mensual,8,22999.27,tarjeta
V-21628,2026-05-04,Kiosco El Sol,Cuaderno,9,23136.28,efectivo
V-21629,2026-05-05,Ferreteria Nuñez,Mouse inalambrico,10,23273.29,transferencia
V-21630,2026-05-06,Estudio Contable RyR,Servicio de consultoria,11,23410.30,tarjeta
V-21631,2026-05-07,Bar La Esquina,Toner HP,12,23547.31,efectivo
V-21632,2026-05-08,Distribuidora Sur,Servicio mensual,13,23684.32,transferencia
V-21633,2026-05-09,Panaderia Ortiz,Cuaderno,14,23821.33,tarjeta
V-21634,2026-05-10,Optica Vision,Mouse inalambrico,15,23958.34,efectivo
V-21635,2026-05-11,Tech Solutions,Servicio de consultoria,16,24095.35,transferencia
V-21636,2026-05-12,Farmacia Central,Toner HP,17,24232.36,tarjeta
V-21637,2026-05-13,Hotel Plaza,Servicio mensual,18,24369.37,efectivo
V-21638,2026-05-14,Comercial Andrade,Cuaderno,19,24506.38,transferencia
V-21639,2026-05-15,Garcia SA,Mouse inalambrico,20,24643.39,tarjeta
V-21640,2026-05-16,Juan Perez,Servicio de consultoria,1,24780.40,efectivo
V-21641,2026-05-17,Marta Gomez,Toner HP,2,24917.41,transferencia
V-21642,2026-05-18,Kiosco El Sol,Servicio mensual,3,25054.42,tarjeta
V-21643,2026-05-19,Ferreteria Nuñez,Cuaderno,4,25191.43,efectivo
V-21644,2026-05-20,Estudio Contable RyR,Mouse inalambrico,5,25328.44,transferencia
V-21645,2026-05-21,Bar La Esquina,Servicio de consultoria,6,25465.45,tarjeta
V-21646,2026-05-22,Distribuidora Sur,Toner HP,7,25602.46,efectivo
V-21647,2026-05-23,Panaderia Ortiz,Servicio mensual,8,25739.47,transferencia
V-21648,2026-05-24,Optica Vision,Cuaderno,9,25876.48,tarjeta
V-21649,2026-05-25,Tech Solutions,Mouse inalambrico,10,26013.49,efectivo
V-21650,2026-05-26,Farmacia Central,Servicio de consultoria,11,26150.50,transferencia
V-21651,2026-05-27,Hotel Plaza,Toner HP,12,26287.51,tarjeta
V-21652,2026-05-28,Comercial Andrade,Servicio mensual,13,26424.52,efectivo
V-21653,2026-05-01,Garcia SA,Cuaderno,14,26561.53,transferencia
V-21654,2026-05-02,Juan Perez,Mouse inalambrico,15,26698.54,tarjeta
V-21655,2026-05-03,Marta Gomez,Servicio de consultoria,16,26835.55,efectivo
V-21656,2026-05-04,Kiosco El Sol,Toner HP,17,26972.56,transferencia
V-21657,2026-05-05,Ferreteria Nuñez,Servicio mensual,18,27109.57,tarjeta
V-21658,2026-05-06,Estudio Contable RyR,Cuaderno,19,27246.58,efectivo
V-21659,2026-05-07,Bar La Esquina,Mouse inalambrico,20,27383.59,transferencia
V-21660,2026-05-08,Distribuidora Sur,Servicio de consultoria,1,27520.60,tarjeta
V-21661,2026-05-09,Panaderia Ortiz,Toner HP,2,27657.61,efectivo
V-21662,2026-05-10,Optica Vision,Servicio mensual,3,27794.62,transferencia
V-21663,2026-05-11,Tech Solutions,Cuaderno,4,27931.63,tarjeta
V-21664,2026-05-12,Farmacia Central,Mouse inalambrico,5,28068.64,efectivo
V-21665,2026-05-13,Hotel Plaza,Servicio de consultoria,6,28205.65,transferencia
V-21666,2026-05-14,Comercial Andrade,Toner HP,7,28342.66,tarjeta
V-21667,2026-05-15,Garcia SA,Servicio mensual,8,28479.67,efectivo
V-21668,2026-05-16,Juan Perez,Cuaderno,9,28616.68,transferencia
V-21669,2026-05-17,Marta Gomez,Mouse inalambrico,10,28753.69,tarjeta
V-21670,2026-05-18,Kiosco El Sol,Servicio de consultoria,11,28890.70,efectivo
V-21671,2026-05-19,Ferreteria Nuñez,Toner HP,12,29027.71,transferencia
V-21672,2026-05-20,Estudio Contable RyR,Servicio mensual,13,29164.72,tarjeta
V-21673,2026-05-21,Bar La Esquina,Cuaderno,14,29301.73,efectivo
V-21674,2026-05-22,Distribuidora Sur,Mouse inalambrico,15,29438.74,transferencia
V-21675,2026-05-23,Panaderia Ortiz,Servicio de consultoria,16,29575.75,tarjeta
V-21676,2026-05-24,Optica Vision,Toner HP,17,29712.76,efectivo
V-21677,2026-05-25,Tech Solutions,Servicio mensual,18,29849.77,transferencia
V-21678,2026-05-26,Farmacia Central,Cuaderno,19,29986.78,tarjeta
V-21679,2026-05-27,Hotel Plaza,Mouse inalambrico,20,30123.79,efectivo
V-21680,2026-05-28,Comercial Andrade,Servicio de consultoria,1,30260.80,transferencia
V-21681,2026-05-01,Garcia SA,Toner HP,2,30397.81,tarjeta
V-21682,2026-05-02,Juan Perez,Servicio mensual,3,30534.82,efectivo
V-21683,2026-05-03,Marta Gomez,Cuaderno,4,30671.83,transferencia
V-21684,2026-05-04,Kiosco El Sol,Mouse inalambrico,5,30808.84,tarjeta
V-21685,2026-05-05,Ferreteria Nuñez,Servicio de consultoria,6,30945.85,efectivo
V-21686,2026-05-06,Estudio Contable RyR,Toner HP,7,31082.86,transferencia
V-21687,2026-05-07,Bar La Esquina,Servicio mensual,8,31219.87,tarjeta
V-21688,2026-05-08,Distribuidora Sur,Cuaderno,9,31356.88,efectivo
V-21689,2026-05-09,Panaderia Ortiz,Mouse inalambrico,10,31493.89,transferencia
V-21690,2026-05-10,Optica Vision,Servicio de consultoria,11,31630.90,tarjeta
V-21691,2026-05-11,Tech Solutions,Toner HP,12,31767.91,efectivo
V-21692,2026-05-12,Farmacia Central,Servicio mensual,13,31904.92,transferencia
V-21693,2026-05-13,Hotel Plaza,Cuaderno,14,32041.93,tarjeta
V-21694,2026-05-14,Comercial Andrade,Mouse inalambrico,15,32178.94,efectivo
V-21695,2026-05-15,Garcia SA,Servicio de consultoria,16,32315.95,transferencia
V-21696,2026-05-16,Juan Perez,Toner HP,17,32452.96,tarjeta
V-21697,2026-05-17,Marta Gomez,Servicio mensual,18,32589.97,efectivo
V-21698,2026-05-18,Kiosco El Sol,Cuaderno,19,32726.98,transferencia
V-21699,2026-05-19,Ferreteria Nuñez,Mouse inalambrico,20,32863.99,tarjeta
V-21700,2026-05-20,Estudio Contable RyR,Servicio de consultoria,1,33000.00,efectivo
V-21701,2026-05-21,Bar La Esquina,Toner HP,2,33137.01,transferencia
V-21702,2026-05-22,Distribuidora Sur,Servicio mensual,3,33274.02,tarjeta
V-21703,2026-05-23,Panaderia Ortiz,Cuaderno,4,33411.03,efectivo
V-21704,2026-05-24,Optica Vision,Mouse inalambrico,5,33548.04,transferencia
V-21705,2026-05-25,Tech Solutions,Servicio de consultoria,6,33685.05,tarjeta
V-21706,2026-05-26,Farmacia Central,Toner HP,7,33822.06,efectivo
V-21707,2026-05-27,Hotel Plaza,Servicio mensual,8,33959.07,transferencia
V-21708,2026-05-28,Comercial Andrade,Cuaderno,9,34096.08,tarjeta
V-21709,2026-05-01,Garcia SA,Mouse inalambrico,10,34233.09,efectivo
V-21710,2026-05-02,Juan Perez,Servicio de consultoria,11,34370.10,transferencia
V-21711,2026-05-03,Marta Gomez,Toner HP,12,34507.11,tarjeta
V-21712,2026-05-04,Kiosco El Sol,Servicio mensual,13,34644.12,efectivo
V-21713,2026-05-05,Ferreteria Nuñez,Cuaderno,14,34781.13,transferencia
V-21714,2026-05-06,Estudio Contable RyR,Mouse inalambrico,15,34918.14,tarjeta
V-21715,2026-05-07,Bar La Esquina,Servicio de consultoria,16,35055.15,efectivo
V-21716,2026-05-08,Distribuidora Sur,Toner HP,17,35192.16,transferencia
V-21717,2026-05-09,Panaderia Ortiz,Servicio mensual,18,35329.17,tarjeta
V-21718,2026-05-10,Optica Vision,Cuaderno,19,35466.18,efectivo
V-21719,2026-05-11,Tech Solutions,Mouse inalambrico,20,35603.19,transferencia
V-21720,2026-05-12,Farmacia Central,Servicio de consultoria,1,35740.20,tarjeta
V-21721,2026-05-13,Hotel Plaza,Toner HP,2,35877.21,efectivo
V-21722,2026-05-14,Comercial Andrade,Servicio mensual,3,36014.22,transferencia
V-21723,2026-05-15,Garcia SA,Cuaderno,4,36151.23,tarjeta
V-21724,2026-05-16,Juan Perez,Mouse inalambrico,5,36288.24,efectivo
V-21725,2026-05-17,Marta Gomez,Servicio de consultoria,6,36425.25,transferencia
V-21726,2026-05-18,Kiosco El Sol,Toner HP,7,36562.26,tarjeta
V-21727,2026-05-19,Ferreteria Nuñez,Servicio mensual,8,36699.27,efectivo
V-21728,2026-05-20,Estudio Contable RyR,Cuaderno,9,36836.28,transferencia
V-21729,2026-05-21,Bar La Esquina,Mouse inalambrico,10,36973.29,tarjeta
V-21730,2026-05-22,Distribuidora Sur,Servicio de consultoria,11,37110.30,efectivo
V-21731,2026-05-23,Panaderia Ortiz,Toner HP,12,37247.31,transferencia
V-21732,2026-05-24,Optica Vision,Servicio mensual,13,37384.32,tarjeta
V-21733,2026-05-25,Tech Solutions,Cuaderno,14,37521.33,efectivo
V-21734,2026-05-26,Farmacia Central,Mouse inalambrico,15,37658.34,transferencia
V-21735,2026-05-27,Hotel Plaza,Servicio de consultoria,16,37795.35,tarjeta
V-21736,2026-05-28,Comercial Andrade,Toner HP,17,37932.36,efectivo
V-21737,2026-05-01,Garcia SA,Servicio mensual,18,38069.37,transferencia
V-21738,2026-05-02,Juan Perez,Cuaderno,19,38206.38,tarjeta
V-21739,2026-05-03,Marta Gomez,Mouse inalambrico,20,38343.39,efectivo
V-21740,2026-05-04,Kiosco El Sol,Servicio de consultoria,1,38480.40,transferencia
V-21741,2026-05-05,Ferreteria Nuñez,Toner HP,2,38617.41,tarjeta
V-21742,2026-05-06,Estudio Contable RyR,Servicio mensual,3,38754.42,efectivo
V-21743,2026-05-07,Bar La Esquina,Cuaderno,4,38891.43,transferencia
V-21744,2026-05-08,Distribuidora Sur,Mouse inalambrico,5,39028.44,tarjeta
V-21745,2026-05-09,Panaderia Ortiz,Servicio de consultoria,6,39165.45,efectivo
V-21746,2026-05-10,Optica Vision,Toner HP,7,39302.46,transferencia
V-21747,2026-05-11,Tech Solutions,Servicio mensual,8,39439.47,tarjeta
V-21748,2026-05-12,Farmacia Central,Cuaderno,9,39576.48,efectivo
V-21749,2026-05-13,Hotel Plaza,Mouse inalambrico,10,39713.49,transferencia
V-21750,2026-05-14,Comercial Andrade,Servicio de consultoria,11,39850.50,tarjeta
V-21751,2026-05-15,Garcia SA,Toner HP,12,39987.51,efectivo
V-21752,2026-05-16,Juan Perez,Servicio mensual,13,40124.52,transferencia
V-21753,2026-05-17,Marta Gomez,Cuaderno,14,40261.53,tarjeta
V-21754,2026-05-18,Kiosco El Sol,Mouse inalambrico,15,40398.54,efectivo
V-21755,2026-05-19,Ferreteria Nuñez,Servicio de consultoria,16,40535.55,transferencia
V-21756,2026-05-20,Estudio Contable RyR,Toner HP,17,40672.56,tarjeta
V-21757,2026-05-21,Bar La Esquina,Servicio mensual,18,40809.57,efectivo
V-21758,2026-05-22,Distribuidora Sur,Cuaderno,19,40946.58,transferencia
V-21759,2026-05-23,Panaderia Ortiz,Mouse inalambrico,20,41083.59,tarjeta
V-21760,2026-05-24,Optica Vision,Servicio de consultoria,1,41220.60,efectivo
V-21761,2026-05-25,Tech Solutions,Toner HP,2,41357.61,transferencia
V-21762,2026-05-26,Farmacia Central,Servicio mensual,3,41494.62,tarjeta
V-21763,2026-05-27,Hotel Plaza,Cuaderno,4,41631.63,efectivo
V-21764,2026-05-28,Comercial Andrade,Mouse inalambrico,5,41768.64,transferencia
V-21765,2026-05-01,Garcia SA,Servicio de consultoria,6,41905.65,tarjeta
V-21766,2026-05-02,Juan Perez,Toner HP,7,42042.66,efectivo
V-21767,2026-05-03,Marta Gomez,Servicio mensual,8,42179.67,transferencia
V-21768,2026-05-04,Kiosco El Sol,Cuaderno,9,42316.68,tarjeta
V-21769,2026-05-05,Ferreteria Nuñez,Mouse inalambrico,10,42453.69,efectivo
V-21770,2026-05-06,Estudio Contable RyR,Servicio de consultoria,11,42590.70,transferencia
V-21771,2026-05-07,Bar La Esquina,Toner HP,12,42727.71,tarjeta
V-21772,2026-05-08,Distribuidora Sur,Servicio mensual,13,42864.72,efectivo
V-21773,2026-05-09,Panaderia Ortiz,Cuaderno,14,43001.73,transferencia
V-21774,2026-05-10,Optica Vision,Mouse inalambrico,15,43138.74,tarjeta
V-21775,2026-05-11,Tech Solutions,Servicio de consultoria,16,43275.75,efectivo
V-21776,2026-05-12,Farmacia Central,Toner HP,17,43412.76,transferencia
V-21777,2026-05-13,Hotel Plaza,Servicio mensual,18,43549.77,tarjeta
V-21778,2026-05-14,Comercial Andrade,Cuaderno,19,43686.78,efectivo
V-21779,2026-05-15,Garcia SA,Mouse inalambrico,20,43823.79,transferencia
V-21780,2026-05-16,Juan Perez,Servicio de consultoria,1,43960.80,tarjeta
V-21781,2026-05-17,Marta Gomez,Toner HP,2,44097.81,efectivo
V-21782,2026-05-18,Kiosco El Sol,Servicio mensual,3,44234.82,transferencia
V-21783,2026-05-19,Ferreteria Nuñez,Cuaderno,4,44371.83,tarjeta
V-21784,2026-05-20,Estudio Contable RyR,Mouse inalambrico,5,44508.84,efectivo
V-21785,2026-05-21,Bar La Esquina,Servicio de consultoria,6,44645.85,transferencia
V-21786,2026-05-22,Distribuidora Sur,Toner HP,7,44782.86,tarjeta
V-21787,2026-05-23,Panaderia Ortiz,Servicio mensual,8,44919.87,efectivo
V-21788,2026-05-24,Optica Vision,Cuaderno,9,45056.88,transferencia
V-21789,2026-05-25,Tech Solutions,Mouse inalambrico,10,45193.89,tarjeta
V-21790,2026-05-26,Farmacia Central,Servicio de consultoria,11,45330.90,efectivo
V-21791,2026-05-27,Hotel Plaza,Toner HP,12,45467.91,transferencia
V-21792,2026-05-28,Comercial Andrade,Servicio mensual,13,45604.92,tarjeta
V-21793,2026-05-01,Garcia SA,Cuaderno,14,45741.93,efectivo
V-21794,2026-05-02,Juan Perez,Mouse inalambrico,15,45878.94,transferencia
V-21795,2026-05-03,Marta Gomez,Servicio de consultoria,16,46015.95,tarjeta
V-21796,2026-05-04,Kiosco El Sol,Toner HP,17,46152.96,efectivo
V-21797,2026-05-05,Ferreteria Nuñez,Servicio mensual,18,46289.97,transferencia
V-21798,2026-05-06,Estudio Contable RyR,Cuaderno,19,46426.98,tarjeta
V-21799,2026-05-07,Bar La Esquina,Mouse inalambrico,20,46563.99,efectivo
V-21800,2026-05-08,Distribuidora Sur,Servicio de consultoria,1,46700.00,transferencia
V-21801,2026-05-09,Panaderia Ortiz,Toner HP,2,46837.01,tarjeta
V-21802,2026-05-10,Optica Vision,Servicio mensual,3,46974.02,efectivo
V-21803,2026-05-11,Tech Solutions,Cuaderno,4,47111.03,transferencia
V-21804,2026-05-12,Farmacia Central,Mouse inalambrico,5,47248.04,tarjeta
V-21805,2026-05-13,Hotel Plaza,Servicio de consultoria,6,47385.05,efectivo
V-21806,2026-05-14,Comercial Andrade,Toner HP,7,47522.06,transferencia
V-21807,2026-05-15,Garcia SA,Servicio mensual,8,47659.07,tarjeta
V-21808,2026-05-16,Juan Perez,Cuaderno,9,47796.08,efectivo
V-21809,2026-05-17,Marta Gomez,Mouse inalambrico,10,47933.09,transferencia
V-21810,2026-05-18,Kiosco El Sol,Servicio de consultoria,11,48070.10,tarjeta
V-21811,2026-05-19,Ferreteria Nuñez,Toner HP,12,48207.11,efectivo
V-21812,2026-05-20,Estudio Contable RyR,Servicio mensual,13,48344.12,transferencia
V-21813,2026-05-21,Bar La Esquina,Cuaderno,14,48481.13,tarjeta
V-21814,2026-05-22,Distribuidora Sur,Mouse inalambrico,15,48618.14,efectivo
V-21815,2026-05-23,Panaderia Ortiz,Servicio de consultoria,16,48755.15,transferencia
V-21816,2026-05-24,Optica Vision,Toner HP,17,48892.16,tarjeta
V-21817,2026-05-25,Tech Solutions,Servicio mensual,18,49029.17,efectivo
V-21818,2026-05-26,Farmacia Central,Cuaderno,19,49166.18,transferencia
V-21819,2026-05-27,Hotel Plaza,Mouse inalambrico,20,49303.19,tarjeta
V-21820,2026-05-28,Comercial Andrade,Servicio de consultoria,1,49440.20,efectivo
V-21821,2026-05-01,Garcia SA,Toner HP,2,49577.21,transferencia
V-21822,2026-05-02,Juan Perez,Servicio mensual,3,49714.22,tarjeta
V-21823,2026-05-03,Marta Gomez,Cuaderno,4,49851.23,efectivo
V-21824,2026-05-04,Kiosco El Sol,Mouse inalambrico,5,49988.24,transferencia
V-21825,2026-05-05,Ferreteria Nuñez,Servicio de consultoria,6,125.25,tarjeta
V-21826,2026-05-06,Estudio Contable RyR,Toner HP,7,262.26,efectivo
V-21827,2026-05-07,Bar La Esquina,Servicio mensual,8,399.27,transferencia
V-21828,2026-05-08,Distribuidora Sur,Cuaderno,9,536.28,tarjeta
V-21829,2026-05-09,Panaderia Ortiz,Mouse inalambrico,10,673.29,efectivo
V-21830,2026-05-10,Optica Vision,Servicio de consultoria,11,810.30,transferencia
V-21831,2026-05-11,Tech Solutions,Toner HP,12,947.31,tarjeta
V-21832,2026-05-12,Farmacia Central,Servicio mensual,13,1084.32,efectivo
V-21833,2026-05-13,Hotel Plaza,Cuaderno,14,1221.33,transferencia
V-21834,2026-05-14,Comercial Andrade,Mouse inalambrico,15,1358.34,tarjeta
V-21835,2026-05-15,Garcia SA,Servicio de consultoria,16,1495.35,efectivo
V-21836,2026-05-16,Juan Perez,Toner HP,17,1632.36,transferencia
V-21837,2026-05-17,Marta Gomez,Servicio mensual,18,1769.37,tarjeta
V-21838,2026-05-18,Kiosco El Sol,Cuaderno,19,1906.38,efectivo
V-21839,2026-05-19,Ferreteria Nuñez,Mouse inalambrico,20,2043.39,transferencia
V-21840,2026-05-20,Estudio Contable RyR,Servicio de consultoria,1,2180.40,tarjeta
V-21841,2026-05-21,Bar La Esquina,Toner HP,2,2317.41,efectivo
V-21842,2026-05-22,Distribuidora Sur,Servicio mensual,3,2454.42,transferencia
V-21843,2026-05-23,Panaderia Ortiz,Cuaderno,4,2591.43,tarjeta
V-21844,2026-05-24,Optica Vision,Mouse inalambrico,5,2728.44,efectivo
V-21845,2026-05-25,Tech Solutions,Servicio de consultoria,6,2865.45,transferencia
V-21846,2026-05-26,Farmacia Central,Toner HP,7,3002.46,tarjeta
V-21847,2026-05-27,Hotel Plaza,Servicio mensual,8,3139.47,efectivo
V-21848,2026-05-28,Comercial Andrade,Cuaderno,9,3276.48,transferencia
V-21849,2026-05-01,Garcia SA,Mouse inalambrico,10,3413.49,tarjeta
V-21850,2026-05-02,Juan Perez,Servicio de consultoria,11,3550.50,efectivo
V-21851,2026-05-03,Marta Gomez,Toner HP,12,3687.51,transferencia
V-21852,2026-05-04,Kiosco El Sol,Servicio mensual,13,3824.52,tarjeta
V-21853,2026-05-05,Ferreteria Nuñez,Cuaderno,14,3961.53,efectivo
V-21854,2026-05-06,Estudio Contable RyR,Mouse inalambrico,15,4098.54,transferencia
V-21855,2026-05-07,Bar La Esquina,Servicio de consultoria,16,4235.55,tarjeta
V-21856,2026-05-08,Distribuidora Sur,Toner HP,17,4372.56,efectivo
V-21857,2026-05-09,Panaderia Ortiz,Servicio mensual,18,4509.57,transferencia
V-21858,2026-05-10,Optica Vision,Cuaderno,19,4646.58,tarjeta
V-21859,2026-05-11,Tech Solutions,Mouse inalambrico,20,4783.59,efectivo
V-21860,2026-05-12,Farmacia Central,Servicio de consultoria,1,4920.60,transferencia
V-21861,2026-05-13,Hotel Plaza,Toner HP,2,5057.61,tarjeta
V-21862,2026-05-14,Comercial Andrade,Servicio mensual,3,5194.62,efectivo
V-21863,2026-05-15,Garcia SA,Cuaderno,4,5331.63,transferencia
V-21864,2026-05-16,Juan Perez,Mouse inalambrico,5,5468.64,tarjeta
V-21865,2026-05-17,Marta Gomez,Servicio de consultoria,6,5605.65,efectivo
V-21866,2026-05-18,Kiosco El Sol,Toner HP,7,5742.66,transferencia
V-21867,2026-05-19,Ferreteria Nuñez,Servicio mensual,8,5879.67,tarjeta
V-21868,2026-05-20,Estudio Contable RyR,Cuaderno,9,6016.68,efectivo
V-21869,2026-05-21,Bar La Esquina,Mouse inalambrico,10,6153.69,transferencia
V-21870,2026-05-22,Distribuidora Sur,Servicio de consultoria,11,6290.70,tarjeta
V-21871,2026-05-23,Panaderia Ortiz,Toner HP,12,6427.71,efectivo
V-21872,2026-05-24,Optica Vision,Servicio mensual,13,6564.72,transferencia
V-21873,2026-05-25,Tech Solutions,Cuaderno,14,6701.73,tarjeta
V-21874,2026-05-26,Farmacia Central,Mouse inalambrico,15,6838.74,efectivo
V-21875,2026-05-27,Hotel Plaza,Servicio de consultoria,16,6975.75,transferencia
V-21876,2026-05-28,Comercial Andrade,Toner HP,17,7112.76,tarjeta
V-21877,2026-05-01,Garcia SA,Servicio mensual,18,7249.77,efectivo
V-21878,2026-05-02,Juan Perez,Cuaderno,19,7386.78,transferencia
V-21879,2026-05-03,Marta Gomez,Mouse inalambrico,20,7523.79,tarjeta
V-21880,2026-05-04,Kiosco El Sol,Servicio de consultoria,1,7660.80,efectivo
V-21881,2026-05-05,Ferreteria Nuñez,Toner HP,2,7797.81,transferencia
V-21882,2026-05-06,Estudio Contable RyR,Servicio mensual,3,7934.82,tarjeta
V-21883,2026-05-07,Bar La Esquina,Cuaderno,4,8071.83,efectivo
V-21884,2026-05-08,Distribuidora Sur,Mouse inalambrico,5,8208.84,transferencia
V-21885,2026-05-09,Panaderia Ortiz,Servicio de consultoria,6,8345.85,tarjeta
V-21886,2026-05-10,Optica Vision,Toner HP,7,8482.86,efectivo
V-21887,2026-05-11,Tech Solutions,Servicio mensual,8,8619.87,transferencia
V-21888,2026-05-12,Farmacia Central,Cuaderno,9,8756.88,tarjeta
V-21889,2026-05-13,Hotel Plaza,Mouse inalambrico,10,8893.89,efectivo
V-21890,2026-05-14,Comercial Andrade,Servicio de consultoria,11,9030.90,transferencia
V-21891,2026-05-15,Garcia SA,Toner HP,12,9167.91,tarjeta
V-21892,2026-05-16,Juan Perez,Servicio mensual,13,9304.92,efectivo
V-21893,2026-05-17,Marta Gomez,Cuaderno,14,9441.93,transferencia
V-21894,2026-05-18,Kiosco El Sol,Mouse inalambrico,15,9578.94,tarjeta
V-21895,2026-05-19,Ferreteria Nuñez,Servicio de consultoria,16,9715.95,efectivo
V-21896,2026-05-20,Estudio Contable RyR,Toner HP,17,9852.96,transferencia
V-21897,2026-05-21,Bar La Esquina,Servicio mensual,18,9989.97,tarjeta
V-21898,2026-05-22,Distribuidora Sur,Cuaderno,19,10126.98,efectivo
V-21899,2026-05-23,Panaderia Ortiz,Mouse inalambrico,20,10263.99,transferencia
V-21900,2026-05-24,Optica Vision,Servicio de consultoria,1,10400.00,tarjeta
V-21901,2026-05-25,Tech Solutions,Toner HP,2,10537.01,efectivo
V-21902,2026-05-26,Farmacia Central,Servicio mensual,3,10674.02,transferencia
V-21903,2026-05-27,Hotel Plaza,Cuaderno,4,10811.03,tarjeta
V-21904,2026-05-28,Comercial Andrade,Mouse inalambrico,5,10948.04,efectivo
V-21905,2026-05-01,Garcia SA,Servicio de consultoria,6,11085.05,transferencia
V-21906,2026-05-02,Juan Perez,Toner HP,7,11222.06,tarjeta
V-21907,2026-05-03,Marta Gomez,Servicio mensual,8,11359.07,efectivo
V-21908,2026-05-04,Kiosco El Sol,Cuaderno,9,11496.08,transferencia
V-21909,2026-05-05,Ferreteria Nuñez,Mouse inalambrico,10,11633.09,tarjeta
V-21910,2026-05-06,Estudio Contable RyR,Servicio de consultoria,11,11770.10,efectivo
V-21911,2026-05-07,Bar La Esquina,Toner HP,12,11907.11,transferencia
V-21912,2026-05-08,Distribuidora Sur,Servicio mensual,13,12044.12,tarjeta
V-21913,2026-05-09,Panaderia Ortiz,Cuaderno,14,12181.13,efectivo
V-21914,2026-05-10,Optica Vision,Mouse inalambrico,15,12318.14,transferencia
V-21915,2026-05-11,Tech Solutions,Servicio de consultoria,16,12455.15,tarjeta
V-21916,2026-05-12,Farmacia Central,Toner HP,17,12592.16,efectivo
V-21917,2026-05-13,Hotel Plaza,Servicio mensual,18,12729.17,transferencia
V-21918,2026-05-14,Comercial Andrade,Cuaderno,19,12866.18,tarjeta
V-21919,2026-05-15,Garcia SA,Mouse inalambrico,20,13003.19,efectivo
V-21920,2026-05-16,Juan Perez,Servicio de consultoria,1,13140.20,transferencia
V-21921,2026-05-17,Marta Gomez,Toner HP,2,13277.21,tarjeta
V-21922,2026-05-18,Kiosco El Sol,Servicio mensual,3,13414.22,efectivo
V-21923,2026-05-19,Ferreteria Nuñez,Cuaderno,4,13551.23,transferencia
V-21924,2026-05-20,Estudio Contable RyR,Mouse inalambrico,5,13688.24,tarjeta
V-21925,2026-05-21,Bar La Esquina,Servicio de consultoria,6,13825.25,efectivo
V-21926,2026-05-22,Distribuidora Sur,Toner HP,7,13962.26,transferencia
V-21927,2026-05-23,Panaderia Ortiz,Servicio mensual,8,14099.27,tarjeta
V-21928,2026-05-24,Optica Vision,Cuaderno,9,14236.28,efectivo
V-21929,2026-05-25,Tech Solutions,Mouse inalambrico,10,14373.29,transferencia
V-21930,2026-05-26,Farmacia Central,Servicio de consultoria,11,14510.30,tarjeta
V-21931,2026-05-27,Hotel Plaza,Toner HP,12,14647.31,efectivo
V-21932,2026-05-28,Comercial Andrade,Servicio mensual,13,14784.32,transferencia
V-21933,2026-05-01,Garcia SA,Cuaderno,14,14921.33,tarjeta
V-21934,2026-05-02,Juan Perez,Mouse inalambrico,15,15058.34,efectivo
V-21935,2026-05-03,Marta Gomez,Servicio de consultoria,16,15195.35,transferencia
V-21936,2026-05-04,Kiosco El Sol,Toner HP,17,15332.36,tarjeta
V-21937,2026-05-05,Ferreteria Nuñez,Servicio mensual,18,15469.37,efectivo
V-21938,2026-05-06,Estudio Contable RyR,Cuaderno,19,15606.38,transferencia
V-21939,2026-05-07,Bar La Esquina,Mouse inalambrico,20,15743.39,tarjeta
V-21940,2026-05-08,Distribuidora Sur,Servicio de consultoria,1,15880.40,efectivo
V-21941,2026-05-09,Panaderia Ortiz,Toner HP,2,16017.41,transferencia
V-21942,2026-05-10,Optica Vision,Servicio mensual,3,16154.42,tarjeta
V-21943,2026-05-11,Tech Solutions,Cuaderno,4,16291.43,efectivo
V-21944,2026-05-12,Farmacia Central,Mouse inalambrico,5,16428.44,transferencia
V-21945,2026-05-13,Hotel Plaza,Servicio de consultoria,6,16565.45,tarjeta
V-21946,2026-05-14,Comercial Andrade,Toner HP,7,16702.46,efectivo
V-21947,2026-05-15,Garcia SA,Servicio mensual,8,16839.47,transferencia
V-21948,2026-05-16,Juan Perez,Cuaderno,9,16976.48,tarjeta
V-21949,2026-05-17,Marta Gomez,Mouse inalambrico,10,17113.49,efectivo
V-21950,2026-05-18,Kiosco El Sol,Servicio de consultoria,11,17250.50,transferencia
V-21951,2026-05-19,Ferreteria Nuñez,Toner HP,12,17387.51,tarjeta
V-21952,2026-05-20,Estudio Contable RyR,Servicio mensual,13,17524.52,efectivo
V-21953,2026-05-21,Bar La Esquina,Cuaderno,14,17661.53,transferencia
V-21954,2026-05-22,Distribuidora Sur,Mouse inalambrico,15,17798.54,tarjeta
V-21955,2026-05-23,Panaderia Ortiz,Servicio de consultoria,16,17935.55,efectivo
V-21956,2026-05-24,Optica Vision,Toner HP,17,18072.56,transferencia
V-21957,2026-05-25,Tech Solutions,Servicio mensual,18,18209.57,tarjeta
V-21958,2026-05-26,Farmacia Central,Cuaderno,19,18346.58,efectivo
V-21959,2026-05-27,Hotel Plaza,Mouse inalambrico,20,18483.59,transferencia
V-21960,2026-05-28,Comercial Andrade,Servicio de consultoria,1,18620.60,tarjeta
V-21961,2026-05-01,Garcia SA,Toner HP,2,18757.61,efectivo
V-21962,2026-05-02,Juan Perez,Servicio mensual,3,18894.62,transferencia
V-21963,2026-05-03,Marta Gomez,Cuaderno,4,19031.63,tarjeta
V-21964,2026-05-04,Kiosco El Sol,Mouse inalambrico,5,19168.64,efectivo
V-21965,2026-05-05,Ferreteria Nuñez,Servicio de consultoria,6,19305.65,transferencia
V-21966,2026-05-06,Estudio Contable RyR,Toner HP,7,19442.66,tarjeta
V-21967,2026-05-07,Bar La Esquina,Servicio mensual,8,19579.67,efectivo
V-21968,2026-05-08,Distribuidora Sur,Cuaderno,9,19716.68,transferencia
V-21969,2026-05-09,Panaderia Ortiz,Mouse inalambrico,10,19853.69,tarjeta
V-21970,2026-05-10,Optica Vision,Servicio de consultoria,11,19990.70,efectivo
V-21971,2026-05-11,Tech Solutions,Toner HP,12,20127.71,transferencia
V-21972,2026-05-12,Farmacia Central,Servicio mensual,13,20264.72,tarjeta
V-21973,2026-05-13,Hotel Plaza,Cuaderno,14,20401.73,efectivo
V-21974,2026-05-14,Comercial Andrade,Mouse inalambrico,15,20538.74,transferencia
V-21975,2026-05-15,Garcia SA,Servicio de consultoria,16,20675.75,tarjeta
V-21976,2026-05-16,Juan Perez,Toner HP,17,20812.76,efectivo
V-21977,2026-05-17,Marta Gomez,Servicio mensual,18,20949.77,transferencia
V-21978,2026-05-18,Kiosco El Sol,Cuaderno,19,21086.78,tarjeta
V-21979,2026-05-19,Ferreteria Nuñez,Mouse inalambrico,20,21223.79,efectivo
V-21980,2026-05-20,Estudio Contable RyR,Servicio de consultoria,1,21360.80,transferencia
V-21981,2026-05-21,Bar La Esquina,Toner HP,2,21497.81,tarjeta
V-21982,2026-05-22,Distribuidora Sur,Servicio mensual,3,21634.82,efectivo
V-21983,2026-05-23,Panaderia Ortiz,Cuaderno,4,21771.83,transferencia
V-21984,2026-05-24,Optica Vision,Mouse inalambrico,5,21908.84,tarjeta
V-21985,2026-05-25,Tech Solutions,Servicio de consultoria,6,22045.85,efectivo
V-21986,2026-05-26,Farmacia Central,Toner HP,7,22182.86,transferencia
V-21987,2026-05-27,Hotel Plaza,Servicio mensual,8,22319.87,tarjeta
V-21988,2026-05-28,Comercial Andrade,Cuaderno,9,22456.88,efectivo
V-21989,2026-05-01,Garcia SA,Mouse inalambrico,10,22593.89,transferencia
V-21990,2026-05-02,Juan Perez,Servicio de consultoria,11,22730.90,tarjeta
V-21991,2026-05-03,Marta Gomez,Toner HP,12,22867.91,efectivo
V-21992,2026-05-04,Kiosco El Sol,Servicio mensual,13,23004.92,transferencia
V-21993,2026-05-05,Ferreteria Nuñez,Cuaderno,14,23141.93,tarjeta
V-21994,2026-05-06,Estudio Contable RyR,Mouse inalambrico,15,23278.94,efectivo
V-21995,2026-05-07,Bar La Esquina,Servicio de consultoria,16,23415.95,transferencia
V-21996,2026-05-08,Distribuidora Sur,Toner HP,17,23552.96,tarjeta
V-21997,2026-05-09,Panaderia Ortiz,Servicio mensual,18,23689.97,efectivo
V-21998,2026-05-10,Optica Vision,Cuaderno,19,23826.98,transferencia
V-21999,2026-05-11,Tech Solutions,Mouse inalambrico,20,23963.99,tarjeta
V-22000,2026-05-12,Farmacia Central,Servicio de consultoria,1,24100.00,efectivo
V-22001,2026-05-13,Hotel Plaza,Toner HP,2,24237.01,transferencia
V-22002,2026-05-14,Comercial Andrade,Servicio mensual,3,24374.02,tarjeta
V-22003,2026-05-15,Garcia SA,Cuaderno,4,24511.03,efectivo
V-22004,2026-05-16,Juan Perez,Mouse inalambrico,5,24648.04,transferencia
V-22005,2026-05-17,Marta Gomez,Servicio de consultoria,6,24785.05,tarjeta
V-22006,2026-05-18,Kiosco El Sol,Toner HP,7,24922.06,efectivo
V-22007,2026-05-19,Ferreteria Nuñez,Servicio mensual,8,25059.07,transferencia
V-22008,2026-05-20,Estudio Contable RyR,Cuaderno,9,25196.08,tarjeta
V-22009,2026-05-21,Bar La Esquina,Mouse inalambrico,10,25333.09,efectivo
V-22010,2026-05-22,Distribuidora Sur,Servicio de consultoria,11,25470.10,transferencia
V-22011,2026-05-23,Panaderia Ortiz,Toner HP,12,25607.11,tarjeta
V-22012,2026-05-24,Optica Vision,Servicio mensual,13,25744.12,efectivo
V-22013,2026-05-25,Tech Solutions,Cuaderno,14,25881.13,transferencia
V-22014,2026-05-26,Farmacia Central,Mouse inalambrico,15,26018.14,tarjeta
V-22015,2026-05-27,Hotel Plaza,Servicio de consultoria,16,26155.15,efectivo
V-22016,2026-05-28,Comercial Andrade,Toner HP,17,26292.16,transferencia
V-22017,2026-05-01,Garcia SA,Servicio mensual,18,26429.17,tarjeta
V-22018,2026-05-02,Juan Perez,Cuaderno,19,26566.18,efectivo
V-22019,2026-05-03,Marta Gomez,Mouse inalambrico,20,26703.19,transferencia
V-22020,2026-05-04,Kiosco El Sol,Servicio de consultoria,1,26840.20,tarjeta
V-22021,2026-05-05,Ferreteria Nuñez,Toner HP,2,26977.21,efectivo
V-22022,2026-05-06,Estudio Contable RyR,Servicio mensual,3,27114.22,transferencia
V-22023,2026-05-07,Bar La Esquina,Cuaderno,4,27251.23,tarjeta
V-22024,2026-05-08,Distribuidora Sur,Mouse inalambrico,5,27388.24,efectivo
V-22025,2026-05-09,Panaderia Ortiz,Servicio de consultoria,6,27525.25,transferencia
V-22026,2026-05-10,Optica Vision,Toner HP,7,27662.26,tarjeta
V-22027,2026-05-11,Tech Solutions,Servicio mensual,8,27799.27,efectivo
V-22028,2026-05-12,Farmacia Central,Cuaderno,9,27936.28,transferencia
V-22029,2026-05-13,Hotel Plaza,Mouse inalambrico,10,28073.29,tarjeta
V-22030,2026-05-14,Comercial Andrade,Servicio de consultoria,11,28210.30,efectivo
V-22031,2026-05-15,Garcia SA,Toner HP,12,28347.31,transferencia
V-22032,2026-05-16,Juan Perez,Servicio mensual,13,28484.32,tarjeta
V-22033,2026-05-17,Marta Gomez,Cuaderno,14,28621.33,efectivo
V-22034,2026-05-18,Kiosco El Sol,Mouse inalambrico,15,28758.34,transferencia
V-22035,2026-05-19,Ferreteria Nuñez,Servicio de consultoria,16,28895.35,tarjeta
V-22036,2026-05-20,Estudio Contable RyR,Toner HP,17,29032.36,efectivo
V-22037,2026-05-21,Bar La Esquina,Servicio mensual,18,29169.37,transferencia
V-22038,2026-05-22,Distribuidora Sur,Cuaderno,19,29306.38,tarjeta
V-22039,2026-05-23,Panaderia Ortiz,Mouse inalambrico,20,29443.39,efectivo
V-22040,2026-05-24,Optica Vision,Servicio de consultoria,1,29580.40,transferencia
V-22041,2026-05-25,Tech Solutions,Toner HP,2,29717.41,tarjeta
V-22042,2026-05-26,Farmacia Central,Servicio mensual,3,29854.42,efectivo
V-22043,2026-05-27,Hotel Plaza,Cuaderno,4,29991.43,transferencia
V-22044,2026-05-28,Comercial Andrade,Mouse inalambrico,5,30128.44,tarjeta
V-22045,2026-05-01,Garcia SA,Servicio de consultoria,6,30265.45,efectivo
V-22046,2026-05-02,Juan Perez,Toner HP,7,30402.46,transferencia
V-22047,2026-05-03,Marta Gomez,Servicio mensual,8,30539.47,tarjeta
V-22048,2026-05-04,Kiosco El Sol,Cuaderno,9,30676.48,efectivo
V-22049,2026-05-05,Ferreteria Nuñez,Mouse inalambrico,10,30813.49,transferencia
V-22050,2026-05-06,Estudio Contable RyR,Servicio de consultoria,11,30950.50,tarjeta
V-22051,2026-05-07,Bar La Esquina,Toner HP,12,31087.51,efectivo
V-22052,2026-05-08,Distribuidora Sur,Servicio mensual,13,31224.52,transferencia
V-22053,2026-05-09,Panaderia Ortiz,Cuaderno,14,31361.53,tarjeta
V-22054,2026-05-10,Optica Vision,Mouse inalambrico,15,31498.54,efectivo
V-22055,2026-05-11,Tech Solutions,Servicio de consultoria,16,31635.55,transferencia
V-22056,2026-05-12,Farmacia Central,Toner HP,17,31772.56,tarjeta
V-22057,2026-05-13,Hotel Plaza,Servicio mensual,18,31909.57,efectivo
V-22058,2026-05-14,Comercial Andrade,Cuaderno,19,32046.58,transferencia
V-22059,2026-05-15,Garcia SA,Mouse inalambrico,20,32183.59,tarjeta
V-22060,2026-05-16,Juan Perez,Servicio de consultoria,1,32320.60,efectivo
V-22061,2026-05-17,Marta Gomez,Toner HP,2,32457.61,transferencia
V-22062,2026-05-18,Kiosco El Sol,Servicio mensual,3,32594.62,tarjeta
V-22063,2026-05-19,Ferreteria Nuñez,Cuaderno,4,32731.63,efectivo
V-22064,2026-05-20,Estudio Contable RyR,Mouse inalambrico,5,32868.64,transferencia
V-22065,2026-05-21,Bar La Esquina,Servicio de consultoria,6,33005.65,tarjeta
V-22066,2026-05-22,Distribuidora Sur,Toner HP,7,33142.66,efectivo
V-22067,2026-05-23,Panaderia Ortiz,Servicio mensual,8,33279.67,transferencia
V-22068,2026-05-24,Optica Vision,Cuaderno,9,33416.68,tarjeta
V-22069,2026-05-25,Tech Solutions,Mouse inalambrico,10,33553.69,efectivo
V-22070,2026-05-26,Farmacia Central,Servicio de consultoria,11,33690.70,transferencia
V-22071,2026-05-27,Hotel Plaza,Toner HP,12,33827.71,tarjeta
V-22072,2026-05-28,Comercial Andrade,Servicio mensual,13,33964.72,efectivo
V-22073,2026-05-01,Garcia SA,Cuaderno,14,34101.73,transferencia
V-22074,2026-05-02,Juan Perez,Mouse inalambrico,15,34238.74,tarjeta
V-22075,2026-05-03,Marta Gomez,Servicio de consultoria,16,34375.75,efectivo
V-22076,2026-05-04,Kiosco El Sol,Toner HP,17,34512.76,transferencia
V-22077,2026-05-05,Ferreteria Nuñez,Servicio mensual,18,34649.77,tarjeta
V-22078,2026-05-06,Estudio Contable RyR,Cuaderno,19,34786.78,efectivo
V-22079,2026-05-07,Bar La Esquina,Mouse inalambrico,20,34923.79,transferencia
V-22080,2026-05-08,Distribuidora Sur,Servicio de consultoria,1,35060.80,tarjeta
V-22081,2026-05-09,Panaderia Ortiz,Toner HP,2,35197.81,efectivo
V-22082,2026-05-10,Optica Vision,Servicio mensual,3,35334.82,transferencia
V-22083,2026-05-11,Tech Solutions,Cuaderno,4,35471.83,tarjeta
V-22084,2026-05-12,Farmacia Central,Mouse inalambrico,5,35608.84,efectivo
V-22085,2026-05-13,Hotel Plaza,Servicio de consultoria,6,35745.85,transferencia
V-22086,2026-05-14,Comercial Andrade,Toner HP,7,35882.86,tarjeta
V-22087,2026-05-15,Garcia SA,Servicio mensual,8,36019.87,efectivo
V-22088,2026-05-16,Juan Perez,Cuaderno,9,36156.88,transferencia
V-22089,2026-05-17,Marta Gomez,Mouse inalambrico,10,36293.89,tarjeta
V-22090,2026-05-18,Kiosco El Sol,Servicio de consultoria,11,36430.90,efectivo
V-22091,2026-05-19,Ferreteria Nuñez,Toner HP,12,36567.91,transferencia
V-22092,2026-05-20,Estudio Contable RyR,Servicio mensual,13,36704.92,tarjeta
V-22093,2026-05-21,Bar La Esquina,Cuaderno,14,36841.93,efectivo
V-22094,2026-05-22,Distribuidora Sur,Mouse inalambrico,15,36978.94,transferencia
V-22095,2026-05-23,Panaderia Ortiz,Servicio de consultoria,16,37115.95,tarjeta
V-22096,2026-05-24,Optica Vision,Toner HP,17,37252.96,efectivo
V-22097,2026-05-25,Tech Solutions,Servicio mensual,18,37389.97,transferencia
V-22098,2026-05-26,Farmacia Central,Cuaderno,19,37526.98,tarjeta
V-22099,2026-05-27,Hotel Plaza,Mouse inalambrico,20,37663.99,efectivo
V-22100,2026-05-28,Comercial Andrade,Servicio de consultoria,1,37800.00,transferencia
V-22101,2026-05-01,Garcia SA,Toner HP,2,37937.01,tarjeta
V-22102,2026-05-02,Juan Perez,Servicio mensual,3,38074.02,efectivo
V-22103,2026-05-03,Marta Gomez,Cuaderno,4,38211.03,transferencia
V-22104,2026-05-04,Kiosco El Sol,Mouse inalambrico,5,38348.04,tarjeta
V-22105,2026-05-05,Ferreteria Nuñez,Servicio de consultoria,6,38485.05,efectivo
V-22106,2026-05-06,Estudio Contable RyR,Toner HP,7,38622.06,transferencia
V-22107,2026-05-07,Bar La Esquina,Servicio mensual,8,38759.07,tarjeta
V-22108,2026-05-08,Distribuidora Sur,Cuaderno,9,38896.08,efectivo
V-22109,2026-05-09,Panaderia Ortiz,Mouse inalambrico,10,39033.09,transferencia
V-22110,2026-05-10,Optica Vision,Servicio de consultoria,11,39170.10,tarjeta
V-22111,2026-05-11,Tech Solutions,Toner HP,12,39307.11,efectivo
V-22112,2026-05-12,Farmacia Central,Servicio mensual,13,39444.12,transferencia
V-22113,2026-05-13,Hotel Plaza,Cuaderno,14,39581.13,tarjeta
V-22114,2026-05-14,Comercial Andrade,Mouse inalambrico,15,39718.14,efectivo
V-22115,2026-05-15,Garcia SA,Servicio de consultoria,16,39855.15,transferencia
V-22116,2026-05-16,Juan Perez,Toner HP,17,39992.16,tarjeta
V-22117,2026-05-17,Marta Gomez,Servicio mensual,18,40129.17,efectivo
V-22118,2026-05-18,Kiosco El Sol,Cuaderno,19,40266.18,transferencia
V-22119,2026-05-19,Ferreteria Nuñez,Mouse inalambrico,20,40403.19,tarjeta
V-22120,2026-05-20,Estudio Contable RyR,Servicio de consultoria,1,40540.20,efectivo
V-22121,2026-05-21,Bar La Esquina,Toner HP,2,40677.21,transferencia
V-22122,2026-05-22,Distribuidora Sur,Servicio mensual,3,40814.22,tarjeta
V-22123,2026-05-23,Panaderia Ortiz,Cuaderno,4,40951.23,efectivo
V-22124,2026-05-24,Optica Vision,Mouse inalambrico,5,41088.24,transferencia
V-22125,2026-05-25,Tech Solutions,Servicio de consultoria,6,41225.25,tarjeta
V-22126,2026-05-26,Farmacia Central,Toner HP,7,41362.26,efectivo
V-22127,2026-05-27,Hotel Plaza,Servicio mensual,8,41499.27,transferencia
V-22128,2026-05-28,Comercial Andrade,Cuaderno,9,41636.28,tarjeta
V-22129,2026-05-01,Garcia SA,Mouse inalambrico,10,41773.29,efectivo
V-22130,2026-05-02,Juan Perez,Servicio de consultoria,11,41910.30,transferencia
V-22131,2026-05-03,Marta Gomez,Toner HP,12,42047.31,tarjeta
V-22132,2026-05-04,Kiosco El Sol,Servicio mensual,13,42184.32,efectivo
V-22133,2026-05-05,Ferreteria Nuñez,Cuaderno,14,42321.33,transferencia
V-22134,2026-05-06,Estudio Contable RyR,Mouse inalambrico,15,42458.34,tarjeta
V-22135,2026-05-07,Bar La Esquina,Servicio de consultoria,16,42595.35,efectivo
V-22136,2026-05-08,Distribuidora Sur,Toner HP,17,42732.36,transferencia
V-22137,2026-05-09,Panaderia Ortiz,Servicio mensual,18,42869.37,tarjeta
V-22138,2026-05-10,Optica Vision,Cuaderno,19,43006.38,efectivo
V-22139,2026-05-11,Tech Solutions,Mouse inalambrico,20,43143.39,transferencia
V-22140,2026-05-12,Farmacia Central,Servicio de consultoria,1,43280.40,tarjeta
V-22141,2026-05-13,Hotel Plaza,Toner HP,2,43417.41,efectivo
V-22142,2026-05-14,Comercial Andrade,Servicio mensual,3,43554.42,transferencia
V-22143,2026-05-15,Garcia SA,Cuaderno,4,43691.43,tarjeta
V-22144,2026-05-16,Juan Perez,Mouse inalambrico,5,43828.44,efectivo
V-22145,2026-05-17,Marta Gomez,Servicio de consultoria,6,43965.45,transferencia
V-22146,2026-05-18,Kiosco El Sol,Toner HP,7,44102.46,tarjeta
V-22147,2026-05-19,Ferreteria Nuñez,Servicio mensual,8,44239.47,efectivo
V-22148,2026-05-20,Estudio Contable RyR,Cuaderno,9,44376.48,transferencia
V-22149,2026-05-21,Bar La Esquina,Mouse inalambrico,10,44513.49,tarjeta
V-22150,2026-05-22,Distribuidora Sur,Servicio de consultoria,11,44650.50,efectivo
V-22151,2026-05-23,Panaderia Ortiz,Toner HP,12,44787.51,transferencia
V-22152,2026-05-24,Optica Vision,Servicio mensual,13,44924.52,tarjeta
V-22153,2026-05-25,Tech Solutions,Cuaderno,14,45061.53,efectivo
V-22154,2026-05-26,Farmacia Central,Mouse inalambrico,15,45198.54,transferencia
V-22155,2026-05-27,Hotel Plaza,Servicio de consultoria,16,45335.55,tarjeta
V-22156,2026-05-28,Comercial Andrade,Toner HP,17,45472.56,efectivo
V-22157,2026-05-01,Garcia SA,Servicio mensual,18,45609.57,transferencia
V-22158,2026-05-02,Juan Perez,Cuaderno,19,45746.58,tarjeta
V-22159,2026-05-03,Marta Gomez,Mouse inalambrico,20,45883.59,efectivo
V-22160,2026-05-04,Kiosco El Sol,Servicio de consultoria,1,46020.60,transferencia
V-22161,2026-05-05,Ferreteria Nuñez,Toner HP,2,46157.61,tarjeta
V-22162,2026-05-06,Estudio Contable RyR,Servicio mensual,3,46294.62,efectivo
V-22163,2026-05-07,Bar La Esquina,Cuaderno,4,46431.63,transferencia
V-22164,2026-05-08,Distribuidora Sur,Mouse inalambrico,5,46568.64,tarjeta
V-22165,2026-05-09,Panaderia Ortiz,Servicio de consultoria,6,46705.65,efectivo
V-22166,2026-05-10,Optica Vision,Toner HP,7,46842.66,transferencia
V-22167,2026-05-11,Tech Solutions,Servicio mensual,8,46979.67,tarjeta
V-22168,2026-05-12,Farmacia Central,Cuaderno,9,47116.68,efectivo
V-22169,2026-05-13,Hotel Plaza,Mouse inalambrico,10,47253.69,transferencia
V-22170,2026-05-14,Comercial Andrade,Servicio de consultoria,11,47390.70,tarjeta
V-22171,2026-05-15,Garcia SA,Toner HP,12,47527.71,efectivo
V-22172,2026-05-16,Juan Perez,Servicio mensual,13,47664.72,transferencia
V-22173,2026-05-17,Marta Gomez,Cuaderno,14,47801.73,tarjeta
V-22174,2026-05-18,Kiosco El Sol,Mouse inalambrico,15,47938.74,efectivo
V-22175,2026-05-19,Ferreteria Nuñez,Servicio de consultoria,16,48075.75,transferencia
V-22176,2026-05-20,Estudio Contable RyR,Toner HP,17,48212.76,tarjeta
V-22177,2026-05-21,Bar La Esquina,Servicio mensual,18,48349.77,efectivo
V-22178,2026-05-22,Distribuidora Sur,Cuaderno,19,48486.78,transferencia
V-22179,2026-05-23,Panaderia Ortiz,Mouse inalambrico,20,48623.79,tarjeta
V-22180,2026-05-24,Optica Vision,Servicio de consultoria,1,48760.80,efectivo
V-22181,2026-05-25,Tech Solutions,Toner HP,2,48897.81,transferencia
V-22182,2026-05-26,Farmacia Central,Servicio mensual,3,49034.82,tarjeta
V-22183,2026-05-27,Hotel Plaza,Cuaderno,4,49171.83,efectivo
V-22184,2026-05-28,Comercial Andrade,Mouse inalambrico,5,49308.84,transferencia
V-22185,2026-05-01,Garcia SA,Servicio de consultoria,6,49445.85,tarjeta
V-22186,2026-05-02,Juan Perez,Toner HP,7,49582.86,efectivo
V-22187,2026-05-03,Marta Gomez,Servicio mensual,8,49719.87,transferencia
V-22188,2026-05-04,Kiosco El Sol,Cuaderno,9,49856.88,tarjeta
V-22189,2026-05-05,Ferreteria Nuñez,Mouse inalambrico,10,49993.89,efectivo
V-22190,2026-05-06,Estudio Contable RyR,Servicio de consultoria,11,130.90,transferencia
V-22191,2026-05-07,Bar La Esquina,Toner HP,12,267.91,tarjeta
V-22192,2026-05-08,Distribuidora Sur,Servicio mensual,13,404.92,efectivo
V-22193,2026-05-09,Panaderia Ortiz,Cuaderno,14,541.93,transferencia
V-22194,2026-05-10,Optica Vision,Mouse inalambrico,15,678.94,tarjeta
V-22195,2026-05-11,Tech Solutions,Servicio de consultoria,16,815.95,efectivo
V-22196,2026-05-12,Farmacia Central,Toner HP,17,952.96,transferencia
V-22197,2026-05-13,Hotel Plaza,Servicio mensual,18,1089.97,tarjeta
V-22198,2026-05-14,Comercial Andrade,Cuaderno,19,1226.98,efectivo
V-22199,2026-05-15,Garcia SA,Mouse inalambrico,20,1363.99,transferencia
V-22200,2026-05-16,Juan Perez,Servicio de consultoria,1,1500.00,tarjeta
V-22201,2026-05-17,Marta Gomez,Toner HP,2,1637.01,efectivo
V-22202,2026-05-18,Kiosco El Sol,Servicio mensual,3,1774.02,transferencia
V-22203,2026-05-19,Ferreteria Nuñez,Cuaderno,4,1911.03,tarjeta
V-22204,2026-05-20,Estudio Contable RyR,Mouse inalambrico,5,2048.04,efectivo
V-22205,2026-05-21,Bar La Esquina,Servicio de consultoria,6,2185.05,transferencia
V-22206,2026-05-22,Distribuidora Sur,Toner HP,7,2322.06,tarjeta
V-22207,2026-05-23,Panaderia Ortiz,Servicio mensual,8,2459.07,efectivo
V-22208,2026-05-24,Optica Vision,Cuaderno,9,2596.08,transferencia
V-22209,2026-05-25,Tech Solutions,Mouse inalambrico,10,2733.09,tarjeta
V-22210,2026-05-26,Farmacia Central,Servicio de consultoria,11,2870.10,efectivo
V-22211,2026-05-27,Hotel Plaza,Toner HP,12,3007.11,transferencia
V-22212,2026-05-28,Comercial Andrade,Servicio mensual,13,3144.12,tarjeta
V-22213,2026-05-01,Garcia SA,Cuaderno,14,3281.13,efectivo
V-22214,2026-05-02,Juan Perez,Mouse inalambrico,15,3418.14,transferencia
V-22215,2026-05-03,Marta Gomez,Servicio de consultoria,16,3555.15,tarjeta
V-22216,2026-05-04,Kiosco El Sol,Toner HP,17,3692.16,efectivo
V-22217,2026-05-05,Ferreteria Nuñez,Servicio mensual,18,3829.17,transferencia
V-22218,2026-05-06,Estudio Contable RyR,Cuaderno,19,3966.18,tarjeta
V-22219,2026-05-07,Bar La Esquina,Mouse inalambrico,20,4103.19,efectivo
V-22220,2026-05-08,Distribuidora Sur,Servicio de consultoria,1,4240.20,transferencia
V-22221,2026-05-09,Panaderia Ortiz,Toner HP,2,4377.21,tarjeta
V-22222,2026-05-10,Optica Vision,Servicio mensual,3,4514.22,efectivo
V-22223,2026-05-11,Tech Solutions,Cuaderno,4,4651.23,transferencia
V-22224,2026-05-12,Farmacia Central,Mouse inalambrico,5,4788.24,tarjeta
V-22225,2026-05-13,Hotel Plaza,Servicio de consultoria,6,4925.25,efectivo
V-22226,2026-05-14,Comercial Andrade,Toner HP,7,5062.26,transferencia
V-22227,2026-05-15,Garcia SA,Servicio mensual,8,5199.27,tarjeta
V-22228,2026-05-16,Juan Perez,Cuaderno,9,5336.28,efectivo
V-22229,2026-05-17,Marta Gomez,Mouse inalambrico,10,5473.29,transferencia
V-22230,2026-05-18,Kiosco El Sol,Servicio de consultoria,11,5610.30,tarjeta
V-22231,2026-05-19,Ferreteria Nuñez,Toner HP,12,5747.31,efectivo
V-22232,2026-05-20,Estudio Contable RyR,Servicio mensual,13,5884.32,transferencia
V-22233,2026-05-21,Bar La Esquina,Cuaderno,14,6021.33,tarjeta
V-22234,2026-05-22,Distribuidora Sur,Mouse inalambrico,15,6158.34,efectivo
V-22235,2026-05-23,Panaderia Ortiz,Servicio de consultoria,16,6295.35,transferencia
V-22236,2026-05-24,Optica Vision,Toner HP,17,6432.36,tarjeta
V-22237,2026-05-25,Tech Solutions,Servicio mensual,18,6569.37,efectivo
V-22238,2026-05-26,Farmacia Central,Cuaderno,19,6706.38,transferencia
V-22239,2026-05-27,Hotel Plaza,Mouse inalambrico,20,6843.39,tarjeta
V-22240,2026-05-28,Comercial Andrade,Servicio de consultoria,1,6980.40,efectivo
V-22241,2026-05-01,Garcia SA,Toner HP,2,7117.41,transferencia
V-22242,2026-05-02,Juan Perez,Servicio mensual,3,7254.42,tarjeta
V-22243,2026-05-03,Marta Gomez,Cuaderno,4,7391.43,efectivo
V-22244,2026-05-04,Kiosco El Sol,Mouse inalambrico,5,7528.44,transferencia
V-22245,2026-05-05,Ferreteria Nuñez,Servicio de consultoria,6,7665.45,tarjeta
V-22246,2026-05-06,Estudio Contable RyR,Toner HP,7,7802.46,efectivo
V-22247,2026-05-07,Bar La Esquina,Servicio mensual,8,7939.47,transferencia
V-22248,2026-05-08,Distribuidora Sur,Cuaderno,9,8076.48,tarjeta
V-22249,2026-05-09,Panaderia Ortiz,Mouse inalambrico,10,8213.49,efectivo
V-22250,2026-05-10,Optica Vision,Servicio de consultoria,11,8350.50,transferencia
V-22251,2026-05-11,Tech Solutions,Toner HP,12,8487.51,tarjeta
V-22252,2026-05-12,Farmacia Central,Servicio mensual,13,8624.52,efectivo
V-22253,2026-05-13,Hotel Plaza,Cuaderno,14,8761.53,transferencia
V-22254,2026-05-14,Comercial Andrade,Mouse inalambrico,15,8898.54,tarjeta
V-22255,2026-05-15,Garcia SA,Servicio de consultoria,16,9035.55,efectivo
V-22256,2026-05-16,Juan Perez,Toner HP,17,9172.56,transferencia
V-22257,2026-05-17,Marta Gomez,Servicio mensual,18,9309.57,tarjeta
V-22258,2026-05-18,Kiosco El Sol,Cuaderno,19,9446.58,efectivo
V-22259,2026-05-19,Ferreteria Nuñez,Mouse inalambrico,20,9583.59,transferencia
V-22260,2026-05-20,Estudio Contable RyR,Servicio de consultoria,1,9720.60,tarjeta
V-22261,2026-05-21,Bar La Esquina,Toner HP,2,9857.61,efectivo
V-22262,2026-05-22,Distribuidora Sur,Servicio mensual,3,9994.62,transferencia
V-22263,2026-05-23,Panaderia Ortiz,Cuaderno,4,10131.63,tarjeta
V-22264,2026-05-24,Optica Vision,Mouse inalambrico,5,10268.64,efectivo
V-22265,2026-05-25,Tech Solutions,Servicio de consultoria,6,10405.65,transferencia
V-22266,2026-05-26,Farmacia Central,Toner HP,7,10542.66,tarjeta
V-22267,2026-05-27,Hotel Plaza,Servicio mensual,8,10679.67,efectivo
V-22268,2026-05-28,Comercial Andrade,Cuaderno,9,10816.68,transferencia
V-22269,2026-05-01,Garcia SA,Mouse inalambrico,10,10953.69,tarjeta
V-22270,2026-05-02,Juan Perez,Servicio de consultoria,11,11090.70,efectivo
V-22271,2026-05-03,Marta Gomez,Toner HP,12,11227.71,transferencia
V-22272,2026-05-04,Kiosco El Sol,Servicio mensual,13,11364.72,tarjeta
V-22273,2026-05-05,Ferreteria Nuñez,Cuaderno,14,11501.73,efectivo
V-22274,2026-05-06,Estudio Contable RyR,Mouse inalambrico,15,11638.74,transferencia
V-22275,2026-05-07,Bar La Esquina,Servicio de consultoria,16,11775.75,tarjeta
V-22276,2026-05-08,Distribuidora Sur,Toner HP,17,11912.76,efectivo
V-22277,2026-05-09,Panaderia Ortiz,Servicio mensual,18,12049.77,transferencia
V-22278,2026-05-10,Optica Vision,Cuaderno,19,12186.78,tarjeta
V-22279,2026-05-11,Tech Solutions,Mouse inalambrico,20,12323.79,efectivo
V-22280,2026-05-12,Farmacia Central,Servicio de consultoria,1,12460.80,transferencia
V-22281,2026-05-13,Hotel Plaza,Toner HP,2,12597.81,tarjeta
V-22282,2026-05-14,Comercial Andrade,Servicio mensual,3,12734.82,efectivo
V-22283,2026-05-15,Garcia SA,Cuaderno,4,12871.83,transferencia
V-22284,2026-05-16,Juan Perez,Mouse inalambrico,5,13008.84,tarjeta
V-22285,2026-05-17,Marta Gomez,Servicio de consultoria,6,13145.85,efectivo
V-22286,2026-05-18,Kiosco El Sol,Toner HP,7,13282.86,transferencia
V-22287,2026-05-19,Ferreteria Nuñez,Servicio mensual,8,13419.87,tarjeta
V-22288,2026-05-20,Estudio Contable RyR,Cuaderno,9,13556.88,efectivo
V-22289,2026-05-21,Bar La Esquina,Mouse inalambrico,10,13693.89,transferencia
V-22290,2026-05-22,Distribuidora Sur,Servicio de consultoria,11,13830.90,tarjeta
V-22291,2026-05-23,Panaderia Ortiz,Toner HP,12,13967.91,efectivo
V-22292,2026-05-24,Optica Vision,Servicio mensual,13,14104.92,transferencia
V-22293,2026-05-25,Tech Solutions,Cuaderno,14,14241.93,tarjeta
V-22294,2026-05-26,Farmacia Central,Mouse inalambrico,15,14378.94,efectivo
V-22295,2026-05-27,Hotel Plaza,Servicio de consultoria,16,14515.95,transferencia
V-22296,2026-05-28,Comercial Andrade,Toner HP,17,14652.96,tarjeta
V-22297,2026-05-01,Garcia SA,Servicio mensual,18,14789.97,efectivo
V-22298,2026-05-02,Juan Perez,Cuaderno,19,14926.98,transferencia
V-22299,2026-05-03,Marta Gomez,Mouse inalambrico,20,15063.99,tarjeta
V-22300,2026-05-04,Kiosco El Sol,Servicio de consultoria,1,15200.00,efectivo
V-22301,2026-05-05,Ferreteria Nuñez,Toner HP,2,15337.01,transferencia
V-22302,2026-05-06,Estudio Contable RyR,Servicio mensual,3,15474.02,tarjeta
V-22303,2026-05-07,Bar La Esquina,Cuaderno,4,15611.03,efectivo
V-22304,2026-05-08,Distribuidora Sur,Mouse inalambrico,5,15748.04,transferencia
V-22305,2026-05-09,Panaderia Ortiz,Servicio de consultoria,6,15885.05,tarjeta
V-22306,2026-05-10,Optica Vision,Toner HP,7,16022.06,efectivo
V-22307,2026-05-11,Tech Solutions,Servicio mensual,8,16159.07,transferencia
V-22308,2026-05-12,Farmacia Central,Cuaderno,9,16296.08,tarjeta
V-22309,2026-05-13,Hotel Plaza,Mouse inalambrico,10,16433.09,efectivo
V-22310,2026-05-14,Comercial Andrade,Servicio de consultoria,11,16570.10,transferencia
V-22311,2026-05-15,Garcia SA,Toner HP,12,16707.11,tarjeta
V-22312,2026-05-16,Juan Perez,Servicio mensual,13,16844.12,efectivo
V-22313,2026-05-17,Marta Gomez,Cuaderno,14,16981.13,transferencia
V-22314,2026-05-18,Kiosco El Sol,Mouse inalambrico,15,17118.14,tarjeta
V-22315,2026-05-19,Ferreteria Nuñez,Servicio de consultoria,16,17255.15,efectivo
V-22316,2026-05-20,Estudio Contable RyR,Toner HP,17,17392.16,transferencia
V-22317,2026-05-21,Bar La Esquina,Servicio mensual,18,17529.17,tarjeta
V-22318,2026-05-22,Distribuidora Sur,Cuaderno,19,17666.18,efectivo
V-22319,2026-05-23,Panaderia Ortiz,Mouse inalambrico,20,17803.19,transferencia
V-22320,2026-05-24,Optica Vision,Servicio de consultoria,1,17940.20,tarjeta
V-22321,2026-05-25,Tech Solutions,Toner HP,2,18077.21,efectivo
V-22322,2026-05-26,Farmacia Central,Servicio mensual,3,18214.22,transferencia
V-22323,2026-05-27,Hotel Plaza,Cuaderno,4,18351.23,tarjeta
V-22324,2026-05-28,Comercial Andrade,Mouse inalambrico,5,18488.24,efectivo
V-22325,2026-05-01,Garcia SA,Servicio de consultoria,6,18625.25,transferencia
V-22326,2026-05-02,Juan Perez,Toner HP,7,18762.26,tarjeta
V-22327,2026-05-03,Marta Gomez,Servicio mensual,8,18899.27,efectivo
V-22328,2026-05-04,Kiosco El Sol,Cuaderno,9,19036.28,transferencia
V-22329,2026-05-05,Ferreteria Nuñez,Mouse inalambrico,10,19173.29,tarjeta
V-22330,2026-05-06,Estudio Contable RyR,Servicio de consultoria,11,19310.30,efectivo
V-22331,2026-05-07,Bar La Esquina,Toner HP,12,19447.31,transferencia
V-22332,2026-05-08,Distribuidora Sur,Servicio mensual,13,19584.32,tarjeta
V-22333,2026-05-09,Panaderia Ortiz,Cuaderno,14,19721.33,efectivo
V-22334,2026-05-10,Optica Vision,Mouse inalambrico,15,19858.34,transferencia
V-22335,2026-05-11,Tech Solutions,Servicio de consultoria,16,19995.35,tarjeta
V-22336,2026-05-12,Farmacia Central,Toner HP,17,20132.36,efectivo
V-22337,2026-05-13,Hotel Plaza,Servicio mensual,18,20269.37,transferencia
V-22338,2026-05-14,Comercial Andrade,Cuaderno,19,20406.38,tarjeta
V-22339,2026-05-15,Garcia SA,Mouse inalambrico,20,20543.39,efectivo
V-22340,2026-05-16,Juan Perez,Servicio de consultoria,1,20680.40,transferencia
V-22341,2026-05-17,Marta Gomez,Toner HP,2,20817.41,tarjeta
V-22342,2026-05-18,Kiosco El Sol,Servicio mensual,3,20954.42,efectivo
V-22343,2026-05-19,Ferreteria Nuñez,Cuaderno,4,21091.43,transferencia
V-22344,2026-05-20,Estudio Contable RyR,Mouse inalambrico,5,21228.44,tarjeta
V-22345,2026-05-21,Bar La Esquina,Servicio de consultoria,6,21365.45,efectivo
V-22346,2026-05-22,Distribuidora Sur,Toner HP,7,21502.46,transferencia
V-22347,2026-05-23,Panaderia Ortiz,Servicio mensual,8,21639.47,tarjeta
V-22348,2026-05-24,Optica Vision,Cuaderno,9,21776.48,efectivo
V-22349,2026-05-25,Tech Solutions,Mouse inalambrico,10,21913.49,transferencia
V-22350,2026-05-26,Farmacia Central,Servicio de consultoria,11,22050.50,tarjeta
V-22351,2026-05-27,Hotel Plaza,Toner HP,12,22187.51,efectivo
V-22352,2026-05-28,Comercial Andrade,Servicio mensual,13,22324.52,transferencia
V-22353,2026-05-01,Garcia SA,Cuaderno,14,22461.53,tarjeta
V-22354,2026-05-02,Juan Perez,Mouse inalambrico,15,22598.54,efectivo
V-22355,2026-05-03,Marta Gomez,Servicio de consultoria,16,22735.55,transferencia
V-22356,2026-05-04,Kiosco El Sol,Toner HP,17,22872.56,tarjeta
V-22357,2026-05-05,Ferreteria Nuñez,Servicio mensual,18,23009.57,efectivo
V-22358,2026-05-06,Estudio Contable RyR,Cuaderno,19,23146.58,transferencia
V-22359,2026-05-07,Bar La Esquina,Mouse inalambrico,20,23283.59,tarjeta
V-22360,2026-05-08,Distribuidora Sur,Servicio de consultoria,1,23420.60,efectivo
V-22361,2026-05-09,Panaderia Ortiz,Toner HP,2,23557.61,transferencia
V-22362,2026-05-10,Optica Vision,Servicio mensual,3,23694.62,tarjeta
V-22363,2026-05-11,Tech Solutions,Cuaderno,4,23831.63,efectivo
V-22364,2026-05-12,Farmacia Central,Mouse inalambrico,5,23968.64,transferencia
V-22365,2026-05-13,Hotel Plaza,Servicio de consultoria,6,24105.65,tarjeta
V-22366,2026-05-14,Comercial Andrade,Toner HP,7,24242.66,efectivo
V-22367,2026-05-15,Garcia SA,Servicio mensual,8,24379.67,transferencia
V-22368,2026-05-16,Juan Perez,Cuaderno,9,24516.68,tarjeta
V-22369,2026-05-17,Marta Gomez,Mouse inalambrico,10,24653.69,efectivo
V-22370,2026-05-18,Kiosco El Sol,Servicio de consultoria,11,24790.70,transferencia
V-22371,2026-05-19,Ferreteria Nuñez,Toner HP,12,24927.71,tarjeta
V-22372,2026-05-20,Estudio Contable RyR,Servicio mensual,13,25064.72,efectivo
V-22373,2026-05-21,Bar La Esquina,Cuaderno,14,25201.73,transferencia
V-22374,2026-05-22,Distribuidora Sur,Mouse inalambrico,15,25338.74,tarjeta
V-22375,2026-05-23,Panaderia Ortiz,Servicio de consultoria,16,25475.75,efectivo
V-22376,2026-05-24,Optica Vision,Toner HP,17,25612.76,transferencia
V-22377,2026-05-25,Tech Solutions,Servicio mensual,18,25749.77,tarjeta
V-22378,2026-05-26,Farmacia Central,Cuaderno,19,25886.78,efectivo
V-22379,2026-05-27,Hotel Plaza,Mouse inalambrico,20,26023.79,transferencia
V-22380,2026-05-28,Comercial Andrade,Servicio de consultoria,1,26160.80,tarjeta
V-22381,2026-05-01,Garcia SA,Toner HP,2,26297.81,efectivo
V-22382,2026-05-02,Juan Perez,Servicio mensual,3,26434.82,transferencia
V-22383,2026-05-03,Marta Gomez,Cuaderno,4,26571.83,tarjeta
V-22384,2026-05-04,Kiosco El Sol,Mouse inalambrico,5,26708.84,efectivo
V-22385,2026-05-05,Ferreteria Nuñez,Servicio de consultoria,6,26845.85,transferencia
V-22386,2026-05-06,Estudio Contable RyR,Toner HP,7,26982.86,tarjeta
V-22387,2026-05-07,Bar La Esquina,Servicio mensual,8,27119.87,efectivo
V-22388,2026-05-08,Distribuidora Sur,Cuaderno,9,27256.88,transferencia
V-22389,2026-05-09,Panaderia Ortiz,Mouse inalambrico,10,27393.89,tarjeta
V-22390,2026-05-10,Optica Vision,Servicio de consultoria,11,27530.90,efectivo
V-22391,2026-05-11,Tech Solutions,Toner HP,12,27667.91,transferencia
V-22392,2026-05-12,Farmacia Central,Servicio mensual,13,27804.92,tarjeta
V-22393,2026-05-13,Hotel Plaza,Cuaderno,14,27941.93,efectivo
V-22394,2026-05-14,Comercial Andrade,Mouse inalambrico,15,28078.94,transferencia
V-22395,2026-05-15,Garcia SA,Servicio de consultoria,16,28215.95,tarjeta
V-22396,2026-05-16,Juan Perez,Toner HP,17,28352.96,efectivo
V-22397,2026-05-17,Marta Gomez,Servicio mensual,18,28489.97,transferencia
V-22398,2026-05-18,Kiosco El Sol,Cuaderno,19,28626.98,tarjeta
V-22399,2026-05-19,Ferreteria Nuñez,Mouse inalambrico,20,28763.99,efectivo
V-22400,2026-05-20,Estudio Contable RyR,Servicio de consultoria,1,28900.00,transferencia
V-22401,2026-05-21,Bar La Esquina,Toner HP,2,29037.01,tarjeta
V-22402,2026-05-22,Distribuidora Sur,Servicio mensual,3,29174.02,efectivo
V-22403,2026-05-23,Panaderia Ortiz,Cuaderno,4,29311.03,transferencia
V-22404,2026-05-24,Optica Vision,Mouse inalambrico,5,29448.04,tarjeta
V-22405,2026-05-25,Tech Solutions,Servicio de consultoria,6,29585.05,efectivo
V-22406,2026-05-26,Farmacia Central,Toner HP,7,29722.06,transferencia
V-22407,2026-05-27,Hotel Plaza,Servicio mensual,8,29859.07,tarjeta
V-22408,2026-05-28,Comercial Andrade,Cuaderno,9,29996.08,efectivo
V-22409,2026-05-01,Garcia SA,Mouse inalambrico,10,30133.09,transferencia
V-22410,2026-05-02,Juan Perez,Servicio de consultoria,11,30270.10,tarjeta
V-22411,2026-05-03,Marta Gomez,Toner HP,12,30407.11,efectivo
V-22412,2026-05-04,Kiosco El Sol,Servicio mensual,13,30544.12,transferencia
V-22413,2026-05-05,Ferreteria Nuñez,Cuaderno,14,30681.13,tarjeta
V-22414,2026-05-06,Estudio Contable RyR,Mouse inalambrico,15,30818.14,efectivo
V-22415,2026-05-07,Bar La Esquina,Servicio de consultoria,16,30955.15,transferencia
V-22416,2026-05-08,Distribuidora Sur,Toner HP,17,31092.16,tarjeta
V-22417,2026-05-09,Panaderia Ortiz,Servicio mensual,18,31229.17,efectivo
V-22418,2026-05-10,Optica Vision,Cuaderno,19,31366.18,transferencia
V-22419,2026-05-11,Tech Solutions,Mouse inalambrico,20,31503.19,tarjeta
V-22420,2026-05-12,Farmacia Central,Servicio de consultoria,1,31640.20,efectivo
V-22421,2026-05-13,Hotel Plaza,Toner HP,2,31777.21,transferencia
V-22422,2026-05-14,Comercial Andrade,Servicio mensual,3,31914.22,tarjeta
V-22423,2026-05-15,Garcia SA,Cuaderno,4,32051.23,efectivo
V-22424,2026-05-16,Juan Perez,Mouse inalambrico,5,32188.24,transferencia
V-22425,2026-05-17,Marta Gomez,Servicio de consultoria,6,32325.25,tarjeta
V-22426,2026-05-18,Kiosco El Sol,Toner HP,7,32462.26,efectivo
V-22427,2026-05-19,Ferreteria Nuñez,Servicio mensual,8,32599.27,transferencia
V-22428,2026-05-20,Estudio Contable RyR,Cuaderno,9,32736.28,tarjeta
V-22429,2026-05-21,Bar La Esquina,Mouse inalambrico,10,32873.29,efectivo
V-22430,2026-05-22,Distribuidora Sur,Servicio de consultoria,11,33010.30,transferencia
V-22431,2026-05-23,Panaderia Ortiz,Toner HP,12,33147.31,tarjeta
V-22432,2026-05-24,Optica Vision,Servicio mensual,13,33284.32,efectivo
V-22433,2026-05-25,Tech Solutions,Cuaderno,14,33421.33,transferencia
V-22434,2026-05-26,Farmacia Central,Mouse inalambrico,15,33558.34,tarjeta
V-22435,2026-05-27,Hotel Plaza,Servicio de consultoria,16,33695.35,efectivo
V-22436,2026-05-28,Comercial Andrade,Toner HP,17,33832.36,transferencia
V-22437,2026-05-01,Garcia SA,Servicio mensual,18,33969.37,tarjeta
V-22438,2026-05-02,Juan Perez,Cuaderno,19,34106.38,efectivo
V-22439,2026-05-03,Marta Gomez,Mouse inalambrico,20,34243.39,transferencia
V-22440,2026-05-04,Kiosco El Sol,Servicio de consultoria,1,34380.40,tarjeta
V-22441,2026-05-05,Ferreteria Nuñez,Toner HP,2,34517.41,efectivo
V-22442,2026-05-06,Estudio Contable RyR,Servicio mensual,3,34654.42,transferencia
V-22443,2026-05-07,Bar La Esquina,Cuaderno,4,34791.43,tarjeta
V-22444,2026-05-08,Distribuidora Sur,Mouse inalambrico,5,34928.44,efectivo
V-22445,2026-05-09,Panaderia Ortiz,Servicio de consultoria,6,35065.45,transferencia
V-22446,2026-05-10,Optica Vision,Toner HP,7,35202.46,tarjeta
V-22447,2026-05-11,Tech Solutions,Servicio mensual,8,35339.47,efectivo
V-22448,2026-05-12,Farmacia Central,Cuaderno,9,35476.48,transferencia
V-22449,2026-05-13,Hotel Plaza,Mouse inalambrico,10,35613.49,tarjeta
V-22450,2026-05-14,Comercial Andrade,Servicio de consultoria,11,35750.50,efectivo
V-22451,2026-05-15,Garcia SA,Toner HP,12,35887.51,transferencia
V-22452,2026-05-16,Juan Perez,Servicio mensual,13,36024.52,tarjeta
V-22453,2026-05-17,Marta Gomez,Cuaderno,14,36161.53,efectivo
V-22454,2026-05-18,Kiosco El Sol,Mouse inalambrico,15,36298.54,transferencia
V-22455,2026-05-19,Ferreteria Nuñez,Servicio de consultoria,16,36435.55,tarjeta
V-22456,2026-05-20,Estudio Contable RyR,Toner HP,17,36572.56,efectivo
V-22457,2026-05-21,Bar La Esquina,Servicio mensual,18,36709.57,transferencia
V-22458,2026-05-22,Distribuidora Sur,Cuaderno,19,36846.58,tarjeta
V-22459,2026-05-23,Panaderia Ortiz,Mouse inalambrico,20,36983.59,efectivo
V-22460,2026-05-24,Optica Vision,Servicio de consultoria,1,37120.60,transferencia
V-22461,2026-05-25,Tech Solutions,Toner HP,2,37257.61,tarjeta
V-22462,2026-05-26,Farmacia Central,Servicio mensual,3,37394.62,efectivo
V-22463,2026-05-27,Hotel Plaza,Cuaderno,4,37531.63,transferencia
V-22464,2026-05-28,Comercial Andrade,Mouse inalambrico,5,37668.64,tarjeta
V-22465,2026-05-01,Garcia SA,Servicio de consultoria,6,37805.65,efectivo
V-22466,2026-05-02,Juan Perez,Toner HP,7,37942.66,transferencia
V-22467,2026-05-03,Marta Gomez,Servicio mensual,8,38079.67,tarjeta
V-22468,2026-05-04,Kiosco El Sol,Cuaderno,9,38216.68,efectivo
V-22469,2026-05-05,Ferreteria Nuñez,Mouse inalambrico,10,38353.69,transferencia
V-22470,2026-05-06,Estudio Contable RyR,Servicio de consultoria,11,38490.70,tarjeta
V-22471,2026-05-07,Bar La Esquina,Toner HP,12,38627.71,efectivo
V-22472,2026-05-08,Distribuidora Sur,Servicio mensual,13,38764.72,transferencia
V-22473,2026-05-09,Panaderia Ortiz,Cuaderno,14,38901.73,tarjeta
V-22474,2026-05-10,Optica Vision,Mouse inalambrico,15,39038.74,efectivo
V-22475,2026-05-11,Tech Solutions,Servicio de consultoria,16,39175.75,transferencia
V-22476,2026-05-12,Farmacia Central,Toner HP,17,39312.76,tarjeta
V-22477,2026-05-13,Hotel Plaza,Servicio mensual,18,39449.77,efectivo
V-22478,2026-05-14,Comercial Andrade,Cuaderno,19,39586.78,transferencia
V-22479,2026-05-15,Garcia SA,Mouse inalambrico,20,39723.79,tarjeta
V-22480,2026-05-16,Juan Perez,Servicio de consultoria,1,39860.80,efectivo
V-22481,2026-05-17,Marta Gomez,Toner HP,2,39997.81,transferencia
V-22482,2026-05-18,Kiosco El Sol,Servicio mensual,3,40134.82,tarjeta
V-22483,2026-05-19,Ferreteria Nuñez,Cuaderno,4,40271.83,efectivo
V-22484,2026-05-20,Estudio Contable RyR,Mouse inalambrico,5,40408.84,transferencia
V-22485,2026-05-21,Bar La Esquina,Servicio de consultoria,6,40545.85,tarjeta
V-22486,2026-05-22,Distribuidora Sur,Toner HP,7,40682.86,efectivo
V-22487,2026-05-23,Panaderia Ortiz,Servicio mensual,8,40819.87,transferencia
V-22488,2026-05-24,Optica Vision,Cuaderno,9,40956.88,tarjeta
V-22489,2026-05-25,Tech Solutions,Mouse inalambrico,10,41093.89,efectivo
V-22490,2026-05-26,Farmacia Central,Servicio de consultoria,11,41230.90,transferencia
V-22491,2026-05-27,Hotel Plaza,Toner HP,12,41367.91,tarjeta
V-22492,2026-05-28,Comercial Andrade,Servicio mensual,13,41504.92,efectivo
V-22493,2026-05-01,Garcia SA,Cuaderno,14,41641.93,transferencia
V-22494,2026-05-02,Juan Perez,Mouse inalambrico,15,41778.94,tarjeta
V-22495,2026-05-03,Marta Gomez,Servicio de consultoria,16,41915.95,efectivo
V-22496,2026-05-04,Kiosco El Sol,Toner HP,17,42052.96,transferencia
V-22497,2026-05-05,Ferreteria Nuñez,Servicio mensual,18,42189.97,tarjeta
V-22498,2026-05-06,Estudio Contable RyR,Cuaderno,19,42326.98,efectivo
V-22499,2026-05-07,Bar La Esquina,Mouse inalambrico,20,42463.99,transferencia
V-22500,2026-05-08,Distribuidora Sur,Servicio de consultoria,1,42600.00,tarjeta
V-22501,2026-05-09,Panaderia Ortiz,Toner HP,2,42737.01,efectivo
V-22502,2026-05-10,Optica Vision,Servicio mensual,3,42874.02,transferencia
V-22503,2026-05-11,Tech Solutions,Cuaderno,4,43011.03,tarjeta
V-22504,2026-05-12,Farmacia Central,Mouse inalambrico,5,43148.04,efectivo
V-22505,2026-05-13,Hotel Plaza,Servicio de consultoria,6,43285.05,transferencia
V-22506,2026-05-14,Comercial Andrade,Toner HP,7,43422.06,tarjeta
V-22507,2026-05-15,Garcia SA,Servicio mensual,8,43559.07,efectivo
V-22508,2026-05-16,Juan Perez,Cuaderno,9,43696.08,transferencia
V-22509,2026-05-17,Marta Gomez,Mouse inalambrico,10,43833.09,tarjeta
V-22510,2026-05-18,Kiosco El Sol,Servicio de consultoria,11,43970.10,efectivo
V-22511,2026-05-19,Ferreteria Nuñez,Toner HP,12,44107.11,transferencia
V-22512,2026-05-20,Estudio Contable RyR,Servicio mensual,13,44244.12,tarjeta
V-22513,2026-05-21,Bar La Esquina,Cuaderno,14,44381.13,efectivo
V-22514,2026-05-22,Distribuidora Sur,Mouse inalambrico,15,44518.14,transferencia
V-22515,2026-05-23,Panaderia Ortiz,Servicio de consultoria,16,44655.15,tarjeta
V-22516,2026-05-24,Optica Vision,Toner HP,17,44792.16,efectivo
V-22517,2026-05-25,Tech Solutions,Servicio mensual,18,44929.17,transferencia
V-22518,2026-05-26,Farmacia Central,Cuaderno,19,45066.18,tarjeta
V-22519,2026-05-27,Hotel Plaza,Mouse inalambrico,20,45203.19,efectivo
V-22520,2026-05-28,Comercial Andrade,Servicio de consultoria,1,45340.20,transferencia
V-22521,2026-05-01,Garcia SA,Toner HP,2,45477.21,tarjeta
V-22522,2026-05-02,Juan Perez,Servicio mensual,3,45614.22,efectivo
V-22523,2026-05-03,Marta Gomez,Cuaderno,4,45751.23,transferencia
V-22524,2026-05-04,Kiosco El Sol,Mouse inalambrico,5,45888.24,tarjeta
V-22525,2026-05-05,Ferreteria Nuñez,Servicio de consultoria,6,46025.25,efectivo
V-22526,2026-05-06,Estudio Contable RyR,Toner HP,7,46162.26,transferencia
V-22527,2026-05-07,Bar La Esquina,Servicio mensual,8,46299.27,tarjeta
V-22528,2026-05-08,Distribuidora Sur,Cuaderno,9,46436.28,efectivo
V-22529,2026-05-09,Panaderia Ortiz,Mouse inalambrico,10,46573.29,transferencia
V-22530,2026-05-10,Optica Vision,Servicio de consultoria,11,46710.30,tarjeta
V-22531,2026-05-11,Tech Solutions,Toner HP,12,46847.31,efectivo
V-22532,2026-05-12,Farmacia Central,Servicio mensual,13,46984.32,transferencia
V-22533,2026-05-13,Hotel Plaza,Cuaderno,14,47121.33,tarjeta
V-22534,2026-05-14,Comercial Andrade,Mouse inalambrico,15,47258.34,efectivo
V-22535,2026-05-15,Garcia SA,Servicio de consultoria,16,47395.35,transferencia
V-22536,2026-05-16,Juan Perez,Toner HP,17,47532.36,tarjeta
V-22537,2026-05-17,Marta Gomez,Servicio mensual,18,47669.37,efectivo
V-22538,2026-05-18,Kiosco El Sol,Cuaderno,19,47806.38,transferencia
V-22539,2026-05-19,Ferreteria Nuñez,Mouse inalambrico,20,47943.39,tarjeta
V-22540,2026-05-20,Estudio Contable RyR,Servicio de consultoria,1,48080.40,efectivo
V-22541,2026-05-21,Bar La Esquina,Toner HP,2,48217.41,transferencia
V-22542,2026-05-22,Distribuidora Sur,Servicio mensual,3,48354.42,tarjeta
V-22543,2026-05-23,Panaderia Ortiz,Cuaderno,4,48491.43,efectivo
V-22544,2026-05-24,Optica Vision,Mouse inalambrico,5,48628.44,transferencia
V-22545,2026-05-25,Tech Solutions,Servicio de consultoria,6,48765.45,tarjeta
V-22546,2026-05-26,Farmacia Central,Toner HP,7,48902.46,efectivo
V-22547,2026-05-27,Hotel Plaza,Servicio mensual,8,49039.47,transferencia
V-22548,2026-05-28,Comercial Andrade,Cuaderno,9,49176.48,tarjeta
V-22549,2026-05-01,Garcia SA,Mouse inalambrico,10,49313.49,efectivo
V-22550,2026-05-02,Juan Perez,Servicio de consultoria,11,49450.50,transferencia
V-22551,2026-05-03,Marta Gomez,Toner HP,12,49587.51,tarjeta
V-22552,2026-05-04,Kiosco El Sol,Servicio mensual,13,49724.52,efectivo
V-22553,2026-05-05,Ferreteria Nuñez,Cuaderno,14,49861.53,transferencia
V-22554,2026-05-06,Estudio Contable RyR,Mouse inalambrico,15,49998.54,tarjeta
V-22555,2026-05-07,Bar La Esquina,Servicio de consultoria,16,135.55,efectivo
V-22556,2026-05-08,Distribuidora Sur,Toner HP,17,272.56,transferencia
V-22557,2026-05-09,Panaderia Ortiz,Servicio mensual,18,409.57,tarjeta
V-22558,2026-05-10,Optica Vision,Cuaderno,19,546.58,efectivo
V-22559,2026-05-11,Tech Solutions,Mouse inalambrico,20,683.59,transferencia
V-22560,2026-05-12,Farmacia Central,Servicio de consultoria,1,820.60,tarjeta
V-22561,2026-05-13,Hotel Plaza,Toner HP,2,957.61,efectivo
V-22562,2026-05-14,Comercial Andrade,Servicio mensual,3,1094.62,transferencia
V-22563,2026-05-15,Garcia SA,Cuaderno,4,1231.63,tarjeta
V-22564,2026-05-16,Juan Perez,Mouse inalambrico,5,1368.64,efectivo
V-22565,2026-05-17,Marta Gomez,Servicio de consultoria,6,1505.65,transferencia
V-22566,2026-05-18,Kiosco El Sol,Toner HP,7,1642.66,tarjeta
V-22567,2026-05-19,Ferreteria Nuñez,Servicio mensual,8,1779.67,efectivo
V-22568,2026-05-20,Estudio Contable RyR,Cuaderno,9,1916.68,transferencia
V-22569,2026-05-21,Bar La Esquina,Mouse inalambrico,10,2053.69,tarjeta
V-22570,2026-05-22,Distribuidora Sur,Servicio de consultoria,11,2190.70,efectivo
V-22571,2026-05-23,Panaderia Ortiz,Toner HP,12,2327.71,transferencia
V-22572,2026-05-24,Optica Vision,Servicio mensual,13,2464.72,tarjeta
V-22573,2026-05-25,Tech Solutions,Cuaderno,14,2601.73,efectivo
V-22574,2026-05-26,Farmacia Central,Mouse inalambrico,15,2738.74,transferencia
V-22575,2026-05-27,Hotel Plaza,Servicio de consultoria,16,2875.75,tarjeta
V-22576,2026-05-28,Comercial Andrade,Toner HP,17,3012.76,efectivo
V-22577,2026-05-01,Garcia SA,Servicio mensual,18,3149.77,transferencia
V-22578,2026-05-02,Juan Perez,Cuaderno,19,3286.78,tarjeta
V-22579,2026-05-03,Marta Gomez,Mouse inalambrico,20,3423.79,efectivo
V-22580,2026-05-04,Kiosco El Sol,Servicio de consultoria,1,3560.80,transferencia
V-22581,2026-05-05,Ferreteria Nuñez,Toner HP,2,3697.81,tarjeta
V-22582,2026-05-06,Estudio Contable RyR,Servicio mensual,3,3834.82,efectivo
V-22583,2026-05-07,Bar La Esquina,Cuaderno,4,3971.83,transferencia
V-22584,2026-05-08,Distribuidora Sur,Mouse inalambrico,5,4108.84,tarjeta
V-22585,2026-05-09,Panaderia Ortiz,Servicio de consultoria,6,4245.85,efectivo
V-22586,2026-05-10,Optica Vision,Toner HP,7,4382.86,transferencia
V-22587,2026-05-11,Tech Solutions,Servicio mensual,8,4519.87,tarjeta
V-22588,2026-05-12,Farmacia Central,Cuaderno,9,4656.88,efectivo
V-22589,2026-05-13,Hotel Plaza,Mouse inalambrico,10,4793.89,transferencia
V-22590,2026-05-14,Comercial Andrade,Servicio de consultoria,11,4930.90,tarjeta
V-22591,2026-05-15,Garcia SA,Toner HP,12,5067.91,efectivo
V-22592,2026-05-16,Juan Perez,Servicio mensual,13,5204.92,transferencia
V-22593,2026-05-17,Marta Gomez,Cuaderno,14,5341.93,tarjeta
V-22594,2026-05-18,Kiosco El Sol,Mouse inalambrico,15,5478.94,efectivo
V-22595,2026-05-19,Ferreteria Nuñez,Servicio de consultoria,16,5615.95,transferencia
V-22596,2026-05-20,Estudio Contable RyR,Toner HP,17,5752.96,tarjeta
V-22597,2026-05-21,Bar La Esquina,Servicio mensual,18,5889.97,efectivo
V-22598,2026-05-22,Distribuidora Sur,Cuaderno,19,6026.98,transferencia
V-22599,2026-05-23,Panaderia Ortiz,Mouse inalambrico,20,6163.99,tarjeta
V-22600,2026-05-24,Optica Vision,Servicio de consultoria,1,6300.00,efectivo
V-22601,2026-05-25,Tech Solutions,Toner HP,2,6437.01,transferencia
V-22602,2026-05-26,Farmacia Central,Servicio mensual,3,6574.02,tarjeta
V-22603,2026-05-27,Hotel Plaza,Cuaderno,4,6711.03,efectivo
V-22604,2026-05-28,Comercial Andrade,Mouse inalambrico,5,6848.04,transferencia
V-22605,2026-05-01,Garcia SA,Servicio de consultoria,6,6985.05,tarjeta
V-22606,2026-05-02,Juan Perez,Toner HP,7,7122.06,efectivo
V-22607,2026-05-03,Marta Gomez,Servicio mensual,8,7259.07,transferencia
V-22608,2026-05-04,Kiosco El Sol,Cuaderno,9,7396.08,tarjeta
V-22609,2026-05-05,Ferreteria Nuñez,Mouse inalambrico,10,7533.09,efectivo
V-22610,2026-05-06,Estudio Contable RyR,Servicio de consultoria,11,7670.10,transferencia
V-22611,2026-05-07,Bar La Esquina,Toner HP,12,7807.11,tarjeta
V-22612,2026-05-08,Distribuidora Sur,Servicio mensual,13,7944.12,efectivo
V-22613,2026-05-09,Panaderia Ortiz,Cuaderno,14,8081.13,transferencia
V-22614,2026-05-10,Optica Vision,Mouse inalambrico,15,8218.14,tarjeta
V-22615,2026-05-11,Tech Solutions,Servicio de consultoria,16,8355.15,efectivo
V-22616,2026-05-12,Farmacia Central,Toner HP,17,8492.16,transferencia
V-22617,2026-05-13,Hotel Plaza,Servicio mensual,18,8629.17,tarjeta
V-22618,2026-05-14,Comercial Andrade,Cuaderno,19,8766.18,efectivo
V-22619,2026-05-15,Garcia SA,Mouse inalambrico,20,8903.19,transferencia
V-22620,2026-05-16,Juan Perez,Servicio de consultoria,1,9040.20,tarjeta
V-22621,2026-05-17,Marta Gomez,Toner HP,2,9177.21,efectivo
V-22622,2026-05-18,Kiosco El Sol,Servicio mensual,3,9314.22,transferencia
V-22623,2026-05-19,Ferreteria Nuñez,Cuaderno,4,9451.23,tarjeta
V-22624,2026-05-20,Estudio Contable RyR,Mouse inalambrico,5,9588.24,efectivo
V-22625,2026-05-21,Bar La Esquina,Servicio de consultoria,6,9725.25,transferencia
V-22626,2026-05-22,Distribuidora Sur,Toner HP,7,9862.26,tarjeta
V-22627,2026-05-23,Panaderia Ortiz,Servicio mensual,8,9999.27,efectivo
V-22628,2026-05-24,Optica Vision,Cuaderno,9,10136.28,transferencia
V-22629,2026-05-25,Tech Solutions,Mouse inalambrico,10,10273.29,tarjeta
V-22630,2026-05-26,Farmacia Central,Servicio de consultoria,11,10410.30,efectivo
V-22631,2026-05-27,Hotel Plaza,Toner HP,12,10547.31,transferencia
V-22632,2026-05-28,Comercial Andrade,Servicio mensual,13,10684.32,tarjeta
V-22633,2026-05-01,Garcia SA,Cuaderno,14,10821.33,efectivo
V-22634,2026-05-02,Juan Perez,Mouse inalambrico,15,10958.34,transferencia
V-22635,2026-05-03,Marta Gomez,Servicio de consultoria,16,11095.35,tarjeta
V-22636,2026-05-04,Kiosco El Sol,Toner HP,17,11232.36,efectivo
V-22637,2026-05-05,Ferreteria Nuñez,Servicio mensual,18,11369.37,transferencia
V-22638,2026-05-06,Estudio Contable RyR,Cuaderno,19,11506.38,tarjeta
V-22639,2026-05-07,Bar La Esquina,Mouse inalambrico,20,11643.39,efectivo
V-22640,2026-05-08,Distribuidora Sur,Servicio de consultoria,1,11780.40,transferencia
V-22641,2026-05-09,Panaderia Ortiz,Toner HP,2,11917.41,tarjeta
V-22642,2026-05-10,Optica Vision,Servicio mensual,3,12054.42,efectivo
V-22643,2026-05-11,Tech Solutions,Cuaderno,4,12191.43,transferencia
V-22644,2026-05-12,Farmacia Central,Mouse inalambrico,5,12328.44,tarjeta
V-22645,2026-05-13,Hotel Plaza,Servicio de consultoria,6,12465.45,efectivo
V-22646,2026-05-14,Comercial Andrade,Toner HP,7,12602.46,transferencia
V-22647,2026-05-15,Garcia SA,Servicio mensual,8,12739.47,tarjeta
V-22648,2026-05-16,Juan Perez,Cuaderno,9,12876.48,efectivo
V-22649,2026-05-17,Marta Gomez,Mouse inalambrico,10,13013.49,transferencia
V-22650,2026-05-18,Kiosco El Sol,Servicio de consultoria,11,13150.50,tarjeta
V-22651,2026-05-19,Ferreteria Nuñez,Toner HP,12,13287.51,efectivo
V-22652,2026-05-20,Estudio Contable RyR,Servicio mensual,13,13424.52,transferencia
V-22653,2026-05-21,Bar La Esquina,Cuaderno,14,13561.53,tarjeta
V-22654,2026-05-22,Distribuidora Sur,Mouse inalambrico,15,13698.54,efectivo
V-22655,2026-05-23,Panaderia Ortiz,Servicio de consultoria,16,13835.55,transferencia
V-22656,2026-05-24,Optica Vision,Toner HP,17,13972.56,tarjeta
V-22657,2026-05-25,Tech Solutions,Servicio mensual,18,14109.57,efectivo
V-22658,2026-05-26,Farmacia Central,Cuaderno,19,14246.58,transferencia
V-22659,2026-05-27,Hotel Plaza,Mouse inalambrico,20,14383.59,tarjeta
V-22660,2026-05-28,Comercial Andrade,Servicio de consultoria,1,14520.60,efectivo
V-22661,2026-05-01,Garcia SA,Toner HP,2,14657.61,transferencia
V-22662,2026-05-02,Juan Perez,Servicio mensual,3,14794.62,tarjeta
V-22663,2026-05-03,Marta Gomez,Cuaderno,4,14931.63,efectivo
V-22664,2026-05-04,Kiosco El Sol,Mouse inalambrico,5,15068.64,transferencia
V-22665,2026-05-05,Ferreteria Nuñez,Servicio de consultoria,6,15205.65,tarjeta
V-22666,2026-05-06,Estudio Contable RyR,Toner HP,7,15342.66,efectivo
V-22667,2026-05-07,Bar La Esquina,Servicio mensual,8,15479.67,transferencia
V-22668,2026-05-08,Distribuidora Sur,Cuaderno,9,15616.68,tarjeta
V-22669,2026-05-09,Panaderia Ortiz,Mouse inalambrico,10,15753.69,efectivo
V-22670,2026-05-10,Optica Vision,Servicio de consultoria,11,15890.70,transferencia
V-22671,2026-05-11,Tech Solutions,Toner HP,12,16027.71,tarjeta
V-22672,2026-05-12,Farmacia Central,Servicio mensual,13,16164.72,efectivo
V-22673,2026-05-13,Hotel Plaza,Cuaderno,14,16301.73,transferencia
V-22674,2026-05-14,Comercial Andrade,Mouse inalambrico,15,16438.74,tarjeta
V-22675,2026-05-15,Garcia SA,Servicio de consultoria,16,16575.75,efectivo
V-22676,2026-05-16,Juan Perez,Toner HP,17,16712.76,transferencia
V-22677,2026-05-17,Marta Gomez,Servicio mensual,18,16849.77,tarjeta
V-22678,2026-05-18,Kiosco El Sol,Cuaderno,19,16986.78,efectivo
V-22679,2026-05-19,Ferreteria Nuñez,Mouse inalambrico,20,17123.79,transferencia
V-22680,2026-05-20,Estudio Contable RyR,Servicio de consultoria,1,17260.80,tarjeta
V-22681,2026-05-21,Bar La Esquina,Toner HP,2,17397.81,efectivo
V-22682,2026-05-22,Distribuidora Sur,Servicio mensual,3,17534.82,transferencia
V-22683,2026-05-23,Panaderia Ortiz,Cuaderno,4,17671.83,tarjeta
V-22684,2026-05-24,Optica Vision,Mouse inalambrico,5,17808.84,efectivo
V-22685,2026-05-25,Tech Solutions,Servicio de consultoria,6,17945.85,transferencia
V-22686,2026-05-26,Farmacia Central,Toner HP,7,18082.86,tarjeta
V-22687,2026-05-27,Hotel Plaza,Servicio mensual,8,18219.87,efectivo
V-22688,2026-05-28,Comercial Andrade,Cuaderno,9,18356.88,transferencia
V-22689,2026-05-01,Garcia SA,Mouse inalambrico,10,18493.89,tarjeta
V-22690,2026-05-02,Juan Perez,Servicio de consultoria,11,18630.90,efectivo
V-22691,2026-05-03,Marta Gomez,Toner HP,12,18767.91,transferencia
V-22692,2026-05-04,Kiosco El Sol,Servicio mensual,13,18904.92,tarjeta
V-22693,2026-05-05,Ferreteria Nuñez,Cuaderno,14,19041.93,efectivo
V-22694,2026-05-06,Estudio Contable RyR,Mouse inalambrico,15,19178.94,transferencia
V-22695,2026-05-07,Bar La Esquina,Servicio de consultoria,16,19315.95,tarjeta
V-22696,2026-05-08,Distribuidora Sur,Toner HP,17,19452.96,efectivo
V-22697,2026-05-09,Panaderia Ortiz,Servicio mensual,18,19589.97,transferencia
V-22698,2026-05-10,Optica Vision,Cuaderno,19,19726.98,tarjeta
V-22699,2026-05-11,Tech Solutions,Mouse inalambrico,20,19863.99,efectivo
V-22700,2026-05-12,Farmacia Central,Servicio de consultoria,1,20000.00,transferencia
V-22701,2026-05-13,Hotel Plaza,Toner HP,2,20137.01,tarjeta
V-22702,2026-05-14,Comercial Andrade,Servicio mensual,3,20274.02,efectivo
V-22703,2026-05-15,Garcia SA,Cuaderno,4,20411.03,transferencia
V-22704,2026-05-16,Juan Perez,Mouse inalambrico,5,20548.04,tarjeta
V-22705,2026-05-17,Marta Gomez,Servicio de consultoria,6,20685.05,efectivo
V-22706,2026-05-18,Kiosco El Sol,Toner HP,7,20822.06,transferencia
V-22707,2026-05-19,Ferreteria Nuñez,Servicio mensual,8,20959.07,tarjeta
V-22708,2026-05-20,Estudio Contable RyR,Cuaderno,9,21096.08,efectivo
V-22709,2026-05-21,Bar La Esquina,Mouse inalambrico,10,21233.09,transferencia
V-22710,2026-05-22,Distribuidora Sur,Servicio de consultoria,11,21370.10,tarjeta
V-22711,2026-05-23,Panaderia Ortiz,Toner HP,12,21507.11,efectivo
V-22712,2026-05-24,Optica Vision,Servicio mensual,13,21644.12,transferencia
V-22713,2026-05-25,Tech Solutions,Cuaderno,14,21781.13,tarjeta
V-22714,2026-05-26,Farmacia Central,Mouse inalambrico,15,21918.14,efectivo
V-22715,2026-05-27,Hotel Plaza,Servicio de consultoria,16,22055.15,transferencia
V-22716,2026-05-28,Comercial Andrade,Toner HP,17,22192.16,tarjeta
V-22717,2026-05-01,Garcia SA,Servicio mensual,18,22329.17,efectivo
V-22718,2026-05-02,Juan Perez,Cuaderno,19,22466.18,transferencia
V-22719,2026-05-03,Marta Gomez,Mouse inalambrico,20,22603.19,tarjeta
V-22720,2026-05-04,Kiosco El Sol,Servicio de consultoria,1,22740.20,efectivo
V-22721,2026-05-05,Ferreteria Nuñez,Toner HP,2,22877.21,transferencia
V-22722,2026-05-06,Estudio Contable RyR,Servicio mensual,3,23014.22,tarjeta
V-22723,2026-05-07,Bar La Esquina,Cuaderno,4,23151.23,efectivo
V-22724,2026-05-08,Distribuidora Sur,Mouse inalambrico,5,23288.24,transferencia
V-22725,2026-05-09,Panaderia Ortiz,Servicio de consultoria,6,23425.25,tarjeta
V-22726,2026-05-10,Optica Vision,Toner HP,7,23562.26,efectivo
V-22727,2026-05-11,Tech Solutions,Servicio mensual,8,23699.27,transferencia
V-22728,2026-05-12,Farmacia Central,Cuaderno,9,23836.28,tarjeta
V-22729,2026-05-13,Hotel Plaza,Mouse inalambrico,10,23973.29,efectivo
V-22730,2026-05-14,Comercial Andrade,Servicio de consultoria,11,24110.30,transferencia
V-22731,2026-05-15,Garcia SA,Toner HP,12,24247.31,tarjeta
V-22732,2026-05-16,Juan Perez,Servicio mensual,13,24384.32,efectivo
V-22733,2026-05-17,Marta Gomez,Cuaderno,14,24521.33,transferencia
V-22734,2026-05-18,Kiosco El Sol,Mouse inalambrico,15,24658.34,tarjeta
V-22735,2026-05-19,Ferreteria Nuñez,Servicio de consultoria,16,24795.35,efectivo
V-22736,2026-05-20,Estudio Contable RyR,Toner HP,17,24932.36,transferencia
V-22737,2026-05-21,Bar La Esquina,Servicio mensual,18,25069.37,tarjeta
V-22738,2026-05-22,Distribuidora Sur,Cuaderno,19,25206.38,efectivo
V-22739,2026-05-23,Panaderia Ortiz,Mouse inalambrico,20,25343.39,transferencia
V-22740,2026-05-24,Optica Vision,Servicio de consultoria,1,25480.40,tarjeta
V-22741,2026-05-25,Tech Solutions,Toner HP,2,25617.41,efectivo
V-22742,2026-05-26,Farmacia Central,Servicio mensual,3,25754.42,transferencia
V-22743,2026-05-27,Hotel Plaza,Cuaderno,4,25891.43,tarjeta
V-22744,2026-05-28,Comercial Andrade,Mouse inalambrico,5,26028.44,efectivo
V-22745,2026-05-01,Garcia SA,Servicio de consultoria,6,26165.45,transferencia
V-22746,2026-05-02,Juan Perez,Toner HP,7,26302.46,tarjeta
V-22747,2026-05-03,Marta Gomez,Servicio mensual,8,26439.47,efectivo
V-22748,2026-05-04,Kiosco El Sol,Cuaderno,9,26576.48,transferencia
V-22749,2026-05-05,Ferreteria Nuñez,Mouse inalambrico,10,26713.49,tarjeta
V-22750,2026-05-06,Estudio Contable RyR,Servicio de consultoria,11,26850.50,efectivo
V-22751,2026-05-07,Bar La Esquina,Toner HP,12,26987.51,transferencia
V-22752,2026-05-08,Distribuidora Sur,Servicio mensual,13,27124.52,tarjeta
V-22753,2026-05-09,Panaderia Ortiz,Cuaderno,14,27261.53,efectivo
V-22754,2026-05-10,Optica Vision,Mouse inalambrico,15,27398.54,transferencia
V-22755,2026-05-11,Tech Solutions,Servicio de consultoria,16,27535.55,tarjeta
V-22756,2026-05-12,Farmacia Central,Toner HP,17,27672.56,efectivo
V-22757,2026-05-13,Hotel Plaza,Servicio mensual,18,27809.57,transferencia
V-22758,2026-05-14,Comercial Andrade,Cuaderno,19,27946.58,tarjeta
V-22759,2026-05-15,Garcia SA,Mouse inalambrico,20,28083.59,efectivo
V-22760,2026-05-16,Juan Perez,Servicio de consultoria,1,28220.60,transferencia
V-22761,2026-05-17,Marta Gomez,Toner HP,2,28357.61,tarjeta
V-22762,2026-05-18,Kiosco El Sol,Servicio mensual,3,28494.62,efectivo
V-22763,2026-05-19,Ferreteria Nuñez,Cuaderno,4,28631.63,transferencia
V-22764,2026-05-20,Estudio Contable RyR,Mouse inalambrico,5,28768.64,tarjeta
V-22765,2026-05-21,Bar La Esquina,Servicio de consultoria,6,28905.65,efectivo
V-22766,2026-05-22,Distribuidora Sur,Toner HP,7,29042.66,transferencia
V-22767,2026-05-23,Panaderia Ortiz,Servicio mensual,8,29179.67,tarjeta
V-22768,2026-05-24,Optica Vision,Cuaderno,9,29316.68,efectivo
V-22769,2026-05-25,Tech Solutions,Mouse inalambrico,10,29453.69,transferencia
V-22770,2026-05-26,Farmacia Central,Servicio de consultoria,11,29590.70,tarjeta
V-22771,2026-05-27,Hotel Plaza,Toner HP,12,29727.71,efectivo
V-22772,2026-05-28,Comercial Andrade,Servicio mensual,13,29864.72,transferencia
V-22773,2026-05-01,Garcia SA,Cuaderno,14,30001.73,tarjeta
V-22774,2026-05-02,Juan Perez,Mouse inalambrico,15,30138.74,efectivo
V-22775,2026-05-03,Marta Gomez,Servicio de consultoria,16,30275.75,transferencia
V-22776,2026-05-04,Kiosco El Sol,Toner HP,17,30412.76,tarjeta
V-22777,2026-05-05,Ferreteria Nuñez,Servicio mensual,18,30549.77,efectivo
V-22778,2026-05-06,Estudio Contable RyR,Cuaderno,19,30686.78,transferencia
V-22779,2026-05-07,Bar La Esquina,Mouse inalambrico,20,30823.79,tarjeta
V-22780,2026-05-08,Distribuidora Sur,Servicio de consultoria,1,30960.80,efectivo
V-22781,2026-05-09,Panaderia Ortiz,Toner HP,2,31097.81,transferencia
V-22782,2026-05-10,Optica Vision,Servicio mensual,3,31234.82,tarjeta
V-22783,2026-05-11,Tech Solutions,Cuaderno,4,31371.83,efectivo
V-22784,2026-05-12,Farmacia Central,Mouse inalambrico,5,31508.84,transferencia
V-22785,2026-05-13,Hotel Plaza,Servicio de consultoria,6,31645.85,tarjeta
V-22786,2026-05-14,Comercial Andrade,Toner HP,7,31782.86,efectivo
V-22787,2026-05-15,Garcia SA,Servicio mensual,8,31919.87,transferencia
V-22788,2026-05-16,Juan Perez,Cuaderno,9,32056.88,tarjeta
V-22789,2026-05-17,Marta Gomez,Mouse inalambrico,10,32193.89,efectivo
V-22790,2026-05-18,Kiosco El Sol,Servicio de consultoria,11,32330.90,transferencia
V-22791,2026-05-19,Ferreteria Nuñez,Toner HP,12,32467.91,tarjeta
V-22792,2026-05-20,Estudio Contable RyR,Servicio mensual,13,32604.92,efectivo
V-22793,2026-05-21,Bar La Esquina,Cuaderno,14,32741.93,transferencia
V-22794,2026-05-22,Distribuidora Sur,Mouse inalambrico,15,32878.94,tarjeta
V-22795,2026-05-23,Panaderia Ortiz,Servicio de consultoria,16,33015.95,efectivo
V-22796,2026-05-24,Optica Vision,Toner HP,17,33152.96,transferencia
V-22797,2026-05-25,Tech Solutions,Servicio mensual,18,33289.97,tarjeta
V-22798,2026-05-26,Farmacia Central,Cuaderno,19,33426.98,efectivo
V-22799,2026-05-27,Hotel Plaza,Mouse inalambrico,20,33563.99,transferencia
V-22800,2026-05-28,Comercial Andrade,Servicio de consultoria,1,33700.00,tarjeta
V-22801,2026-05-01,Garcia SA,Toner HP,2,33837.01,efectivo
V-22802,2026-05-02,Juan Perez,Servicio mensual,3,33974.02,transferencia
V-22803,2026-05-03,Marta Gomez,Cuaderno,4,34111.03,tarjeta
V-22804,2026-05-04,Kiosco El Sol,Mouse inalambrico,5,34248.04,efectivo
V-22805,2026-05-05,Ferreteria Nuñez,Servicio de consultoria,6,34385.05,transferencia
V-22806,2026-05-06,Estudio Contable RyR,Toner HP,7,34522.06,tarjeta
V-22807,2026-05-07,Bar La Esquina,Servicio mensual,8,34659.07,efectivo
V-22808,2026-05-08,Distribuidora Sur,Cuaderno,9,34796.08,transferencia
V-22809,2026-05-09,Panaderia Ortiz,Mouse inalambrico,10,34933.09,tarjeta
V-22810,2026-05-10,Optica Vision,Servicio de consultoria,11,35070.10,efectivo
V-22811,2026-05-11,Tech Solutions,Toner HP,12,35207.11,transferencia
V-22812,2026-05-12,Farmacia Central,Servicio mensual,13,35344.12,tarjeta
V-22813,2026-05-13,Hotel Plaza,Cuaderno,14,35481.13,efectivo
V-22814,2026-05-14,Comercial Andrade,Mouse inalambrico,15,35618.14,transferencia
V-22815,2026-05-15,Garcia SA,Servicio de consultoria,16,35755.15,tarjeta
V-22816,2026-05-16,Juan Perez,Toner HP,17,35892.16,efectivo
V-22817,2026-05-17,Marta Gomez,Servicio mensual,18,36029.17,transferencia
V-22818,2026-05-18,Kiosco El Sol,Cuaderno,19,36166.18,tarjeta
V-22819,2026-05-19,Ferreteria Nuñez,Mouse inalambrico,20,36303.19,efectivo
V-22820,2026-05-20,Estudio Contable RyR,Servicio de consultoria,1,36440.20,transferencia
V-22821,2026-05-21,Bar La Esquina,Toner HP,2,36577.21,tarjeta
V-22822,2026-05-22,Distribuidora Sur,Servicio mensual,3,36714.22,efectivo
V-22823,2026-05-23,Panaderia Ortiz,Cuaderno,4,36851.23,transferencia
V-22824,2026-05-24,Optica Vision,Mouse inalambrico,5,36988.24,tarjeta
V-22825,2026-05-25,Tech Solutions,Servicio de consultoria,6,37125.25,efectivo
V-22826,2026-05-26,Farmacia Central,Toner HP,7,37262.26,transferencia
V-22827,2026-05-27,Hotel Plaza,Servicio mensual,8,37399.27,tarjeta
V-22828,2026-05-28,Comercial Andrade,Cuaderno,9,37536.28,efectivo
V-22829,2026-05-01,Garcia SA,Mouse inalambrico,10,37673.29,transferencia
V-22830,2026-05-02,Juan Perez,Servicio de consultoria,11,37810.30,tarjeta
V-22831,2026-05-03,Marta Gomez,Toner HP,12,37947.31,efectivo
V-22832,2026-05-04,Kiosco El Sol,Servicio mensual,13,38084.32,transferencia
V-22833,2026-05-05,Ferreteria Nuñez,Cuaderno,14,38221.33,tarjeta
V-22834,2026-05-06,Estudio Contable RyR,Mouse inalambrico,15,38358.34,efectivo
V-22835,2026-05-07,Bar La Esquina,Servicio de consultoria,16,38495.35,transferencia
V-22836,2026-05-08,Distribuidora Sur,Toner HP,17,38632.36,tarjeta
V-22837,2026-05-09,Panaderia Ortiz,Servicio mensual,18,38769.37,efectivo
V-22838,2026-05-10,Optica Vision,Cuaderno,19,38906.38,transferencia
V-22839,2026-05-11,Tech Solutions,Mouse inalambrico,20,39043.39,tarjeta
V-22840,2026-05-12,Farmacia Central,Servicio de consultoria,1,39180.40,efectivo
V-22841,2026-05-13,Hotel Plaza,Toner HP,2,39317.41,transferencia
V-22842,2026-05-14,Comercial Andrade,Servicio mensual,3,39454.42,tarjeta
V-22843,2026-05-15,Garcia SA,Cuaderno,4,39591.43,efectivo
V-22844,2026-05-16,Juan Perez,Mouse inalambrico,5,39728.44,transferencia
V-22845,2026-05-17,Marta Gomez,Servicio de consultoria,6,39865.45,tarjeta
V-22846,2026-05-18,Kiosco El Sol,Toner HP,7,40002.46,efectivo
V-22847,2026-05-19,Ferreteria Nuñez,Servicio mensual,8,40139.47,transferencia
V-22848,2026-05-20,Estudio Contable RyR,Cuaderno,9,40276.48,tarjeta
V-22849,2026-05-21,Bar La Esquina,Mouse inalambrico,10,40413.49,efectivo
V-22850,2026-05-22,Distribuidora Sur,Servicio de consultoria,11,40550.50,transferencia
V-22851,2026-05-23,Panaderia Ortiz,Toner HP,12,40687.51,tarjeta
V-22852,2026-05-24,Optica Vision,Servicio mensual,13,40824.52,efectivo
V-22853,2026-05-25,Tech Solutions,Cuaderno,14,40961.53,transferencia
V-22854,2026-05-26,Farmacia Central,Mouse inalambrico,15,41098.54,tarjeta
V-22855,2026-05-27,Hotel Plaza,Servicio de consultoria,16,41235.55,efectivo
V-22856,2026-05-28,Comercial Andrade,Toner HP,17,41372.56,transferencia
V-22857,2026-05-01,Garcia SA,Servicio mensual,18,41509.57,tarjeta
V-22858,2026-05-02,Juan Perez,Cuaderno,19,41646.58,efectivo
V-22859,2026-05-03,Marta Gomez,Mouse inalambrico,20,41783.59,transferencia
V-22860,2026-05-04,Kiosco El Sol,Servicio de consultoria,1,41920.60,tarjeta
V-22861,2026-05-05,Ferreteria Nuñez,Toner HP,2,42057.61,efectivo
V-22862,2026-05-06,Estudio Contable RyR,Servicio mensual,3,42194.62,transferencia
V-22863,2026-05-07,Bar La Esquina,Cuaderno,4,42331.63,tarjeta
V-22864,2026-05-08,Distribuidora Sur,Mouse inalambrico,5,42468.64,efectivo
V-22865,2026-05-09,Panaderia Ortiz,Servicio de consultoria,6,42605.65,transferencia
V-22866,2026-05-10,Optica Vision,Toner HP,7,42742.66,tarjeta
V-22867,2026-05-11,Tech Solutions,Servicio mensual,8,42879.67,efectivo
V-22868,2026-05-12,Farmacia Central,Cuaderno,9,43016.68,transferencia
V-22869,2026-05-13,Hotel Plaza,Mouse inalambrico,10,43153.69,tarjeta
V-22870,2026-05-14,Comercial Andrade,Servicio de consultoria,11,43290.70,efectivo
V-22871,2026-05-15,Garcia SA,Toner HP,12,43427.71,transferencia
V-22872,2026-05-16,Juan Perez,Servicio mensual,13,43564.72,tarjeta
V-22873,2026-05-17,Marta Gomez,Cuaderno,14,43701.73,efectivo
V-22874,2026-05-18,Kiosco El Sol,Mouse inalambrico,15,43838.74,transferencia
V-22875,2026-05-19,Ferreteria Nuñez,Servicio de consultoria,16,43975.75,tarjeta
V-22876,2026-05-20,Estudio Contable RyR,Toner HP,17,44112.76,efectivo
V-22877,2026-05-21,Bar La Esquina,Servicio mensual,18,44249.77,transferencia
V-22878,2026-05-22,Distribuidora Sur,Cuaderno,19,44386.78,tarjeta
V-22879,2026-05-23,Panaderia Ortiz,Mouse inalambrico,20,44523.79,efectivo
V-22880,2026-05-24,Optica Vision,Servicio de consultoria,1,44660.80,transferencia
V-22881,2026-05-25,Tech Solutions,Toner HP,2,44797.81,tarjeta
V-22882,2026-05-26,Farmacia Central,Servicio mensual,3,44934.82,efectivo
V-22883,2026-05-27,Hotel Plaza,Cuaderno,4,45071.83,transferencia
V-22884,2026-05-28,Comercial Andrade,Mouse inalambrico,5,45208.84,tarjeta
V-22885,2026-05-01,Garcia SA,Servicio de consultoria,6,45345.85,efectivo
V-22886,2026-05-02,Juan Perez,Toner HP,7,45482.86,transferencia
V-22887,2026-05-03,Marta Gomez,Servicio mensual,8,45619.87,tarjeta
V-22888,2026-05-04,Kiosco El Sol,Cuaderno,9,45756.88,efectivo
V-22889,2026-05-05,Ferreteria Nuñez,Mouse inalambrico,10,45893.89,transferencia
V-22890,2026-05-06,Estudio Contable RyR,Servicio de consultoria,11,46030.90,tarjeta
V-22891,2026-05-07,Bar La Esquina,Toner HP,12,46167.91,efectivo
V-22892,2026-05-08,Distribuidora Sur,Servicio mensual,13,46304.92,transferencia
V-22893,2026-05-09,Panaderia Ortiz,Cuaderno,14,46441.93,tarjeta
V-22894,2026-05-10,Optica Vision,Mouse inalambrico,15,46578.94,efectivo
V-22895,2026-05-11,Tech Solutions,Servicio de consultoria,16,46715.95,transferencia
V-22896,2026-05-12,Farmacia Central,Toner HP,17,46852.96,tarjeta
V-22897,2026-05-13,Hotel Plaza,Servicio mensual,18,46989.97,efectivo
V-22898,2026-05-14,Comercial Andrade,Cuaderno,19,47126.98,transferencia
V-22899,2026-05-15,Garcia SA,Mouse inalambrico,20,47263.99,tarjeta
V-22900,2026-05-16,Juan Perez,Servicio de consultoria,1,47400.00,efectivo
V-22901,2026-05-17,Marta Gomez,Toner HP,2,47537.01,transferencia
V-22902,2026-05-18,Kiosco El Sol,Servicio mensual,3,47674.02,tarjeta
V-22903,2026-05-19,Ferreteria Nuñez,Cuaderno,4,47811.03,efectivo
V-22904,2026-05-20,Estudio Contable RyR,Mouse inalambrico,5,47948.04,transferencia
V-22905,2026-05-21,Bar La Esquina,Servicio de consultoria,6,48085.05,tarjeta
V-22906,2026-05-22,Distribuidora Sur,Toner HP,7,48222.06,efectivo
V-22907,2026-05-23,Panaderia Ortiz,Servicio mensual,8,48359.07,transferencia
V-22908,2026-05-24,Optica Vision,Cuaderno,9,48496.08,tarjeta
V-22909,2026-05-25,Tech Solutions,Mouse inalambrico,10,48633.09,efectivo
V-22910,2026-05-26,Farmacia Central,Servicio de consultoria,11,48770.10,transferencia
V-22911,2026-05-27,Hotel Plaza,Toner HP,12,48907.11,tarjeta
V-22912,2026-05-28,Comercial Andrade,Servicio mensual,13,49044.12,efectivo
V-22913,2026-05-01,Garcia SA,Cuaderno,14,49181.13,transferencia
V-22914,2026-05-02,Juan Perez,Mouse inalambrico,15,49318.14,tarjeta
V-22915,2026-05-03,Marta Gomez,Servicio de consultoria,16,49455.15,efectivo
V-22916,2026-05-04,Kiosco El Sol,Toner HP,17,49592.16,transferencia
V-22917,2026-05-05,Ferreteria Nuñez,Servicio mensual,18,49729.17,tarjeta
V-22918,2026-05-06,Estudio Contable RyR,Cuaderno,19,49866.18,efectivo
V-22919,2026-05-07,Bar La Esquina,Mouse inalambrico,20,50003.19,transferencia
V-22920,2026-05-08,Distribuidora Sur,Servicio de consultoria,1,140.20,tarjeta
V-22921,2026-05-09,Panaderia Ortiz,Toner HP,2,277.21,efectivo
V-22922,2026-05-10,Optica Vision,Servicio mensual,3,414.22,transferencia
V-22923,2026-05-11,Tech Solutions,Cuaderno,4,551.23,tarjeta
V-22924,2026-05-12,Farmacia Central,Mouse inalambrico,5,688.24,efectivo
V-22925,2026-05-13,Hotel Plaza,Servicio de consultoria,6,825.25,transferencia
V-22926,2026-05-14,Comercial Andrade,Toner HP,7,962.26,tarjeta
V-22927,2026-05-15,Garcia SA,Servicio mensual,8,1099.27,efectivo
V-22928,2026-05-16,Juan Perez,Cuaderno,9,1236.28,transferencia
V-22929,2026-05-17,Marta Gomez,Mouse inalambrico,10,1373.29,tarjeta
V-22930,2026-05-18,Kiosco El Sol,Servicio de consultoria,11,1510.30,efectivo
V-22931,2026-05-19,Ferreteria Nuñez,Toner HP,12,1647.31,transferencia
V-22932,2026-05-20,Estudio Contable RyR,Servicio mensual,13,1784.32,tarjeta
V-22933,2026-05-21,Bar La Esquina,Cuaderno,14,1921.33,efectivo
V-22934,2026-05-22,Distribuidora Sur,Mouse inalambrico,15,2058.34,transferencia
V-22935,2026-05-23,Panaderia Ortiz,Servicio de consultoria,16,2195.35,tarjeta
V-22936,2026-05-24,Optica Vision,Toner HP,17,2332.36,efectivo
V-22937,2026-05-25,Tech Solutions,Servicio mensual,18,2469.37,transferencia
V-22938,2026-05-26,Farmacia Central,Cuaderno,19,2606.38,tarjeta
V-22939,2026-05-27,Hotel Plaza,Mouse inalambrico,20,2743.39,efectivo
V-22940,2026-05-28,Comercial Andrade,Servicio de consultoria,1,2880.40,transferencia
V-22941,2026-05-01,Garcia SA,Toner HP,2,3017.41,tarjeta
V-22942,2026-05-02,Juan Perez,Servicio mensual,3,3154.42,efectivo
V-22943,2026-05-03,Marta Gomez,Cuaderno,4,3291.43,transferencia
V-22944,2026-05-04,Kiosco El Sol,Mouse inalambrico,5,3428.44,tarjeta
V-22945,2026-05-05,Ferreteria Nuñez,Servicio de consultoria,6,3565.45,efectivo
V-22946,2026-05-06,Estudio Contable RyR,Toner HP,7,3702.46,transferencia
V-22947,2026-05-07,Bar La Esquina,Servicio mensual,8,3839.47,tarjeta
V-22948,2026-05-08,Distribuidora Sur,Cuaderno,9,3976.48,efectivo
V-22949,2026-05-09,Panaderia Ortiz,Mouse inalambrico,10,4113.49,transferencia
V-22950,2026-05-10,Optica Vision,Servicio de consultoria,11,4250.50,tarjeta
V-22951,2026-05-11,Tech Solutions,Toner HP,12,4387.51,efectivo
V-22952,2026-05-12,Farmacia Central,Servicio mensual,13,4524.52,transferencia
V-22953,2026-05-13,Hotel Plaza,Cuaderno,14,4661.53,tarjeta
V-22954,2026-05-14,Comercial Andrade,Mouse inalambrico,15,4798.54,efectivo
V-22955,2026-05-15,Garcia SA,Servicio de consultoria,16,4935.55,transferencia
V-22956,2026-05-16,Juan Perez,Toner HP,17,5072.56,tarjeta
V-22957,2026-05-17,Marta Gomez,Servicio mensual,18,5209.57,efectivo
V-22958,2026-05-18,Kiosco El Sol,Cuaderno,19,5346.58,transferencia
V-22959,2026-05-19,Ferreteria Nuñez,Mouse inalambrico,20,5483.59,tarjeta
V-22960,2026-05-20,Estudio Contable RyR,Servicio de consultoria,1,5620.60,efectivo
V-22961,2026-05-21,Bar La Esquina,Toner HP,2,5757.61,transferencia
V-22962,2026-05-22,Distribuidora Sur,Servicio mensual,3,5894.62,tarjeta
V-22963,2026-05-23,Panaderia Ortiz,Cuaderno,4,6031.63,efectivo
V-22964,2026-05-24,Optica Vision,Mouse inalambrico,5,6168.64,transferencia
V-22965,2026-05-25,Tech Solutions,Servicio de consultoria,6,6305.65,tarjeta
V-22966,2026-05-26,Farmacia Central,Toner HP,7,6442.66,efectivo
V-22967,2026-05-27,Hotel Plaza,Servicio mensual,8,6579.67,transferencia
V-22968,2026-05-28,Comercial Andrade,Cuaderno,9,6716.68,tarjeta
V-22969,2026-05-01,Garcia SA,Mouse inalambrico,10,6853.69,efectivo
V-22970,2026-05-02,Juan Perez,Servicio de consultoria,11,6990.70,transferencia
V-22971,2026-05-03,Marta Gomez,Toner HP,12,7127.71,tarjeta
V-22972,2026-05-04,Kiosco El Sol,Servicio mensual,13,7264.72,efectivo
V-22973,2026-05-05,Ferreteria Nuñez,Cuaderno,14,7401.73,transferencia
V-22974,2026-05-06,Estudio Contable RyR,Mouse inalambrico,15,7538.74,tarjeta
V-22975,2026-05-07,Bar La Esquina,Servicio de consultoria,16,7675.75,efectivo
V-22976,2026-05-08,Distribuidora Sur,Toner HP,17,7812.76,transferencia
V-22977,2026-05-09,Panaderia Ortiz,Servicio mensual,18,7949.77,tarjeta
V-22978,2026-05-10,Optica Vision,Cuaderno,19,8086.78,efectivo
V-22979,2026-05-11,Tech Solutions,Mouse inalambrico,20,8223.79,transferencia
V-22980,2026-05-12,Farmacia Central,Servicio de consultoria,1,8360.80,tarjeta
V-22981,2026-05-13,Hotel Plaza,Toner HP,2,8497.81,efectivo
V-22982,2026-05-14,Comercial Andrade,Servicio mensual,3,8634.82,transferencia
V-22983,2026-05-15,Garcia SA,Cuaderno,4,8771.83,tarjeta
V-22984,2026-05-16,Juan Perez,Mouse inalambrico,5,8908.84,efectivo
V-22985,2026-05-17,Marta Gomez,Servicio de consultoria,6,9045.85,transferencia
V-22986,2026-05-18,Kiosco El Sol,Toner HP,7,9182.86,tarjeta
V-22987,2026-05-19,Ferreteria Nuñez,Servicio mensual,8,9319.87,efectivo
V-22988,2026-05-20,Estudio Contable RyR,Cuaderno,9,9456.88,transferencia
V-22989,2026-05-21,Bar La Esquina,Mouse inalambrico,10,9593.89,tarjeta
V-22990,2026-05-22,Distribuidora Sur,Servicio de consultoria,11,9730.90,efectivo
V-22991,2026-05-23,Panaderia Ortiz,Toner HP,12,9867.91,transferencia
V-22992,2026-05-24,Optica Vision,Servicio mensual,13,10004.92,tarjeta
V-22993,2026-05-25,Tech Solutions,Cuaderno,14,10141.93,efectivo
V-22994,2026-05-26,Farmacia Central,Mouse inalambrico,15,10278.94,transferencia
V-22995,2026-05-27,Hotel Plaza,Servicio de consultoria,16,10415.95,tarjeta
V-22996,2026-05-28,Comercial Andrade,Toner HP,17,10552.96,efectivo
V-22997,2026-05-01,Garcia SA,Servicio mensual,18,10689.97,transferencia
V-22998,2026-05-02,Juan Perez,Cuaderno,19,10826.98,tarjeta
V-22999,2026-05-03,Marta Gomez,Mouse inalambrico,20,10963.99,efectivo
V-23000,2026-05-04,Kiosco El Sol,Servicio de consultoria,1,11100.00,transferencia
V-23001,2026-05-05,Ferreteria Nuñez,Toner HP,2,11237.01,tarjeta
V-23002,2026-05-06,Estudio Contable RyR,Servicio mensual,3,11374.02,efectivo
V-23003,2026-05-07,Bar La Esquina,Cuaderno,4,11511.03,transferencia
V-23004,2026-05-08,Distribuidora Sur,Mouse inalambrico,5,11648.04,tarjeta
V-23005,2026-05-09,Panaderia Ortiz,Servicio de consultoria,6,11785.05,efectivo
V-23006,2026-05-10,Optica Vision,Toner HP,7,11922.06,transferencia
V-23007,2026-05-11,Tech Solutions,Servicio mensual,8,12059.07,tarjeta
V-23008,2026-05-12,Farmacia Central,Cuaderno,9,12196.08,efectivo
V-23009,2026-05-13,Hotel Plaza,Mouse inalambrico,10,12333.09,transferencia
V-23010,2026-05-14,Comercial Andrade,Servicio de consultoria,11,12470.10,tarjeta
V-23011,2026-05-15,Garcia SA,Toner HP,12,12607.11,efectivo
V-23012,2026-05-16,Juan Perez,Servicio mensual,13,12744.12,transferencia
V-23013,2026-05-17,Marta Gomez,Cuaderno,14,12881.13,tarjeta
V-23014,2026-05-18,Kiosco El Sol,Mouse inalambrico,15,13018.14,efectivo
V-23015,2026-05-19,Ferreteria Nuñez,Servicio de consultoria,16,13155.15,transferencia
V-23016,2026-05-20,Estudio Contable RyR,Toner HP,17,13292.16,tarjeta
V-23017,2026-05-21,Bar La Esquina,Servicio mensual,18,13429.17,efectivo
V-23018,2026-05-22,Distribuidora Sur,Cuaderno,19,13566.18,transferencia
V-23019,2026-05-23,Panaderia Ortiz,Mouse inalambrico,20,13703.19,tarjeta
V-23020,2026-05-24,Optica Vision,Servicio de consultoria,1,13840.20,efectivo
V-23021,2026-05-25,Tech Solutions,Toner HP,2,13977.21,transferencia
V-23022,2026-05-26,Farmacia Central,Servicio mensual,3,14114.22,tarjeta
V-23023,2026-05-27,Hotel Plaza,Cuaderno,4,14251.23,efectivo
V-23024,2026-05-28,Comercial Andrade,Mouse inalambrico,5,14388.24,transferencia
V-23025,2026-05-01,Garcia SA,Servicio de consultoria,6,14525.25,tarjeta
V-23026,2026-05-02,Juan Perez,Toner HP,7,14662.26,efectivo
V-23027,2026-05-03,Marta Gomez,Servicio mensual,8,14799.27,transferencia
V-23028,2026-05-04,Kiosco El Sol,Cuaderno,9,14936.28,tarjeta
V-23029,2026-05-05,Ferreteria Nuñez,Mouse inalambrico,10,15073.29,efectivo
V-23030,2026-05-06,Estudio Contable RyR,Servicio de consultoria,11,15210.30,transferencia
V-23031,2026-05-07,Bar La Esquina,Toner HP,12,15347.31,tarjeta
V-23032,2026-05-08,Distribuidora Sur,Servicio mensual,13,15484.32,efectivo
V-23033,2026-05-09,Panaderia Ortiz,Cuaderno,14,15621.33,transferencia
V-23034,2026-05-10,Optica Vision,Mouse inalambrico,15,15758.34,tarjeta
V-23035,2026-05-11,Tech Solutions,Servicio de consultoria,16,15895.35,efectivo
V-23036,2026-05-12,Farmacia Central,Toner HP,17,16032.36,transferencia
V-23037,2026-05-13,Hotel Plaza,Servicio mensual,18,16169.37,tarjeta
V-23038,2026-05-14,Comercial Andrade,Cuaderno,19,16306.38,efectivo
V-23039,2026-05-15,Garcia SA,Mouse inalambrico,20,16443.39,transferencia
V-23040,2026-05-16,Juan Perez,Servicio de consultoria,1,16580.40,tarjeta
V-23041,2026-05-17,Marta Gomez,Toner HP,2,16717.41,efectivo
V-23042,2026-05-18,Kiosco El Sol,Servicio mensual,3,16854.42,transferencia
V-23043,2026-05-19,Ferreteria Nuñez,Cuaderno,4,16991.43,tarjeta
V-23044,2026-05-20,Estudio Contable RyR,Mouse inalambrico,5,17128.44,efectivo
V-23045,2026-05-21,Bar La Esquina,Servicio de consultoria,6,17265.45,transferencia
V-23046,2026-05-22,Distribuidora Sur,Toner HP,7,17402.46,tarjeta
V-23047,2026-05-23,Panaderia Ortiz,Servicio mensual,8,17539.47,efectivo
V-23048,2026-05-24,Optica Vision,Cuaderno,9,17676.48,transferencia
V-23049,2026-05-25,Tech Solutions,Mouse inalambrico,10,17813.49,tarjeta
V-23050,2026-05-26,Farmacia Central,Servicio de consultoria,11,17950.50,efectivo
V-23051,2026-05-27,Hotel Plaza,Toner HP,12,18087.51,transferencia
V-23052,2026-05-28,Comercial Andrade,Servicio mensual,13,18224.52,tarjeta
V-23053,2026-05-01,Garcia SA,Cuaderno,14,18361.53,efectivo
V-23054,2026-05-02,Juan Perez,Mouse inalambrico,15,18498.54,transferencia
V-23055,2026-05-03,Marta Gomez,Servicio de consultoria,16,18635.55,tarjeta
V-23056,2026-05-04,Kiosco El Sol,Toner HP,17,18772.56,efectivo
V-23057,2026-05-05,Ferreteria Nuñez,Servicio mensual,18,18909.57,transferencia
V-23058,2026-05-06,Estudio Contable RyR,Cuaderno,19,19046.58,tarjeta
V-23059,2026-05-07,Bar La Esquina,Mouse inalambrico,20,19183.59,efectivo
V-23060,2026-05-08,Distribuidora Sur,Servicio de consultoria,1,19320.60,transferencia
V-23061,2026-05-09,Panaderia Ortiz,Toner HP,2,19457.61,tarjeta
V-23062,2026-05-10,Optica Vision,Servicio mensual,3,19594.62,efectivo
V-23063,2026-05-11,Tech Solutions,Cuaderno,4,19731.63,transferencia
V-23064,2026-05-12,Farmacia Central,Mouse inalambrico,5,19868.64,tarjeta
V-23065,2026-05-13,Hotel Plaza,Servicio de consultoria,6,20005.65,efectivo
V-23066,2026-05-14,Comercial Andrade,Toner HP,7,20142.66,transferencia
V-23067,2026-05-15,Garcia SA,Servicio mensual,8,20279.67,tarjeta
V-23068,2026-05-16,Juan Perez,Cuaderno,9,20416.68,efectivo
V-23069,2026-05-17,Marta Gomez,Mouse inalambrico,10,20553.69,transferencia
V-23070,2026-05-18,Kiosco El Sol,Servicio de consultoria,11,20690.70,tarjeta
V-23071,2026-05-19,Ferreteria Nuñez,Toner HP,12,20827.71,efectivo
V-23072,2026-05-20,Estudio Contable RyR,Servicio mensual,13,20964.72,transferencia
V-23073,2026-05-21,Bar La Esquina,Cuaderno,14,21101.73,tarjeta
V-23074,2026-05-22,Distribuidora Sur,Mouse inalambrico,15,21238.74,efectivo
V-23075,2026-05-23,Panaderia Ortiz,Servicio de consultoria,16,21375.75,transferencia
V-23076,2026-05-24,Optica Vision,Toner HP,17,21512.76,tarjeta
V-23077,2026-05-25,Tech Solutions,Servicio mensual,18,21649.77,efectivo
V-23078,2026-05-26,Farmacia Central,Cuaderno,19,21786.78,transferencia
V-23079,2026-05-27,Hotel Plaza,Mouse inalambrico,20,21923.79,tarjeta
V-23080,2026-05-28,Comercial Andrade,Servicio de consultoria,1,22060.80,efectivo
V-23081,2026-05-01,Garcia SA,Toner HP,2,22197.81,transferencia
V-23082,2026-05-02,Juan Perez,Servicio mensual,3,22334.82,tarjeta
V-23083,2026-05-03,Marta Gomez,Cuaderno,4,22471.83,efectivo
V-23084,2026-05-04,Kiosco El Sol,Mouse inalambrico,5,22608.84,transferencia
V-23085,2026-05-05,Ferreteria Nuñez,Servicio de consultoria,6,22745.85,tarjeta
V-23086,2026-05-06,Estudio Contable RyR,Toner HP,7,22882.86,efectivo
V-23087,2026-05-07,Bar La Esquina,Servicio mensual,8,23019.87,transferencia
V-23088,2026-05-08,Distribuidora Sur,Cuaderno,9,23156.88,tarjeta
V-23089,2026-05-09,Panaderia Ortiz,Mouse inalambrico,10,23293.89,efectivo
V-23090,2026-05-10,Optica Vision,Servicio de consultoria,11,23430.90,transferencia
V-23091,2026-05-11,Tech Solutions,Toner HP,12,23567.91,tarjeta
V-23092,2026-05-12,Farmacia Central,Servicio mensual,13,23704.92,efectivo
V-23093,2026-05-13,Hotel Plaza,Cuaderno,14,23841.93,transferencia
V-23094,2026-05-14,Comercial Andrade,Mouse inalambrico,15,23978.94,tarjeta
V-23095,2026-05-15,Garcia SA,Servicio de consultoria,16,24115.95,efectivo
V-23096,2026-05-16,Juan Perez,Toner HP,17,24252.96,transferencia
V-23097,2026-05-17,Marta Gomez,Servicio mensual,18,24389.97,tarjeta
V-23098,2026-05-18,Kiosco El Sol,Cuaderno,19,24526.98,efectivo
V-23099,2026-05-19,Ferreteria Nuñez,Mouse inalambrico,20,24663.99,transferencia
V-23100,2026-05-20,Estudio Contable RyR,Servicio de consultoria,1,24800.00,tarjeta
V-23101,2026-05-21,Bar La Esquina,Toner HP,2,24937.01,efectivo
V-23102,2026-05-22,Distribuidora Sur,Servicio mensual,3,25074.02,transferencia
V-23103,2026-05-23,Panaderia Ortiz,Cuaderno,4,25211.03,tarjeta
V-23104,2026-05-24,Optica Vision,Mouse inalambrico,5,25348.04,efectivo
V-23105,2026-05-25,Tech Solutions,Servicio de consultoria,6,25485.05,transferencia
V-23106,2026-05-26,Farmacia Central,Toner HP,7,25622.06,tarjeta
V-23107,2026-05-27,Hotel Plaza,Servicio mensual,8,25759.07,efectivo
V-23108,2026-05-28,Comercial Andrade,Cuaderno,9,25896.08,transferencia
V-23109,2026-05-01,Garcia SA,Mouse inalambrico,10,26033.09,tarjeta
V-23110,2026-05-02,Juan Perez,Servicio de consultoria,11,26170.10,efectivo
V-23111,2026-05-03,Marta Gomez,Toner HP,12,26307.11,transferencia
V-23112,2026-05-04,Kiosco El Sol,Servicio mensual,13,26444.12,tarjeta
V-23113,2026-05-05,Ferreteria Nuñez,Cuaderno,14,26581.13,efectivo
V-23114,2026-05-06,Estudio Contable RyR,Mouse inalambrico,15,26718.14,transferencia
V-23115,2026-05-07,Bar La Esquina,Servicio de consultoria,16,26855.15,tarjeta
V-23116,2026-05-08,Distribuidora Sur,Toner HP,17,26992.16,efectivo
V-23117,2026-05-09,Panaderia Ortiz,Servicio mensual,18,27129.17,transferencia
V-23118,2026-05-10,Optica Vision,Cuaderno,19,27266.18,tarjeta
V-23119,2026-05-11,Tech Solutions,Mouse inalambrico,20,27403.19,efectivo
V-23120,2026-05-12,Farmacia Central,Servicio de consultoria,1,27540.20,transferencia
V-23121,2026-05-13,Hotel Plaza,Toner HP,2,27677.21,tarjeta
V-23122,2026-05-14,Comercial Andrade,Servicio mensual,3,27814.22,efectivo
V-23123,2026-05-15,Garcia SA,Cuaderno,4,27951.23,transferencia
V-23124,2026-05-16,Juan Perez,Mouse inalambrico,5,28088.24,tarjeta
V-23125,2026-05-17,Marta Gomez,Servicio de consultoria,6,28225.25,efectivo
V-23126,2026-05-18,Kiosco El Sol,Toner HP,7,28362.26,transferencia
V-23127,2026-05-19,Ferreteria Nuñez,Servicio mensual,8,28499.27,tarjeta
V-23128,2026-05-20,Estudio Contable RyR,Cuaderno,9,28636.28,efectivo
V-23129,2026-05-21,Bar La Esquina,Mouse inalambrico,10,28773.29,transferencia
V-23130,2026-05-22,Distribuidora Sur,Servicio de consultoria,11,28910.30,tarjeta
V-23131,2026-05-23,Panaderia Ortiz,Toner HP,12,29047.31,efectivo
V-23132,2026-05-24,Optica Vision,Servicio mensual,13,29184.32,transferencia
V-23133,2026-05-25,Tech Solutions,Cuaderno,14,29321.33,tarjeta
V-23134,2026-05-26,Farmacia Central,Mouse inalambrico,15,29458.34,efectivo
V-23135,2026-05-27,Hotel Plaza,Servicio de consultoria,16,29595.35,transferencia
V-23136,2026-05-28,Comercial Andrade,Toner HP,17,29732.36,tarjeta
V-23137,2026-05-01,Garcia SA,Servicio mensual,18,29869.37,efectivo
V-23138,2026-05-02,Juan Perez,Cuaderno,19,30006.38,transferencia
V-23139,2026-05-03,Marta Gomez,Mouse inalambrico,20,30143.39,tarjeta
V-23140,2026-05-04,Kiosco El Sol,Servicio de consultoria,1,30280.40,efectivo
V-23141,2026-05-05,Ferreteria Nuñez,Toner HP,2,30417.41,transferencia
V-23142,2026-05-06,Estudio Contable RyR,Servicio mensual,3,30554.42,tarjeta
V-23143,2026-05-07,Bar La Esquina,Cuaderno,4,30691.43,efectivo
V-23144,2026-05-08,Distribuidora Sur,Mouse inalambrico,5,30828.44,transferencia
V-23145,2026-05-09,Panaderia Ortiz,Servicio de consultoria,6,30965.45,tarjeta
V-23146,2026-05-10,Optica Vision,Toner HP,7,31102.46,efectivo
V-23147,2026-05-11,Tech Solutions,Servicio mensual,8,31239.47,transferencia
V-23148,2026-05-12,Farmacia Central,Cuaderno,9,31376.48,tarjeta
V-23149,2026-05-13,Hotel Plaza,Mouse inalambrico,10,31513.49,efectivo
V-23150,2026-05-14,Comercial Andrade,Servicio de consultoria,11,31650.50,transferencia
V-23151,2026-05-15,Garcia SA,Toner HP,12,31787.51,tarjeta
V-23152,2026-05-16,Juan Perez,Servicio mensual,13,31924.52,efectivo
V-23153,2026-05-17,Marta Gomez,Cuaderno,14,32061.53,transferencia
V-23154,2026-05-18,Kiosco El Sol,Mouse inalambrico,15,32198.54,tarjeta
V-23155,2026-05-19,Ferreteria Nuñez,Servicio de consultoria,16,32335.55,efectivo
V-23156,2026-05-20,Estudio Contable RyR,Toner HP,17,32472.56,transferencia
V-23157,2026-05-21,Bar La Esquina,Servicio mensual,18,32609.57,tarjeta
V-23158,2026-05-22,Distribuidora Sur,Cuaderno,19,32746.58,efectivo
V-23159,2026-05-23,Panaderia Ortiz,Mouse inalambrico,20,32883.59,transferencia
V-23160,2026-05-24,Optica Vision,Servicio de consultoria,1,33020.60,tarjeta
V-23161,2026-05-25,Tech Solutions,Toner HP,2,33157.61,efectivo
V-23162,2026-05-26,Farmacia Central,Servicio mensual,3,33294.62,transferencia
V-23163,2026-05-27,Hotel Plaza,Cuaderno,4,33431.63,tarjeta
V-23164,2026-05-28,Comercial Andrade,Mouse inalambrico,5,33568.64,efectivo
V-23165,2026-05-01,Garcia SA,Servicio de consultoria,6,33705.65,transferencia
V-23166,2026-05-02,Juan Perez,Toner HP,7,33842.66,tarjeta
V-23167,2026-05-03,Marta Gomez,Servicio mensual,8,33979.67,efectivo
V-23168,2026-05-04,Kiosco El Sol,Cuaderno,9,34116.68,transferencia
V-23169,2026-05-05,Ferreteria Nuñez,Mouse inalambrico,10,34253.69,tarjeta
V-23170,2026-05-06,Estudio Contable RyR,Servicio de consultoria,11,34390.70,efectivo
V-23171,2026-05-07,Bar La Esquina,Toner HP,12,34527.71,transferencia
V-23172,2026-05-08,Distribuidora Sur,Servicio mensual,13,34664.72,tarjeta
V-23173,2026-05-09,Panaderia Ortiz,Cuaderno,14,34801.73,efectivo
V-23174,2026-05-10,Optica Vision,Mouse inalambrico,15,34938.74,transferencia
V-23175,2026-05-11,Tech Solutions,Servicio de consultoria,16,35075.75,tarjeta
V-23176,2026-05-12,Farmacia Central,Toner HP,17,35212.76,efectivo
V-23177,2026-05-13,Hotel Plaza,Servicio mensual,18,35349.77,transferencia
V-23178,2026-05-14,Comercial Andrade,Cuaderno,19,35486.78,tarjeta
V-23179,2026-05-15,Garcia SA,Mouse inalambrico,20,35623.79,efectivo
V-23180,2026-05-16,Juan Perez,Servicio de consultoria,1,35760.80,transferencia
V-23181,2026-05-17,Marta Gomez,Toner HP,2,35897.81,tarjeta
V-23182,2026-05-18,Kiosco El Sol,Servicio mensual,3,36034.82,efectivo
V-23183,2026-05-19,Ferreteria Nuñez,Cuaderno,4,36171.83,transferencia
V-23184,2026-05-20,Estudio Contable RyR,Mouse inalambrico,5,36308.84,tarjeta
V-23185,2026-05-21,Bar La Esquina,Servicio de consultoria,6,36445.85,efectivo
V-23186,2026-05-22,Distribuidora Sur,Toner HP,7,36582.86,transferencia
V-23187,2026-05-23,Panaderia Ortiz,Servicio mensual,8,36719.87,tarjeta
V-23188,2026-05-24,Optica Vision,Cuaderno,9,36856.88,efectivo
V-23189,2026-05-25,Tech Solutions,Mouse inalambrico,10,36993.89,transferencia
V-23190,2026-05-26,Farmacia Central,Servicio de consultoria,11,37130.90,tarjeta
V-23191,2026-05-27,Hotel Plaza,Toner HP,12,37267.91,efectivo
V-23192,2026-05-28,Comercial Andrade,Servicio mensual,13,37404.92,transferencia
V-23193,2026-05-01,Garcia SA,Cuaderno,14,37541.93,tarjeta
V-23194,2026-05-02,Juan Perez,Mouse inalambrico,15,37678.94,efectivo
V-23195,2026-05-03,Marta Gomez,Servicio de consultoria,16,37815.95,transferencia
V-23196,2026-05-04,Kiosco El Sol,Toner HP,17,37952.96,tarjeta
V-23197,2026-05-05,Ferreteria Nuñez,Servicio mensual,18,38089.97,efectivo
V-23198,2026-05-06,Estudio Contable RyR,Cuaderno,19,38226.98,transferencia
V-23199,2026-05-07,Bar La Esquina,Mouse inalambrico,20,38363.99,tarjeta
V-23200,2026-05-08,Distribuidora Sur,Servicio de consultoria,1,38500.00,efectivo
V-23201,2026-05-09,Panaderia Ortiz,Toner HP,2,38637.01,transferencia
V-23202,2026-05-10,Optica Vision,Servicio mensual,3,38774.02,tarjeta
V-23203,2026-05-11,Tech Solutions,Cuaderno,4,38911.03,efectivo
V-23204,2026-05-12,Farmacia Central,Mouse inalambrico,5,39048.04,transferencia
V-23205,2026-05-13,Hotel Plaza,Servicio de consultoria,6,39185.05,tarjeta
V-23206,2026-05-14,Comercial Andrade,Toner HP,7,39322.06,efectivo
V-23207,2026-05-15,Garcia SA,Servicio mensual,8,39459.07,transferencia
V-23208,2026-05-16,Juan Perez,Cuaderno,9,39596.08,tarjeta
V-23209,2026-05-17,Marta Gomez,Mouse inalambrico,10,39733.09,efectivo
V-23210,2026-05-18,Kiosco El Sol,Servicio de consultoria,11,39870.10,transferencia
V-23211,2026-05-19,Ferreteria Nuñez,Toner HP,12,40007.11,tarjeta
V-23212,2026-05-20,Estudio Contable RyR,Servicio mensual,13,40144.12,efectivo
V-23213,2026-05-21,Bar La Esquina,Cuaderno,14,40281.13,transferencia
V-23214,2026-05-22,Distribuidora Sur,Mouse inalambrico,15,40418.14,tarjeta
V-23215,2026-05-23,Panaderia Ortiz,Servicio de consultoria,16,40555.15,efectivo
V-23216,2026-05-24,Optica Vision,Toner HP,17,40692.16,transferencia
V-23217,2026-05-25,Tech Solutions,Servicio mensual,18,40829.17,tarjeta
V-23218,2026-05-26,Farmacia Central,Cuaderno,19,40966.18,efectivo
V-23219,2026-05-27,Hotel Plaza,Mouse inalambrico,20,41103.19,transferencia
V-23220,2026-05-28,Comercial Andrade,Servicio de consultoria,1,41240.20,tarjeta
V-23221,2026-05-01,Garcia SA,Toner HP,2,41377.21,efectivo
V-23222,2026-05-02,Juan Perez,Servicio mensual,3,41514.22,transferencia
V-23223,2026-05-03,Marta Gomez,Cuaderno,4,41651.23,tarjeta
V-23224,2026-05-04,Kiosco El Sol,Mouse inalambrico,5,41788.24,efectivo
V-23225,2026-05-05,Ferreteria Nuñez,Servicio de consultoria,6,41925.25,transferencia
V-23226,2026-05-06,Estudio Contable RyR,Toner HP,7,42062.26,tarjeta
V-23227,2026-05-07,Bar La Esquina,Servicio mensual,8,42199.27,efectivo
V-23228,2026-05-08,Distribuidora Sur,Cuaderno,9,42336.28,transferencia
V-23229,2026-05-09,Panaderia Ortiz,Mouse inalambrico,10,42473.29,tarjeta
V-23230,2026-05-10,Optica Vision,Servicio de consultoria,11,42610.30,efectivo
V-23231,2026-05-11,Tech Solutions,Toner HP,12,42747.31,transferencia
V-23232,2026-05-12,Farmacia Central,Servicio mensual,13,42884.32,tarjeta
V-23233,2026-05-13,Hotel Plaza,Cuaderno,14,43021.33,efectivo
V-23234,2026-05-14,Comercial Andrade,Mouse inalambrico,15,43158.34,transferencia
V-23235,2026-05-15,Garcia SA,Servicio de consultoria,16,43295.35,tarjeta
V-23236,2026-05-16,Juan Perez,Toner HP,17,43432.36,efectivo
V-23237,2026-05-17,Marta Gomez,Servicio mensual,18,43569.37,transferencia
V-23238,2026-05-18,Kiosco El Sol,Cuaderno,19,43706.38,tarjeta
V-23239,2026-05-19,Ferreteria Nuñez,Mouse inalambrico,20,43843.39,efectivo
V-23240,2026-05-20,Estudio Contable RyR,Servicio de consultoria,1,43980.40,transferencia
V-23241,2026-05-21,Bar La Esquina,Toner HP,2,44117.41,tarjeta
V-23242,2026-05-22,Distribuidora Sur,Servicio mensual,3,44254.42,efectivo
V-23243,2026-05-23,Panaderia Ortiz,Cuaderno,4,44391.43,transferencia
V-23244,2026-05-24,Optica Vision,Mouse inalambrico,5,44528.44,tarjeta
V-23245,2026-05-25,Tech Solutions,Servicio de consultoria,6,44665.45,efectivo
V-23246,2026-05-26,Farmacia Central,Toner HP,7,44802.46,transferencia
V-23247,2026-05-27,Hotel Plaza,Servicio mensual,8,44939.47,tarjeta
V-23248,2026-05-28,Comercial Andrade,Cuaderno,9,45076.48,efectivo
V-23249,2026-05-01,Garcia SA,Mouse inalambrico,10,45213.49,transferencia
V-23250,2026-05-02,Juan Perez,Servicio de consultoria,11,45350.50,tarjeta
V-23251,2026-05-03,Marta Gomez,Toner HP,12,45487.51,efectivo
V-23252,2026-05-04,Kiosco El Sol,Servicio mensual,13,45624.52,transferencia
V-23253,2026-05-05,Ferreteria Nuñez,Cuaderno,14,45761.53,tarjeta
V-23254,2026-05-06,Estudio Contable RyR,Mouse inalambrico,15,45898.54,efectivo
V-23255,2026-05-07,Bar La Esquina,Servicio de consultoria,16,46035.55,transferencia
V-23256,2026-05-08,Distribuidora Sur,Toner HP,17,46172.56,tarjeta
V-23257,2026-05-09,Panaderia Ortiz,Servicio mensual,18,46309.57,efectivo
V-23258,2026-05-10,Optica Vision,Cuaderno,19,46446.58,transferencia
V-23259,2026-05-11,Tech Solutions,Mouse inalambrico,20,46583.59,tarjeta
V-23260,2026-05-12,Farmacia Central,Servicio de consultoria,1,46720.60,efectivo
V-23261,2026-05-13,Hotel Plaza,Toner HP,2,46857.61,transferencia
V-23262,2026-05-14,Comercial Andrade,Servicio mensual,3,46994.62,tarjeta
V-23263,2026-05-15,Garcia SA,Cuaderno,4,47131.63,efectivo
V-23264,2026-05-16,Juan Perez,Mouse inalambrico,5,47268.64,transferencia
V-23265,2026-05-17,Marta Gomez,Servicio de consultoria,6,47405.65,tarjeta
V-23266,2026-05-18,Kiosco El Sol,Toner HP,7,47542.66,efectivo
V-23267,2026-05-19,Ferreteria Nuñez,Servicio mensual,8,47679.67,transferencia
V-23268,2026-05-20,Estudio Contable RyR,Cuaderno,9,47816.68,tarjeta
V-23269,2026-05-21,Bar La Esquina,Mouse inalambrico,10,47953.69,efectivo
V-23270,2026-05-22,Distribuidora Sur,Servicio de consultoria,11,48090.70,transferencia
V-23271,2026-05-23,Panaderia Ortiz,Toner HP,12,48227.71,tarjeta
V-23272,2026-05-24,Optica Vision,Servicio mensual,13,48364.72,efectivo
V-23273,2026-05-25,Tech Solutions,Cuaderno,14,48501.73,transferencia
V-23274,2026-05-26,Farmacia Central,Mouse inalambrico,15,48638.74,tarjeta
V-23275,2026-05-27,Hotel Plaza,Servicio de consultoria,16,48775.75,efectivo
V-23276,2026-05-28,Comercial Andrade,Toner HP,17,48912.76,transferencia
V-23277,2026-05-01,Garcia SA,Servicio mensual,18,49049.77,tarjeta
V-23278,2026-05-02,Juan Perez,Cuaderno,19,49186.78,efectivo
V-23279,2026-05-03,Marta Gomez,Mouse inalambrico,20,49323.79,transferencia
V-23280,2026-05-04,Kiosco El Sol,Servicio de consultoria,1,49460.80,tarjeta
V-23281,2026-05-05,Ferreteria Nuñez,Toner HP,2,49597.81,efectivo
V-23282,2026-05-06,Estudio Contable RyR,Servicio mensual,3,49734.82,transferencia
V-23283,2026-05-07,Bar La Esquina,Cuaderno,4,49871.83,tarjeta
V-23284,2026-05-08,Distribuidora Sur,Mouse inalambrico,5,50008.84,efectivo
V-23285,2026-05-09,Panaderia Ortiz,Servicio de consultoria,6,145.85,transferencia
V-23286,2026-05-10,Optica Vision,Toner HP,7,282.86,tarjeta
V-23287,2026-05-11,Tech Solutions,Servicio mensual,8,419.87,efectivo
V-23288,2026-05-12,Farmacia Central,Cuaderno,9,556.88,transferencia
V-23289,2026-05-13,Hotel Plaza,Mouse inalambrico,10,693.89,tarjeta
V-23290,2026-05-14,Comercial Andrade,Servicio de consultoria,11,830.90,efectivo
V-23291,2026-05-15,Garcia SA,Toner HP,12,967.91,transferencia
V-23292,2026-05-16,Juan Perez,Servicio mensual,13,1104.92,tarjeta
V-23293,2026-05-17,Marta Gomez,Cuaderno,14,1241.93,efectivo
V-23294,2026-05-18,Kiosco El Sol,Mouse inalambrico,15,1378.94,transferencia
V-23295,2026-05-19,Ferreteria Nuñez,Servicio de consultoria,16,1515.95,tarjeta
V-23296,2026-05-20,Estudio Contable RyR,Toner HP,17,1652.96,efectivo
V-23297,2026-05-21,Bar La Esquina,Servicio mensual,18,1789.97,transferencia
V-23298,2026-05-22,Distribuidora Sur,Cuaderno,19,1926.98,tarjeta
V-23299,2026-05-23,Panaderia Ortiz,Mouse inalambrico,20,2063.99,efectivo
V-23300,2026-05-24,Optica Vision,Servicio de consultoria,1,2200.00,transferencia
V-23301,2026-05-25,Tech Solutions,Toner HP,2,2337.01,tarjeta
V-23302,2026-05-26,Farmacia Central,Servicio mensual,3,2474.02,efectivo
V-23303,2026-05-27,Hotel Plaza,Cuaderno,4,2611.03,transferencia
V-23304,2026-05-28,Comercial Andrade,Mouse inalambrico,5,2748.04,tarjeta
V-23305,2026-05-01,Garcia SA,Servicio de consultoria,6,2885.05,efectivo
V-23306,2026-05-02,Juan Perez,Toner HP,7,3022.06,transferencia
V-23307,2026-05-03,Marta Gomez,Servicio mensual,8,3159.07,tarjeta
V-23308,2026-05-04,Kiosco El Sol,Cuaderno,9,3296.08,efectivo
V-23309,2026-05-05,Ferreteria Nuñez,Mouse inalambrico,10,3433.09,transferencia
V-23310,2026-05-06,Estudio Contable RyR,Servicio de consultoria,11,3570.10,tarjeta
V-23311,2026-05-07,Bar La Esquina,Toner HP,12,3707.11,efectivo
V-23312,2026-05-08,Distribuidora Sur,Servicio mensual,13,3844.12,transferencia
V-23313,2026-05-09,Panaderia Ortiz,Cuaderno,14,3981.13,tarjeta
V-23314,2026-05-10,Optica Vision,Mouse inalambrico,15,4118.14,efectivo
V-23315,2026-05-11,Tech Solutions,Servicio de consultoria,16,4255.15,transferencia
V-23316,2026-05-12,Farmacia Central,Toner HP,17,4392.16,tarjeta
V-23317,2026-05-13,Hotel Plaza,Servicio mensual,18,4529.17,efectivo
V-23318,2026-05-14,Comercial Andrade,Cuaderno,19,4666.18,transferencia
V-23319,2026-05-15,Garcia SA,Mouse inalambrico,20,4803.19,tarjeta
V-23320,2026-05-16,Juan Perez,Servicio de consultoria,1,4940.20,efectivo
V-23321,2026-05-17,Marta Gomez,Toner HP,2,5077.21,transferencia
V-23322,2026-05-18,Kiosco El Sol,Servicio mensual,3,5214.22,tarjeta
V-23323,2026-05-19,Ferreteria Nuñez,Cuaderno,4,5351.23,efectivo
V-23324,2026-05-20,Estudio Contable RyR,Mouse inalambrico,5,5488.24,transferencia
V-23325,2026-05-21,Bar La Esquina,Servicio de consultoria,6,5625.25,tarjeta
V-23326,2026-05-22,Distribuidora Sur,Toner HP,7,5762.26,efectivo
V-23327,2026-05-23,Panaderia Ortiz,Servicio mensual,8,5899.27,transferencia
V-23328,2026-05-24,Optica Vision,Cuaderno,9,6036.28,tarjeta
V-23329,2026-05-25,Tech Solutions,Mouse inalambrico,10,6173.29,efectivo
V-23330,2026-05-26,Farmacia Central,Servicio de consultoria,11,6310.30,transferencia
V-23331,2026-05-27,Hotel Plaza,Toner HP,12,6447.31,tarjeta
V-23332,2026-05-28,Comercial Andrade,Servicio mensual,13,6584.32,efectivo
V-23333,2026-05-01,Garcia SA,Cuaderno,14,6721.33,transferencia
V-23334,2026-05-02,Juan Perez,Mouse inalambrico,15,6858.34,tarjeta
V-23335,2026-05-03,Marta Gomez,Servicio de consultoria,16,6995.35,efectivo
V-23336,2026-05-04,Kiosco El Sol,Toner HP,17,7132.36,transferencia
V-23337,2026-05-05,Ferreteria Nuñez,Servicio mensual,18,7269.37,tarjeta
V-23338,2026-05-06,Estudio Contable RyR,Cuaderno,19,7406.38,efectivo
V-23339,2026-05-07,Bar La Esquina,Mouse inalambrico,20,7543.39,transferencia
V-23340,2026-05-08,Distribuidora Sur,Servicio de consultoria,1,7680.40,tarjeta
V-23341,2026-05-09,Panaderia Ortiz,Toner HP,2,7817.41,efectivo
V-23342,2026-05-10,Optica Vision,Servicio mensual,3,7954.42,transferencia
V-23343,2026-05-11,Tech Solutions,Cuaderno,4,8091.43,tarjeta
V-23344,2026-05-12,Farmacia Central,Mouse inalambrico,5,8228.44,efectivo
V-23345,2026-05-13,Hotel Plaza,Servicio de consultoria,6,8365.45,transferencia
V-23346,2026-05-14,Comercial Andrade,Toner HP,7,8502.46,tarjeta
V-23347,2026-05-15,Garcia SA,Servicio mensual,8,8639.47,efectivo
V-23348,2026-05-16,Juan Perez,Cuaderno,9,8776.48,transferencia
V-23349,2026-05-17,Marta Gomez,Mouse inalambrico,10,8913.49,tarjeta
V-23350,2026-05-18,Kiosco El Sol,Servicio de consultoria,11,9050.50,efectivo
V-23351,2026-05-19,Ferreteria Nuñez,Toner HP,12,9187.51,transferencia
V-23352,2026-05-20,Estudio Contable RyR,Servicio mensual,13,9324.52,tarjeta
V-23353,2026-05-21,Bar La Esquina,Cuaderno,14,9461.53,efectivo
V-23354,2026-05-22,Distribuidora Sur,Mouse inalambrico,15,9598.54,transferencia
V-23355,2026-05-23,Panaderia Ortiz,Servicio de consultoria,16,9735.55,tarjeta
V-23356,2026-05-24,Optica Vision,Toner HP,17,9872.56,efectivo
V-23357,2026-05-25,Tech Solutions,Servicio mensual,18,10009.57,transferencia
V-23358,2026-05-26,Farmacia Central,Cuaderno,19,10146.58,tarjeta
V-23359,2026-05-27,Hotel Plaza,Mouse inalambrico,20,10283.59,efectivo
V-23360,2026-05-28,Comercial Andrade,Servicio de consultoria,1,10420.60,transferencia
V-23361,2026-05-01,Garcia SA,Toner HP,2,10557.61,tarjeta
V-23362,2026-05-02,Juan Perez,Servicio mensual,3,10694.62,efectivo
V-23363,2026-05-03,Marta Gomez,Cuaderno,4,10831.63,transferencia
V-23364,2026-05-04,Kiosco El Sol,Mouse inalambrico,5,10968.64,tarjeta
V-23365,2026-05-05,Ferreteria Nuñez,Servicio de consultoria,6,11105.65,efectivo
V-23366,2026-05-06,Estudio Contable RyR,Toner HP,7,11242.66,transferencia
V-23367,2026-05-07,Bar La Esquina,Servicio mensual,8,11379.67,tarjeta
V-23368,2026-05-08,Distribuidora Sur,Cuaderno,9,11516.68,efectivo
V-23369,2026-05-09,Panaderia Ortiz,Mouse inalambrico,10,11653.69,transferencia
V-23370,2026-05-10,Optica Vision,Servicio de consultoria,11,11790.70,tarjeta
V-23371,2026-05-11,Tech Solutions,Toner HP,12,11927.71,efectivo
V-23372,2026-05-12,Farmacia Central,Servicio mensual,13,12064.72,transferencia
V-23373,2026-05-13,Hotel Plaza,Cuaderno,14,12201.73,tarjeta
V-23374,2026-05-14,Comercial Andrade,Mouse inalambrico,15,12338.74,efectivo
V-23375,2026-05-15,Garcia SA,Servicio de consultoria,16,12475.75,transferencia
V-23376,2026-05-16,Juan Perez,Toner HP,17,12612.76,tarjeta
V-23377,2026-05-17,Marta Gomez,Servicio mensual,18,12749.77,efectivo
V-23378,2026-05-18,Kiosco El Sol,Cuaderno,19,12886.78,transferencia
V-23379,2026-05-19,Ferreteria Nuñez,Mouse inalambrico,20,13023.79,tarjeta
V-23380,2026-05-20,Estudio Contable RyR,Servicio de consultoria,1,13160.80,efectivo
V-23381,2026-05-21,Bar La Esquina,Toner HP,2,13297.81,transferencia
V-23382,2026-05-22,Distribuidora Sur,Servicio mensual,3,13434.82,tarjeta
V-23383,2026-05-23,Panaderia Ortiz,Cuaderno,4,13571.83,efectivo
V-23384,2026-05-24,Optica Vision,Mouse inalambrico,5,13708.84,transferencia
V-23385,2026-05-25,Tech Solutions,Servicio de consultoria,6,13845.85,tarjeta
V-23386,2026-05-26,Farmacia Central,Toner HP,7,13982.86,efectivo
V-23387,2026-05-27,Hotel Plaza,Servicio mensual,8,14119.87,transferencia
V-23388,2026-05-28,Comercial Andrade,Cuaderno,9,14256.88,tarjeta
V-23389,2026-05-01,Garcia SA,Mouse inalambrico,10,14393.89,efectivo
V-23390,2026-05-02,Juan Perez,Servicio de consultoria,11,14530.90,transferencia
V-23391,2026-05-03,Marta Gomez,Toner HP,12,14667.91,tarjeta
V-23392,2026-05-04,Kiosco El Sol,Servicio mensual,13,14804.92,efectivo
V-23393,2026-05-05,Ferreteria Nuñez,Cuaderno,14,14941.93,transferencia
V-23394,2026-05-06,Estudio Contable RyR,Mouse inalambrico,15,15078.94,tarjeta
V-23395,2026-05-07,Bar La Esquina,Servicio de consultoria,16,15215.95,efectivo
V-23396,2026-05-08,Distribuidora Sur,Toner HP,17,15352.96,transferencia
V-23397,2026-05-09,Panaderia Ortiz,Servicio mensual,18,15489.97,tarjeta
V-23398,2026-05-10,Optica Vision,Cuaderno,19,15626.98,efectivo
V-23399,2026-05-11,Tech Solutions,Mouse inalambrico,20,15763.99,transferencia
V-23400,2026-05-12,Farmacia Central,Servicio de consultoria,1,15900.00,tarjeta
V-23401,2026-05-13,Hotel Plaza,Toner HP,2,16037.01,efectivo
V-23402,2026-05-14,Comercial Andrade,Servicio mensual,3,16174.02,transferencia
V-23403,2026-05-15,Garcia SA,Cuaderno,4,16311.03,tarjeta
V-23404,2026-05-16,Juan Perez,Mouse inalambrico,5,16448.04,efectivo
V-23405,2026-05-17,Marta Gomez,Servicio de consultoria,6,16585.05,transferencia
V-23406,2026-05-18,Kiosco El Sol,Toner HP,7,16722.06,tarjeta
V-23407,2026-05-19,Ferreteria Nuñez,Servicio mensual,8,16859.07,efectivo
V-23408,2026-05-20,Estudio Contable RyR,Cuaderno,9,16996.08,transferencia
V-23409,2026-05-21,Bar La Esquina,Mouse inalambrico,10,17133.09,tarjeta
V-23410,2026-05-22,Distribuidora Sur,Servicio de consultoria,11,17270.10,efectivo
V-23411,2026-05-23,Panaderia Ortiz,Toner HP,12,17407.11,transferencia
V-23412,2026-05-24,Optica Vision,Servicio mensual,13,17544.12,tarjeta
V-23413,2026-05-25,Tech Solutions,Cuaderno,14,17681.13,efectivo
V-23414,2026-05-26,Farmacia Central,Mouse inalambrico,15,17818.14,transferencia
V-23415,2026-05-27,Hotel Plaza,Servicio de consultoria,16,17955.15,tarjeta
V-23416,2026-05-28,Comercial Andrade,Toner HP,17,18092.16,efectivo
V-23417,2026-05-01,Garcia SA,Servicio mensual,18,18229.17,transferencia
V-23418,2026-05-02,Juan Perez,Cuaderno,19,18366.18,tarjeta
V-23419,2026-05-03,Marta Gomez,Mouse inalambrico,20,18503.19,efectivo
V-23420,2026-05-04,Kiosco El Sol,Servicio de consultoria,1,18640.20,transferencia
V-23421,2026-05-05,Ferreteria Nuñez,Toner HP,2,18777.21,tarjeta
V-23422,2026-05-06,Estudio Contable RyR,Servicio mensual,3,18914.22,efectivo
V-23423,2026-05-07,Bar La Esquina,Cuaderno,4,19051.23,transferencia
V-23424,2026-05-08,Distribuidora Sur,Mouse inalambrico,5,19188.24,tarjeta
V-23425,2026-05-09,Panaderia Ortiz,Servicio de consultoria,6,19325.25,efectivo
V-23426,2026-05-10,Optica Vision,Toner HP,7,19462.26,transferencia
V-23427,2026-05-11,Tech Solutions,Servicio mensual,8,19599.27,tarjeta
V-23428,2026-05-12,Farmacia Central,Cuaderno,9,19736.28,efectivo
V-23429,2026-05-13,Hotel Plaza,Mouse inalambrico,10,19873.29,transferencia
V-23430,2026-05-14,Comercial Andrade,Servicio de consultoria,11,20010.30,tarjeta
V-23431,2026-05-15,Garcia SA,Toner HP,12,20147.31,efectivo
V-23432,2026-05-16,Juan Perez,Servicio mensual,13,20284.32,transferencia
V-23433,2026-05-17,Marta Gomez,Cuaderno,14,20421.33,tarjeta
V-23434,2026-05-18,Kiosco El Sol,Mouse inalambrico,15,20558.34,efectivo
V-23435,2026-05-19,Ferreteria Nuñez,Servicio de consultoria,16,20695.35,transferencia
V-23436,2026-05-20,Estudio Contable RyR,Toner HP,17,20832.36,tarjeta
V-23437,2026-05-21,Bar La Esquina,Servicio mensual,18,20969.37,efectivo
V-23438,2026-05-22,Distribuidora Sur,Cuaderno,19,21106.38,transferencia
V-23439,2026-05-23,Panaderia Ortiz,Mouse inalambrico,20,21243.39,tarjeta
V-23440,2026-05-24,Optica Vision,Servicio de consultoria,1,21380.40,efectivo
V-23441,2026-05-25,Tech Solutions,Toner HP,2,21517.41,transferencia
V-23442,2026-05-26,Farmacia Central,Servicio mensual,3,21654.42,tarjeta
V-23443,2026-05-27,Hotel Plaza,Cuaderno,4,21791.43,efectivo
V-23444,2026-05-28,Comercial Andrade,Mouse inalambrico,5,21928.44,transferencia
V-23445,2026-05-01,Garcia SA,Servicio de consultoria,6,22065.45,tarjeta
V-23446,2026-05-02,Juan Perez,Toner HP,7,22202.46,efectivo
V-23447,2026-05-03,Marta Gomez,Servicio mensual,8,22339.47,transferencia
V-23448,2026-05-04,Kiosco El Sol,Cuaderno,9,22476.48,tarjeta
V-23449,2026-05-05,Ferreteria Nuñez,Mouse inalambrico,10,22613.49,efectivo
V-23450,2026-05-06,Estudio Contable RyR,Servicio de consultoria,11,22750.50,transferencia
V-23451,2026-05-07,Bar La Esquina,Toner HP,12,22887.51,tarjeta
V-23452,2026-05-08,Distribuidora Sur,Servicio mensual,13,23024.52,efectivo
V-23453,2026-05-09,Panaderia Ortiz,Cuaderno,14,23161.53,transferencia
V-23454,2026-05-10,Optica Vision,Mouse inalambrico,15,23298.54,tarjeta
V-23455,2026-05-11,Tech Solutions,Servicio de consultoria,16,23435.55,efectivo
V-23456,2026-05-12,Farmacia Central,Toner HP,17,23572.56,transferencia
V-23457,2026-05-13,Hotel Plaza,Servicio mensual,18,23709.57,tarjeta
V-23458,2026-05-14,Comercial Andrade,Cuaderno,19,23846.58,efectivo
V-23459,2026-05-15,Garcia SA,Mouse inalambrico,20,23983.59,transferencia
V-23460,2026-05-16,Juan Perez,Servicio de consultoria,1,24120.60,tarjeta
V-23461,2026-05-17,Marta Gomez,Toner HP,2,24257.61,efectivo
V-23462,2026-05-18,Kiosco El Sol,Servicio mensual,3,24394.62,transferencia
V-23463,2026-05-19,Ferreteria Nuñez,Cuaderno,4,24531.63,tarjeta
V-23464,2026-05-20,Estudio Contable RyR,Mouse inalambrico,5,24668.64,efectivo
V-23465,2026-05-21,Bar La Esquina,Servicio de consultoria,6,24805.65,transferencia
V-23466,2026-05-22,Distribuidora Sur,Toner HP,7,24942.66,tarjeta
V-23467,2026-05-23,Panaderia Ortiz,Servicio mensual,8,25079.67,efectivo
V-23468,2026-05-24,Optica Vision,Cuaderno,9,25216.68,transferencia
V-23469,2026-05-25,Tech Solutions,Mouse inalambrico,10,25353.69,tarjeta
V-23470,2026-05-26,Farmacia Central,Servicio de consultoria,11,25490.70,efectivo
V-23471,2026-05-27,Hotel Plaza,Toner HP,12,25627.71,transferencia
V-23472,2026-05-28,Comercial Andrade,Servicio mensual,13,25764.72,tarjeta
V-23473,2026-05-01,Garcia SA,Cuaderno,14,25901.73,efectivo
V-23474,2026-05-02,Juan Perez,Mouse inalambrico,15,26038.74,transferencia
V-23475,2026-05-03,Marta Gomez,Servicio de consultoria,16,26175.75,tarjeta
V-23476,2026-05-04,Kiosco El Sol,Toner HP,17,26312.76,efectivo
V-23477,2026-05-05,Ferreteria Nuñez,Servicio mensual,18,26449.77,transferencia
V-23478,2026-05-06,Estudio Contable RyR,Cuaderno,19,26586.78,tarjeta
V-23479,2026-05-07,Bar La Esquina,Mouse inalambrico,20,26723.79,efectivo
V-23480,2026-05-08,Distribuidora Sur,Servicio de consultoria,1,26860.80,transferencia
V-23481,2026-05-09,Panaderia Ortiz,Toner HP,2,26997.81,tarjeta
V-23482,2026-05-10,Optica Vision,Servicio mensual,3,27134.82,efectivo
V-23483,2026-05-11,Tech Solutions,Cuaderno,4,27271.83,transferencia
V-23484,2026-05-12,Farmacia Central,Mouse inalambrico,5,27408.84,tarjeta
V-23485,2026-05-13,Hotel Plaza,Servicio de consultoria,6,27545.85,efectivo
V-23486,2026-05-14,Comercial Andrade,Toner HP,7,27682.86,transferencia
V-23487,2026-05-15,Garcia SA,Servicio mensual,8,27819.87,tarjeta
V-23488,2026-05-16,Juan Perez,Cuaderno,9,27956.88,efectivo
V-23489,2026-05-17,Marta Gomez,Mouse inalambrico,10,28093.89,transferencia
V-23490,2026-05-18,Kiosco El Sol,Servicio de consultoria,11,28230.90,tarjeta
V-23491,2026-05-19,Ferreteria Nuñez,Toner HP,12,28367.91,efectivo
V-23492,2026-05-20,Estudio Contable RyR,Servicio mensual,13,28504.92,transferencia
V-23493,2026-05-21,Bar La Esquina,Cuaderno,14,28641.93,tarjeta
V-23494,2026-05-22,Distribuidora Sur,Mouse inalambrico,15,28778.94,efectivo
V-23495,2026-05-23,Panaderia Ortiz,Servicio de consultoria,16,28915.95,transferencia
V-23496,2026-05-24,Optica Vision,Toner HP,17,29052.96,tarjeta
V-23497,2026-05-25,Tech Solutions,Servicio mensual,18,29189.97,efectivo
V-23498,2026-05-26,Farmacia Central,Cuaderno,19,29326.98,transferencia
V-23499,2026-05-27,Hotel Plaza,Mouse inalambrico,20,29463.99,tarjeta
V-23500,2026-05-28,Comercial Andrade,Servicio de consultoria,1,29600.00,efectivo
V-23501,2026-05-01,Garcia SA,Toner HP,2,29737.01,transferencia
V-23502,2026-05-02,Juan Perez,Servicio mensual,3,29874.02,tarjeta
V-23503,2026-05-03,Marta Gomez,Cuaderno,4,30011.03,efectivo
V-23504,2026-05-04,Kiosco El Sol,Mouse inalambrico,5,30148.04,transferencia
V-23505,2026-05-05,Ferreteria Nuñez,Servicio de consultoria,6,30285.05,tarjeta
V-23506,2026-05-06,Estudio Contable RyR,Toner HP,7,30422.06,efectivo
V-23507,2026-05-07,Bar La Esquina,Servicio mensual,8,30559.07,transferencia
V-23508,2026-05-08,Distribuidora Sur,Cuaderno,9,30696.08,tarjeta
V-23509,2026-05-09,Panaderia Ortiz,Mouse inalambrico,10,30833.09,efectivo
V-23510,2026-05-10,Optica Vision,Servicio de consultoria,11,30970.10,transferencia
V-23511,2026-05-11,Tech Solutions,Toner HP,12,31107.11,tarjeta
V-23512,2026-05-12,Farmacia Central,Servicio mensual,13,31244.12,efectivo
V-23513,2026-05-13,Hotel Plaza,Cuaderno,14,31381.13,transferencia
V-23514,2026-05-14,Comercial Andrade,Mouse inalambrico,15,31518.14,tarjeta
V-23515,2026-05-15,Garcia SA,Servicio de consultoria,16,31655.15,efectivo
V-23516,2026-05-16,Juan Perez,Toner HP,17,31792.16,transferencia
V-23517,2026-05-17,Marta Gomez,Servicio mensual,18,31929.17,tarjeta
V-23518,2026-05-18,Kiosco El Sol,Cuaderno,19,32066.18,efectivo
V-23519,2026-05-19,Ferreteria Nuñez,Mouse inalambrico,20,32203.19,transferencia
V-23520,2026-05-20,Estudio Contable RyR,Servicio de consultoria,1,32340.20,tarjeta
V-23521,2026-05-21,Bar La Esquina,Toner HP,2,32477.21,efectivo
V-23522,2026-05-22,Distribuidora Sur,Servicio mensual,3,32614.22,transferencia
V-23523,2026-05-23,Panaderia Ortiz,Cuaderno,4,32751.23,tarjeta
V-23524,2026-05-24,Optica Vision,Mouse inalambrico,5,32888.24,efectivo
V-23525,2026-05-25,Tech Solutions,Servicio de consultoria,6,33025.25,transferencia
V-23526,2026-05-26,Farmacia Central,Toner HP,7,33162.26,tarjeta
V-23527,2026-05-27,Hotel Plaza,Servicio mensual,8,33299.27,efectivo
V-23528,2026-05-28,Comercial Andrade,Cuaderno,9,33436.28,transferencia
V-23529,2026-05-01,Garcia SA,Mouse inalambrico,10,33573.29,tarjeta
V-23530,2026-05-02,Juan Perez,Servicio de consultoria,11,33710.30,efectivo
V-23531,2026-05-03,Marta Gomez,Toner HP,12,33847.31,transferencia
V-23532,2026-05-04,Kiosco El Sol,Servicio mensual,13,33984.32,tarjeta
V-23533,2026-05-05,Ferreteria Nuñez,Cuaderno,14,34121.33,efectivo
V-23534,2026-05-06,Estudio Contable RyR,Mouse inalambrico,15,34258.34,transferencia
V-23535,2026-05-07,Bar La Esquina,Servicio de consultoria,16,34395.35,tarjeta
V-23536,2026-05-08,Distribuidora Sur,Toner HP,17,34532.36,efectivo
V-23537,2026-05-09,Panaderia Ortiz,Servicio mensual,18,34669.37,transferencia
V-23538,2026-05-10,Optica Vision,Cuaderno,19,34806.38,tarjeta
V-23539,2026-05-11,Tech Solutions,Mouse inalambrico,20,34943.39,efectivo
V-23540,2026-05-12,Farmacia Central,Servicio de consultoria,1,35080.40,transferencia
V-23541,2026-05-13,Hotel Plaza,Toner HP,2,35217.41,tarjeta
V-23542,2026-05-14,Comercial Andrade,Servicio mensual,3,35354.42,efectivo
V-23543,2026-05-15,Garcia SA,Cuaderno,4,35491.43,transferencia
V-23544,2026-05-16,Juan Perez,Mouse inalambrico,5,35628.44,tarjeta
V-23545,2026-05-17,Marta Gomez,Servicio de consultoria,6,35765.45,efectivo
V-23546,2026-05-18,Kiosco El Sol,Toner HP,7,35902.46,transferencia
V-23547,2026-05-19,Ferreteria Nuñez,Servicio mensual,8,36039.47,tarjeta
V-23548,2026-05-20,Estudio Contable RyR,Cuaderno,9,36176.48,efectivo
V-23549,2026-05-21,Bar La Esquina,Mouse inalambrico,10,36313.49,transferencia
V-23550,2026-05-22,Distribuidora Sur,Servicio de consultoria,11,36450.50,tarjeta
V-23551,2026-05-23,Panaderia Ortiz,Toner HP,12,36587.51,efectivo
V-23552,2026-05-24,Optica Vision,Servicio mensual,13,36724.52,transferencia
V-23553,2026-05-25,Tech Solutions,Cuaderno,14,36861.53,tarjeta
V-23554,2026-05-26,Farmacia Central,Mouse inalambrico,15,36998.54,efectivo
V-23555,2026-05-27,Hotel Plaza,Servicio de consultoria,16,37135.55,transferencia
V-23556,2026-05-28,Comercial Andrade,Toner HP,17,37272.56,tarjeta
V-23557,2026-05-01,Garcia SA,Servicio mensual,18,37409.57,efectivo
V-23558,2026-05-02,Juan Perez,Cuaderno,19,37546.58,transferencia
V-23559,2026-05-03,Marta Gomez,Mouse inalambrico,20,37683.59,tarjeta
V-23560,2026-05-04,Kiosco El Sol,Servicio de consultoria,1,37820.60,efectivo
V-23561,2026-05-05,Ferreteria Nuñez,Toner HP,2,37957.61,transferencia
V-23562,2026-05-06,Estudio Contable RyR,Servicio mensual,3,38094.62,tarjeta
V-23563,2026-05-07,Bar La Esquina,Cuaderno,4,38231.63,efectivo
V-23564,2026-05-08,Distribuidora Sur,Mouse inalambrico,5,38368.64,transferencia
V-23565,2026-05-09,Panaderia Ortiz,Servicio de consultoria,6,38505.65,tarjeta
V-23566,2026-05-10,Optica Vision,Toner HP,7,38642.66,efectivo
V-23567,2026-05-11,Tech Solutions,Servicio mensual,8,38779.67,transferencia
V-23568,2026-05-12,Farmacia Central,Cuaderno,9,38916.68,tarjeta
V-23569,2026-05-13,Hotel Plaza,Mouse inalambrico,10,39053.69,efectivo
V-23570,2026-05-14,Comercial Andrade,Servicio de consultoria,11,39190.70,transferencia
V-23571,2026-05-15,Garcia SA,Toner HP,12,39327.71,tarjeta
V-23572,2026-05-16,Juan Perez,Servicio mensual,13,39464.72,efectivo
V-23573,2026-05-17,Marta Gomez,Cuaderno,14,39601.73,transferencia
V-23574,2026-05-18,Kiosco El Sol,Mouse inalambrico,15,39738.74,tarjeta
V-23575,2026-05-19,Ferreteria Nuñez,Servicio de consultoria,16,39875.75,efectivo
V-23576,2026-05-20,Estudio Contable RyR,Toner HP,17,40012.76,transferencia
V-23577,2026-05-21,Bar La Esquina,Servicio mensual,18,40149.77,tarjeta
V-23578,2026-05-22,Distribuidora Sur,Cuaderno,19,40286.78,efectivo
V-23579,2026-05-23,Panaderia Ortiz,Mouse inalambrico,20,40423.79,transferencia
V-23580,2026-05-24,Optica Vision,Servicio de consultoria,1,40560.80,tarjeta
V-23581,2026-05-25,Tech Solutions,Toner HP,2,40697.81,efectivo
V-23582,2026-05-26,Farmacia Central,Servicio mensual,3,40834.82,transferencia
V-23583,2026-05-27,Hotel Plaza,Cuaderno,4,40971.83,tarjeta
V-23584,2026-05-28,Comercial Andrade,Mouse inalambrico,5,41108.84,efectivo
V-23585,2026-05-01,Garcia SA,Servicio de consultoria,6,41245.85,transferencia
V-23586,2026-05-02,Juan Perez,Toner HP,7,41382.86,tarjeta
V-23587,2026-05-03,Marta Gomez,Servicio mensual,8,41519.87,efectivo
V-23588,2026-05-04,Kiosco El Sol,Cuaderno,9,41656.88,transferencia
V-23589,2026-05-05,Ferreteria Nuñez,Mouse inalambrico,10,41793.89,tarjeta
V-23590,2026-05-06,Estudio Contable RyR,Servicio de consultoria,11,41930.90,efectivo
V-23591,2026-05-07,Bar La Esquina,Toner HP,12,42067.91,transferencia
V-23592,2026-05-08,Distribuidora Sur,Servicio mensual,13,42204.92,tarjeta
V-23593,2026-05-09,Panaderia Ortiz,Cuaderno,14,42341.93,efectivo
V-23594,2026-05-10,Optica Vision,Mouse inalambrico,15,42478.94,transferencia
V-23595,2026-05-11,Tech Solutions,Servicio de consultoria,16,42615.95,tarjeta
V-23596,2026-05-12,Farmacia Central,Toner HP,17,42752.96,efectivo
V-23597,2026-05-13,Hotel Plaza,Servicio mensual,18,42889.97,transferencia
V-23598,2026-05-14,Comercial Andrade,Cuaderno,19,43026.98,tarjeta
V-23599,2026-05-15,Garcia SA,Mouse inalambrico,20,43163.99,efectivo
V-23600,2026-05-16,Juan Perez,Servicio de consultoria,1,43300.00,transferencia
V-23601,2026-05-17,Marta Gomez,Toner HP,2,43437.01,tarjeta
V-23602,2026-05-18,Kiosco El Sol,Servicio mensual,3,43574.02,efectivo
V-23603,2026-05-19,Ferreteria Nuñez,Cuaderno,4,43711.03,transferencia
V-23604,2026-05-20,Estudio Contable RyR,Mouse inalambrico,5,43848.04,tarjeta
V-23605,2026-05-21,Bar La Esquina,Servicio de consultoria,6,43985.05,efectivo
V-23606,2026-05-22,Distribuidora Sur,Toner HP,7,44122.06,transferencia
V-23607,2026-05-23,Panaderia Ortiz,Servicio mensual,8,44259.07,tarjeta
V-23608,2026-05-24,Optica Vision,Cuaderno,9,44396.08,efectivo
V-23609,2026-05-25,Tech Solutions,Mouse inalambrico,10,44533.09,transferencia
V-23610,2026-05-26,Farmacia Central,Servicio de consultoria,11,44670.10,tarjeta
V-23611,2026-05-27,Hotel Plaza,Toner HP,12,44807.11,efectivo
V-23612,2026-05-28,Comercial Andrade,Servicio mensual,13,44944.12,transferencia
V-23613,2026-05-01,Garcia SA,Cuaderno,14,45081.13,tarjeta
V-23614,2026-05-02,Juan Perez,Mouse inalambrico,15,45218.14,efectivo
V-23615,2026-05-03,Marta Gomez,Servicio de consultoria,16,45355.15,transferencia
V-23616,2026-05-04,Kiosco El Sol,Toner HP,17,45492.16,tarjeta
V-23617,2026-05-05,Ferreteria Nuñez,Servicio mensual,18,45629.17,efectivo
V-23618,2026-05-06,Estudio Contable RyR,Cuaderno,19,45766.18,transferencia
V-23619,2026-05-07,Bar La Esquina,Mouse inalambrico,20,45903.19,tarjeta
V-23620,2026-05-08,Distribuidora Sur,Servicio de consultoria,1,46040.20,efectivo
V-23621,2026-05-09,Panaderia Ortiz,Toner HP,2,46177.21,transferencia
V-23622,2026-05-10,Optica Vision,Servicio mensual,3,46314.22,tarjeta
V-23623,2026-05-11,Tech Solutions,Cuaderno,4,46451.23,efectivo
V-23624,2026-05-12,Farmacia Central,Mouse inalambrico,5,46588.24,transferencia
V-23625,2026-05-13,Hotel Plaza,Servicio de consultoria,6,46725.25,tarjeta
V-23626,2026-05-14,Comercial Andrade,Toner HP,7,46862.26,efectivo
V-23627,2026-05-15,Garcia SA,Servicio mensual,8,46999.27,transferencia
V-23628,2026-05-16,Juan Perez,Cuaderno,9,47136.28,tarjeta
V-23629,2026-05-17,Marta Gomez,Mouse inalambrico,10,47273.29,efectivo
V-23630,2026-05-18,Kiosco El Sol,Servicio de consultoria,11,47410.30,transferencia
V-23631,2026-05-19,Ferreteria Nuñez,Toner HP,12,47547.31,tarjeta
V-23632,2026-05-20,Estudio Contable RyR,Servicio mensual,13,47684.32,efectivo
V-23633,2026-05-21,Bar La Esquina,Cuaderno,14,47821.33,transferencia
V-23634,2026-05-22,Distribuidora Sur,Mouse inalambrico,15,47958.34,tarjeta
V-23635,2026-05-23,Panaderia Ortiz,Servicio de consultoria,16,48095.35,efectivo
V-23636,2026-05-24,Optica Vision,Toner HP,17,48232.36,transferencia
V-23637,2026-05-25,Tech Solutions,Servicio mensual,18,48369.37,tarjeta
V-23638,2026-05-26,Farmacia Central,Cuaderno,19,48506.38,efectivo
V-23639,2026-05-27,Hotel Plaza,Mouse inalambrico,20,48643.39,transferencia
V-23640,2026-05-28,Comercial Andrade,Servicio de consultoria,1,48780.40,tarjeta
V-23641,2026-05-01,Garcia SA,Toner HP,2,48917.41,efectivo
V-23642,2026-05-02,Juan Perez,Servicio mensual,3,49054.42,transferencia
V-23643,2026-05-03,Marta Gomez,Cuaderno,4,49191.43,tarjeta
V-23644,2026-05-04,Kiosco El Sol,Mouse inalambrico,5,49328.44,efectivo
V-23645,2026-05-05,Ferreteria Nuñez,Servicio de consultoria,6,49465.45,transferencia
V-23646,2026-05-06,Estudio Contable RyR,Toner HP,7,49602.46,tarjeta
V-23647,2026-05-07,Bar La Esquina,Servicio mensual,8,49739.47,efectivo
V-23648,2026-05-08,Distribuidora Sur,Cuaderno,9,49876.48,transferencia
V-23649,2026-05-09,Panaderia Ortiz,Mouse inalambrico,10,50013.49,tarjeta
V-23650,2026-05-10,Optica Vision,Servicio de consultoria,11,150.50,efectivo
V-23651,2026-05-11,Tech Solutions,Toner HP,12,287.51,transferencia
V-23652,2026-05-12,Farmacia Central,Servicio mensual,13,424.52,tarjeta
V-23653,2026-05-13,Hotel Plaza,Cuaderno,14,561.53,efectivo
V-23654,2026-05-14,Comercial Andrade,Mouse inalambrico,15,698.54,transferencia
V-23655,2026-05-15,Garcia SA,Servicio de consultoria,16,835.55,tarjeta
V-23656,2026-05-16,Juan Perez,Toner HP,17,972.56,efectivo
V-23657,2026-05-17,Marta Gomez,Servicio mensual,18,1109.57,transferencia
V-23658,2026-05-18,Kiosco El Sol,Cuaderno,19,1246.58,tarjeta
V-23659,2026-05-19,Ferreteria Nuñez,Mouse inalambrico,20,1383.59,efectivo
V-23660,2026-05-20,Estudio Contable RyR,Servicio de consultoria,1,1520.60,transferencia
V-23661,2026-05-21,Bar La Esquina,Toner HP,2,1657.61,tarjeta
V-23662,2026-05-22,Distribuidora Sur,Servicio mensual,3,1794.62,efectivo
V-23663,2026-05-23,Panaderia Ortiz,Cuaderno,4,1931.63,transferencia
V-23664,2026-05-24,Optica Vision,Mouse inalambrico,5,2068.64,tarjeta
V-23665,2026-05-25,Tech Solutions,Servicio de consultoria,6,2205.65,efectivo
V-23666,2026-05-26,Farmacia Central,Toner HP,7,2342.66,transferencia
V-23667,2026-05-27,Hotel Plaza,Servicio mensual,8,2479.67,tarjeta
V-23668,2026-05-28,Comercial Andrade,Cuaderno,9,2616.68,efectivo
V-23669,2026-05-01,Garcia SA,Mouse inalambrico,10,2753.69,transferencia
V-23670,2026-05-02,Juan Perez,Servicio de consultoria,11,2890.70,tarjeta
V-23671,2026-05-03,Marta Gomez,Toner HP,12,3027.71,efectivo
V-23672,2026-05-04,Kiosco El Sol,Servicio mensual,13,3164.72,transferencia
V-23673,2026-05-05,Ferreteria Nuñez,Cuaderno,14,3301.73,tarjeta
V-23674,2026-05-06,Estudio Contable RyR,Mouse inalambrico,15,3438.74,efectivo
V-23675,2026-05-07,Bar La Esquina,Servicio de consultoria,16,3575.75,transferencia
V-23676,2026-05-08,Distribuidora Sur,Toner HP,17,3712.76,tarjeta
V-23677,2026-05-09,Panaderia Ortiz,Servicio mensual,18,3849.77,efectivo
V-23678,2026-05-10,Optica Vision,Cuaderno,19,3986.78,transferencia
V-23679,2026-05-11,Tech Solutions,Mouse inalambrico,20,4123.79,tarjeta
V-23680,2026-05-12,Farmacia Central,Servicio de consultoria,1,4260.80,efectivo
V-23681,2026-05-13,Hotel Plaza,Toner HP,2,4397.81,transferencia
V-23682,2026-05-14,Comercial Andrade,Servicio mensual,3,4534.82,tarjeta
V-23683,2026-05-15,Garcia SA,Cuaderno,4,4671.83,efectivo
V-23684,2026-05-16,Juan Perez,Mouse inalambrico,5,4808.84,transferencia
V-23685,2026-05-17,Marta Gomez,Servicio de consultoria,6,4945.85,tarjeta
V-23686,2026-05-18,Kiosco El Sol,Toner HP,7,5082.86,efectivo
V-23687,2026-05-19,Ferreteria Nuñez,Servicio mensual,8,5219.87,transferencia
V-23688,2026-05-20,Estudio Contable RyR,Cuaderno,9,5356.88,tarjeta
V-23689,2026-05-21,Bar La Esquina,Mouse inalambrico,10,5493.89,efectivo
V-23690,2026-05-22,Distribuidora Sur,Servicio de consultoria,11,5630.90,transferencia
V-23691,2026-05-23,Panaderia Ortiz,Toner HP,12,5767.91,tarjeta
V-23692,2026-05-24,Optica Vision,Servicio mensual,13,5904.92,efectivo
V-23693,2026-05-25,Tech Solutions,Cuaderno,14,6041.93,transferencia
V-23694,2026-05-26,Farmacia Central,Mouse inalambrico,15,6178.94,tarjeta
V-23695,2026-05-27,Hotel Plaza,Servicio de consultoria,16,6315.95,efectivo
V-23696,2026-05-28,Comercial Andrade,Toner HP,17,6452.96,transferencia
V-23697,2026-05-01,Garcia SA,Servicio mensual,18,6589.97,tarjeta
V-23698,2026-05-02,Juan Perez,Cuaderno,19,6726.98,efectivo
V-23699,2026-05-03,Marta Gomez,Mouse inalambrico,20,6863.99,transferencia
V-23700,2026-05-04,Kiosco El Sol,Servicio de consultoria,1,7000.00,tarjeta
V-23701,2026-05-05,Ferreteria Nuñez,Toner HP,2,7137.01,efectivo
V-23702,2026-05-06,Estudio Contable RyR,Servicio mensual,3,7274.02,transferencia
V-23703,2026-05-07,Bar La Esquina,Cuaderno,4,7411.03,tarjeta
V-23704,2026-05-08,Distribuidora Sur,Mouse inalambrico,5,7548.04,efectivo
V-23705,2026-05-09,Panaderia Ortiz,Servicio de consultoria,6,7685.05,transferencia
V-23706,2026-05-10,Optica Vision,Toner HP,7,7822.06,tarjeta
V-23707,2026-05-11,Tech Solutions,Servicio mensual,8,7959.07,efectivo
V-23708,2026-05-12,Farmacia Central,Cuaderno,9,8096.08,transferencia
V-23709,2026-05-13,Hotel Plaza,Mouse inalambrico,10,8233.09,tarjeta
V-23710,2026-05-14,Comercial Andrade,Servicio de consultoria,11,8370.10,efectivo
V-23711,2026-05-15,Garcia SA,Toner HP,12,8507.11,transferencia
V-23712,2026-05-16,Juan Perez,Servicio mensual,13,8644.12,tarjeta
V-23713,2026-05-17,Marta Gomez,Cuaderno,14,8781.13,efectivo
V-23714,2026-05-18,Kiosco El Sol,Mouse inalambrico,15,8918.14,transferencia
V-23715,2026-05-19,Ferreteria Nuñez,Servicio de consultoria,16,9055.15,tarjeta
V-23716,2026-05-20,Estudio Contable RyR,Toner HP,17,9192.16,efectivo
V-23717,2026-05-21,Bar La Esquina,Servicio mensual,18,9329.17,transferencia
V-23718,2026-05-22,Distribuidora Sur,Cuaderno,19,9466.18,tarjeta
V-23719,2026-05-23,Panaderia Ortiz,Mouse inalambrico,20,9603.19,efectivo
V-23720,2026-05-24,Optica Vision,Servicio de consultoria,1,9740.20,transferencia
V-23721,2026-05-25,Tech Solutions,Toner HP,2,9877.21,tarjeta
V-23722,2026-05-26,Farmacia Central,Servicio mensual,3,10014.22,efectivo
V-23723,2026-05-27,Hotel Plaza,Cuaderno,4,10151.23,transferencia
V-23724,2026-05-28,Comercial Andrade,Mouse inalambrico,5,10288.24,tarjeta
V-23725,2026-05-01,Garcia SA,Servicio de consultoria,6,10425.25,efectivo
V-23726,2026-05-02,Juan Perez,Toner HP,7,10562.26,transferencia
V-23727,2026-05-03,Marta Gomez,Servicio mensual,8,10699.27,tarjeta
V-23728,2026-05-04,Kiosco El Sol,Cuaderno,9,10836.28,efectivo
V-23729,2026-05-05,Ferreteria Nuñez,Mouse inalambrico,10,10973.29,transferencia
V-23730,2026-05-06,Estudio Contable RyR,Servicio de consultoria,11,11110.30,tarjeta
V-23731,2026-05-07,Bar La Esquina,Toner HP,12,11247.31,efectivo
V-23732,2026-05-08,Distribuidora Sur,Servicio mensual,13,11384.32,transferencia
V-23733,2026-05-09,Panaderia Ortiz,Cuaderno,14,11521.33,tarjeta
V-23734,2026-05-10,Optica Vision,Mouse inalambrico,15,11658.34,efectivo
V-23735,2026-05-11,Tech Solutions,Servicio de consultoria,16,11795.35,transferencia
V-23736,2026-05-12,Farmacia Central,Toner HP,17,11932.36,tarjeta
V-23737,2026-05-13,Hotel Plaza,Servicio mensual,18,12069.37,efectivo
V-23738,2026-05-14,Comercial Andrade,Cuaderno,19,12206.38,transferencia
V-23739,2026-05-15,Garcia SA,Mouse inalambrico,20,12343.39,tarjeta
V-23740,2026-05-16,Juan Perez,Servicio de consultoria,1,12480.40,efectivo
V-23741,2026-05-17,Marta Gomez,Toner HP,2,12617.41,transferencia
V-23742,2026-05-18,Kiosco El Sol,Servicio mensual,3,12754.42,tarjeta
V-23743,2026-05-19,Ferreteria Nuñez,Cuaderno,4,12891.43,efectivo
V-23744,2026-05-20,Estudio Contable RyR,Mouse inalambrico,5,13028.44,transferencia
V-23745,2026-05-21,Bar La Esquina,Servicio de consultoria,6,13165.45,tarjeta
V-23746,2026-05-22,Distribuidora Sur,Toner HP,7,13302.46,efectivo
V-23747,2026-05-23,Panaderia Ortiz,Servicio mensual,8,13439.47,transferencia
V-23748,2026-05-24,Optica Vision,Cuaderno,9,13576.48,tarjeta
V-23749,2026-05-25,Tech Solutions,Mouse inalambrico,10,13713.49,efectivo
V-23750,2026-05-26,Farmacia Central,Servicio de consultoria,11,13850.50,transferencia
V-23751,2026-05-27,Hotel Plaza,Toner HP,12,13987.51,tarjeta
V-23752,2026-05-28,Comercial Andrade,Servicio mensual,13,14124.52,efectivo
V-23753,2026-05-01,Garcia SA,Cuaderno,14,14261.53,transferencia
V-23754,2026-05-02,Juan Perez,Mouse inalambrico,15,14398.54,tarjeta
V-23755,2026-05-03,Marta Gomez,Servicio de consultoria,16,14535.55,efectivo
V-23756,2026-05-04,Kiosco El Sol,Toner HP,17,14672.56,transferencia
V-23757,2026-05-05,Ferreteria Nuñez,Servicio mensual,18,14809.57,tarjeta
V-23758,2026-05-06,Estudio Contable RyR,Cuaderno,19,14946.58,efectivo
V-23759,2026-05-07,Bar La Esquina,Mouse inalambrico,20,15083.59,transferencia
V-23760,2026-05-08,Distribuidora Sur,Servicio de consultoria,1,15220.60,tarjeta
V-23761,2026-05-09,Panaderia Ortiz,Toner HP,2,15357.61,efectivo
V-23762,2026-05-10,Optica Vision,Servicio mensual,3,15494.62,transferencia
V-23763,2026-05-11,Tech Solutions,Cuaderno,4,15631.63,tarjeta
V-23764,2026-05-12,Farmacia Central,Mouse inalambrico,5,15768.64,efectivo
V-23765,2026-05-13,Hotel Plaza,Servicio de consultoria,6,15905.65,transferencia
V-23766,2026-05-14,Comercial Andrade,Toner HP,7,16042.66,tarjeta
V-23767,2026-05-15,Garcia SA,Servicio mensual,8,16179.67,efectivo
V-23768,2026-05-16,Juan Perez,Cuaderno,9,16316.68,transferencia
V-23769,2026-05-17,Marta Gomez,Mouse inalambrico,10,16453.69,tarjeta
V-23770,2026-05-18,Kiosco El Sol,Servicio de consultoria,11,16590.70,efectivo
V-23771,2026-05-19,Ferreteria Nuñez,Toner HP,12,16727.71,transferencia
V-23772,2026-05-20,Estudio Contable RyR,Servicio mensual,13,16864.72,tarjeta
V-23773,2026-05-21,Bar La Esquina,Cuaderno,14,17001.73,efectivo
V-23774,2026-05-22,Distribuidora Sur,Mouse inalambrico,15,17138.74,transferencia
V-23775,2026-05-23,Panaderia Ortiz,Servicio de consultoria,16,17275.75,tarjeta
V-23776,2026-05-24,Optica Vision,Toner HP,17,17412.76,efectivo
V-23777,2026-05-25,Tech Solutions,Servicio mensual,18,17549.77,transferencia
V-23778,2026-05-26,Farmacia Central,Cuaderno,19,17686.78,tarjeta
V-23779,2026-05-27,Hotel Plaza,Mouse inalambrico,20,17823.79,efectivo
V-23780,2026-05-28,Comercial Andrade,Servicio de consultoria,1,17960.80,transferencia
V-23781,2026-05-01,Garcia SA,Toner HP,2,18097.81,tarjeta
V-23782,2026-05-02,Juan Perez,Servicio mensual,3,18234.82,efectivo
V-23783,2026-05-03,Marta Gomez,Cuaderno,4,18371.83,transferencia
V-23784,2026-05-04,Kiosco El Sol,Mouse inalambrico,5,18508.84,tarjeta
V-23785,2026-05-05,Ferreteria Nuñez,Servicio de consultoria,6,18645.85,efectivo
V-23786,2026-05-06,Estudio Contable RyR,Toner HP,7,18782.86,transferencia
V-23787,2026-05-07,Bar La Esquina,Servicio mensual,8,18919.87,tarjeta
V-23788,2026-05-08,Distribuidora Sur,Cuaderno,9,19056.88,efectivo
V-23789,2026-05-09,Panaderia Ortiz,Mouse inalambrico,10,19193.89,transferencia
V-23790,2026-05-10,Optica Vision,Servicio de consultoria,11,19330.90,tarjeta
V-23791,2026-05-11,Tech Solutions,Toner HP,12,19467.91,efectivo
V-23792,2026-05-12,Farmacia Central,Servicio mensual,13,19604.92,transferencia
V-23793,2026-05-13,Hotel Plaza,Cuaderno,14,19741.93,tarjeta
V-23794,2026-05-14,Comercial Andrade,Mouse inalambrico,15,19878.94,efectivo
V-23795,2026-05-15,Garcia SA,Servicio de consultoria,16,20015.95,transferencia
V-23796,2026-05-16,Juan Perez,Toner HP,17,20152.96,tarjeta
V-23797,2026-05-17,Marta Gomez,Servicio mensual,18,20289.97,efectivo
V-23798,2026-05-18,Kiosco El Sol,Cuaderno,19,20426.98,transferencia
V-23799,2026-05-19,Ferreteria Nuñez,Mouse inalambrico,20,20563.99,tarjeta
V-23800,2026-05-20,Estudio Contable RyR,Servicio de consultoria,1,20700.00,efectivo
V-23801,2026-05-21,Bar La Esquina,Toner HP,2,20837.01,transferencia
V-23802,2026-05-22,Distribuidora Sur,Servicio mensual,3,20974.02,tarjeta
V-23803,2026-05-23,Panaderia Ortiz,Cuaderno,4,21111.03,efectivo
V-23804,2026-05-24,Optica Vision,Mouse inalambrico,5,21248.04,transferencia
V-23805,2026-05-25,Tech Solutions,Servicio de consultoria,6,21385.05,tarjeta
V-23806,2026-05-26,Farmacia Central,Toner HP,7,21522.06,efectivo
V-23807,2026-05-27,Hotel Plaza,Servicio mensual,8,21659.07,transferencia
V-23808,2026-05-28,Comercial Andrade,Cuaderno,9,21796.08,tarjeta
V-23809,2026-05-01,Garcia SA,Mouse inalambrico,10,21933.09,efectivo
V-23810,2026-05-02,Juan Perez,Servicio de consultoria,11,22070.10,transferencia
V-23811,2026-05-03,Marta Gomez,Toner HP,12,22207.11,tarjeta
V-23812,2026-05-04,Kiosco El Sol,Servicio mensual,13,22344.12,efectivo
V-23813,2026-05-05,Ferreteria Nuñez,Cuaderno,14,22481.13,transferencia
V-23814,2026-05-06,Estudio Contable RyR,Mouse inalambrico,15,22618.14,tarjeta
V-23815,2026-05-07,Bar La Esquina,Servicio de consultoria,16,22755.15,efectivo
V-23816,2026-05-08,Distribuidora Sur,Toner HP,17,22892.16,transferencia
V-23817,2026-05-09,Panaderia Ortiz,Servicio mensual,18,23029.17,tarjeta
V-23818,2026-05-10,Optica Vision,Cuaderno,19,23166.18,efectivo
V-23819,2026-05-11,Tech Solutions,Mouse inalambrico,20,23303.19,transferencia
V-23820,2026-05-12,Farmacia Central,Servicio de consultoria,1,23440.20,tarjeta
V-23821,2026-05-13,Hotel Plaza,Toner HP,2,23577.21,efectivo
V-23822,2026-05-14,Comercial Andrade,Servicio mensual,3,23714.22,transferencia
V-23823,2026-05-15,Garcia SA,Cuaderno,4,23851.23,tarjeta
V-23824,2026-05-16,Juan Perez,Mouse inalambrico,5,23988.24,efectivo
V-23825,2026-05-17,Marta Gomez,Servicio de consultoria,6,24125.25,transferencia
V-23826,2026-05-18,Kiosco El Sol,Toner HP,7,24262.26,tarjeta
V-23827,2026-05-19,Ferreteria Nuñez,Servicio mensual,8,24399.27,efectivo
V-23828,2026-05-20,Estudio Contable RyR,Cuaderno,9,24536.28,transferencia
V-23829,2026-05-21,Bar La Esquina,Mouse inalambrico,10,24673.29,tarjeta
V-23830,2026-05-22,Distribuidora Sur,Servicio de consultoria,11,24810.30,efectivo
V-23831,2026-05-23,Panaderia Ortiz,Toner HP,12,24947.31,transferencia
V-23832,2026-05-24,Optica Vision,Servicio mensual,13,25084.32,tarjeta
V-23833,2026-05-25,Tech Solutions,Cuaderno,14,25221.33,efectivo
V-23834,2026-05-26,Farmacia Central,Mouse inalambrico,15,25358.34,transferencia
V-23835,2026-05-27,Hotel Plaza,Servicio de consultoria,16,25495.35,tarjeta
V-23836,2026-05-28,Comercial Andrade,Toner HP,17,25632.36,efectivo
V-23837,2026-05-01,Garcia SA,Servicio mensual,18,25769.37,transferencia
V-23838,2026-05-02,Juan Perez,Cuaderno,19,25906.38,tarjeta
V-23839,2026-05-03,Marta Gomez,Mouse inalambrico,20,26043.39,efectivo
V-23840,2026-05-04,Kiosco El Sol,Servicio de consultoria,1,26180.40,transferencia
V-23841,2026-05-05,Ferreteria Nuñez,Toner HP,2,26317.41,tarjeta
V-23842,2026-05-06,Estudio Contable RyR,Servicio mensual,3,26454.42,efectivo
V-23843,2026-05-07,Bar La Esquina,Cuaderno,4,26591.43,transferencia
V-23844,2026-05-08,Distribuidora Sur,Mouse inalambrico,5,26728.44,tarjeta
V-23845,2026-05-09,Panaderia Ortiz,Servicio de consultoria,6,26865.45,efectivo
V-23846,2026-05-10,Optica Vision,Toner HP,7,27002.46,transferencia
V-23847,2026-05-11,Tech Solutions,Servicio mensual,8,27139.47,tarjeta
V-23848,2026-05-12,Farmacia Central,Cuaderno,9,27276.48,efectivo
V-23849,2026-05-13,Hotel Plaza,Mouse inalambrico,10,27413.49,transferencia
V-23850,2026-05-14,Comercial Andrade,Servicio de consultoria,11,27550.50,tarjeta
V-23851,2026-05-15,Garcia SA,Toner HP,12,27687.51,efectivo
V-23852,2026-05-16,Juan Perez,Servicio mensual,13,27824.52,transferencia
V-23853,2026-05-17,Marta Gomez,Cuaderno,14,27961.53,tarjeta
V-23854,2026-05-18,Kiosco El Sol,Mouse inalambrico,15,28098.54,efectivo
V-23855,2026-05-19,Ferreteria Nuñez,Servicio de consultoria,16,28235.55,transferencia
V-23856,2026-05-20,Estudio Contable RyR,Toner HP,17,28372.56,tarjeta
V-23857,2026-05-21,Bar La Esquina,Servicio mensual,18,28509.57,efectivo
V-23858,2026-05-22,Distribuidora Sur,Cuaderno,19,28646.58,transferencia
V-23859,2026-05-23,Panaderia Ortiz,Mouse inalambrico,20,28783.59,tarjeta
V-23860,2026-05-24,Optica Vision,Servicio de consultoria,1,28920.60,efectivo
V-23861,2026-05-25,Tech Solutions,Toner HP,2,29057.61,transferencia
V-23862,2026-05-26,Farmacia Central,Servicio mensual,3,29194.62,tarjeta
V-23863,2026-05-27,Hotel Plaza,Cuaderno,4,29331.63,efectivo
V-23864,2026-05-28,Comercial Andrade,Mouse inalambrico,5,29468.64,transferencia
V-23865,2026-05-01,Garcia SA,Servicio de consultoria,6,29605.65,tarjeta
V-23866,2026-05-02,Juan Perez,Toner HP,7,29742.66,efectivo
V-23867,2026-05-03,Marta Gomez,Servicio mensual,8,29879.67,transferencia
V-23868,2026-05-04,Kiosco El Sol,Cuaderno,9,30016.68,tarjeta
V-23869,2026-05-05,Ferreteria Nuñez,Mouse inalambrico,10,30153.69,efectivo
V-23870,2026-05-06,Estudio Contable RyR,Servicio de consultoria,11,30290.70,transferencia
V-23871,2026-05-07,Bar La Esquina,Toner HP,12,30427.71,tarjeta
V-23872,2026-05-08,Distribuidora Sur,Servicio mensual,13,30564.72,efectivo
V-23873,2026-05-09,Panaderia Ortiz,Cuaderno,14,30701.73,transferencia
V-23874,2026-05-10,Optica Vision,Mouse inalambrico,15,30838.74,tarjeta
V-23875,2026-05-11,Tech Solutions,Servicio de consultoria,16,30975.75,efectivo
V-23876,2026-05-12,Farmacia Central,Toner HP,17,31112.76,transferencia
V-23877,2026-05-13,Hotel Plaza,Servicio mensual,18,31249.77,tarjeta
V-23878,2026-05-14,Comercial Andrade,Cuaderno,19,31386.78,efectivo
V-23879,2026-05-15,Garcia SA,Mouse inalambrico,20,31523.79,transferencia
V-23880,2026-05-16,Juan Perez,Servicio de consultoria,1,31660.80,tarjeta
V-23881,2026-05-17,Marta Gomez,Toner HP,2,31797.81,efectivo
V-23882,2026-05-18,Kiosco El Sol,Servicio mensual,3,31934.82,transferencia
V-23883,2026-05-19,Ferreteria Nuñez,Cuaderno,4,32071.83,tarjeta
V-23884,2026-05-20,Estudio Contable RyR,Mouse inalambrico,5,32208.84,efectivo
V-23885,2026-05-21,Bar La Esquina,Servicio de consultoria,6,32345.85,transferencia
V-23886,2026-05-22,Distribuidora Sur,Toner HP,7,32482.86,tarjeta
V-23887,2026-05-23,Panaderia Ortiz,Servicio mensual,8,32619.87,efectivo
V-23888,2026-05-24,Optica Vision,Cuaderno,9,32756.88,transferencia
V-23889,2026-05-25,Tech Solutions,Mouse inalambrico,10,32893.89,tarjeta
V-23890,2026-05-26,Farmacia Central,Servicio de consultoria,11,33030.90,efectivo
V-23891,2026-05-27,Hotel Plaza,Toner HP,12,33167.91,transferencia
V-23892,2026-05-28,Comercial Andrade,Servicio mensual,13,33304.92,tarjeta
V-23893,2026-05-01,Garcia SA,Cuaderno,14,33441.93,efectivo
V-23894,2026-05-02,Juan Perez,Mouse inalambrico,15,33578.94,transferencia
V-23895,2026-05-03,Marta Gomez,Servicio de consultoria,16,33715.95,tarjeta
V-23896,2026-05-04,Kiosco El Sol,Toner HP,17,33852.96,efectivo
V-23897,2026-05-05,Ferreteria Nuñez,Servicio mensual,18,33989.97,transferencia
V-23898,2026-05-06,Estudio Contable RyR,Cuaderno,19,34126.98,tarjeta
V-23899,2026-05-07,Bar La Esquina,Mouse inalambrico,20,34263.99,efectivo
V-23900,2026-05-08,Distribuidora Sur,Servicio de consultoria,1,34400.00,transferencia
V-23901,2026-05-09,Panaderia Ortiz,Toner HP,2,34537.01,tarjeta
V-23902,2026-05-10,Optica Vision,Servicio mensual,3,34674.02,efectivo
V-23903,2026-05-11,Tech Solutions,Cuaderno,4,34811.03,transferencia
V-23904,2026-05-12,Farmacia Central,Mouse inalambrico,5,34948.04,tarjeta
V-23905,2026-05-13,Hotel Plaza,Servicio de consultoria,6,35085.05,efectivo
V-23906,2026-05-14,Comercial Andrade,Toner HP,7,35222.06,transferencia
V-23907,2026-05-15,Garcia SA,Servicio mensual,8,35359.07,tarjeta
V-23908,2026-05-16,Juan Perez,Cuaderno,9,35496.08,efectivo
V-23909,2026-05-17,Marta Gomez,Mouse inalambrico,10,35633.09,transferencia
V-23910,2026-05-18,Kiosco El Sol,Servicio de consultoria,11,35770.10,tarjeta
V-23911,2026-05-19,Ferreteria Nuñez,Toner HP,12,35907.11,efectivo
V-23912,2026-05-20,Estudio Contable RyR,Servicio mensual,13,36044.12,transferencia
V-23913,2026-05-21,Bar La Esquina,Cuaderno,14,36181.13,tarjeta
V-23914,2026-05-22,Distribuidora Sur,Mouse inalambrico,15,36318.14,efectivo
V-23915,2026-05-23,Panaderia Ortiz,Servicio de consultoria,16,36455.15,transferencia
V-23916,2026-05-24,Optica Vision,Toner HP,17,36592.16,tarjeta
V-23917,2026-05-25,Tech Solutions,Servicio mensual,18,36729.17,efectivo
V-23918,2026-05-26,Farmacia Central,Cuaderno,19,36866.18,transferencia
V-23919,2026-05-27,Hotel Plaza,Mouse inalambrico,20,37003.19,tarjeta
V-23920,2026-05-28,Comercial Andrade,Servicio de consultoria,1,37140.20,efectivo
V-23921,2026-05-01,Garcia SA,Toner HP,2,37277.21,transferencia
V-23922,2026-05-02,Juan Perez,Servicio mensual,3,37414.22,tarjeta
V-23923,2026-05-03,Marta Gomez,Cuaderno,4,37551.23,efectivo
V-23924,2026-05-04,Kiosco El Sol,Mouse inalambrico,5,37688.24,transferencia
V-23925,2026-05-05,Ferreteria Nuñez,Servicio de consultoria,6,37825.25,tarjeta
V-23926,2026-05-06,Estudio Contable RyR,Toner HP,7,37962.26,efectivo
V-23927,2026-05-07,Bar La Esquina,Servicio mensual,8,38099.27,transferencia
V-23928,2026-05-08,Distribuidora Sur,Cuaderno,9,38236.28,tarjeta
V-23929,2026-05-09,Panaderia Ortiz,Mouse inalambrico,10,38373.29,efectivo
V-23930,2026-05-10,Optica Vision,Servicio de consultoria,11,38510.30,transferencia
V-23931,2026-05-11,Tech Solutions,Toner HP,12,38647.31,tarjeta
V-23932,2026-05-12,Farmacia Central,Servicio mensual,13,38784.32,efectivo
V-23933,2026-05-13,Hotel Plaza,Cuaderno,14,38921.33,transferencia
V-23934,2026-05-14,Comercial Andrade,Mouse inalambrico,15,39058.34,tarjeta
V-23935,2026-05-15,Garcia SA,Servicio de consultoria,16,39195.35,efectivo
V-23936,2026-05-16,Juan Perez,Toner HP,17,39332.36,transferencia
V-23937,2026-05-17,Marta Gomez,Servicio mensual,18,39469.37,tarjeta
V-23938,2026-05-18,Kiosco El Sol,Cuaderno,19,39606.38,efectivo
V-23939,2026-05-19,Ferreteria Nuñez,Mouse inalambrico,20,39743.39,transferencia
V-23940,2026-05-20,Estudio Contable RyR,Servicio de consultoria,1,39880.40,tarjeta
V-23941,2026-05-21,Bar La Esquina,Toner HP,2,40017.41,efectivo
V-23942,2026-05-22,Distribuidora Sur,Servicio mensual,3,40154.42,transferencia
V-23943,2026-05-23,Panaderia Ortiz,Cuaderno,4,40291.43,tarjeta
V-23944,2026-05-24,Optica Vision,Mouse inalambrico,5,40428.44,efectivo
V-23945,2026-05-25,Tech Solutions,Servicio de consultoria,6,40565.45,transferencia
V-23946,2026-05-26,Farmacia Central,Toner HP,7,40702.46,tarjeta
V-23947,2026-05-27,Hotel Plaza,Servicio mensual,8,40839.47,efectivo
V-23948,2026-05-28,Comercial Andrade,Cuaderno,9,40976.48,transferencia
V-23949,2026-05-01,Garcia SA,Mouse inalambrico,10,41113.49,tarjeta
V-23950,2026-05-02,Juan Perez,Servicio de consultoria,11,41250.50,efectivo
V-23951,2026-05-03,Marta Gomez,Toner HP,12,41387.51,transferencia
V-23952,2026-05-04,Kiosco El Sol,Servicio mensual,13,41524.52,tarjeta
V-23953,2026-05-05,Ferreteria Nuñez,Cuaderno,14,41661.53,efectivo
V-23954,2026-05-06,Estudio Contable RyR,Mouse inalambrico,15,41798.54,transferencia
V-23955,2026-05-07,Bar La Esquina,Servicio de consultoria,16,41935.55,tarjeta
V-23956,2026-05-08,Distribuidora Sur,Toner HP,17,42072.56,efectivo
V-23957,2026-05-09,Panaderia Ortiz,Servicio mensual,18,42209.57,transferencia
V-23958,2026-05-10,Optica Vision,Cuaderno,19,42346.58,tarjeta
V-23959,2026-05-11,Tech Solutions,Mouse inalambrico,20,42483.59,efectivo
V-23960,2026-05-12,Farmacia Central,Servicio de consultoria,1,42620.60,transferencia
V-23961,2026-05-13,Hotel Plaza,Toner HP,2,42757.61,tarjeta
V-23962,2026-05-14,Comercial Andrade,Servicio mensual,3,42894.62,efectivo
V-23963,2026-05-15,Garcia SA,Cuaderno,4,43031.63,transferencia
V-23964,2026-05-16,Juan Perez,Mouse inalambrico,5,43168.64,tarjeta
V-23965,2026-05-17,Marta Gomez,Servicio de consultoria,6,43305.65,efectivo
V-23966,2026-05-18,Kiosco El Sol,Toner HP,7,43442.66,transferencia
V-23967,2026-05-19,Ferreteria Nuñez,Servicio mensual,8,43579.67,tarjeta
V-23968,2026-05-20,Estudio Contable RyR,Cuaderno,9,43716.68,efectivo
V-23969,2026-05-21,Bar La Esquina,Mouse inalambrico,10,43853.69,transferencia
V-23970,2026-05-22,Distribuidora Sur,Servicio de consultoria,11,43990.70,tarjeta
V-23971,2026-05-23,Panaderia Ortiz,Toner HP,12,44127.71,efectivo
V-23972,2026-05-24,Optica Vision,Servicio mensual,13,44264.72,transferencia
V-23973,2026-05-25,Tech Solutions,Cuaderno,14,44401.73,tarjeta
V-23974,2026-05-26,Farmacia Central,Mouse inalambrico,15,44538.74,efectivo
V-23975,2026-05-27,Hotel Plaza,Servicio de consultoria,16,44675.75,transferencia
V-23976,2026-05-28,Comercial Andrade,Toner HP,17,44812.76,tarjeta
V-23977,2026-05-01,Garcia SA,Servicio mensual,18,44949.77,efectivo
V-23978,2026-05-02,Juan Perez,Cuaderno,19,45086.78,transferencia
V-23979,2026-05-03,Marta Gomez,Mouse inalambrico,20,45223.79,tarjeta
V-23980,2026-05-04,Kiosco El Sol,Servicio de consultoria,1,45360.80,efectivo
V-23981,2026-05-05,Ferreteria Nuñez,Toner HP,2,45497.81,transferencia
V-23982,2026-05-06,Estudio Contable RyR,Servicio mensual,3,45634.82,tarjeta
V-23983,2026-05-07,Bar La Esquina,Cuaderno,4,45771.83,efectivo
V-23984,2026-05-08,Distribuidora Sur,Mouse inalambrico,5,45908.84,transferencia
V-23985,2026-05-09,Panaderia Ortiz,Servicio de consultoria,6,46045.85,tarjeta
V-23986,2026-05-10,Optica Vision,Toner HP,7,46182.86,efectivo
V-23987,2026-05-11,Tech Solutions,Servicio mensual,8,46319.87,transferencia
V-23988,2026-05-12,Farmacia Central,Cuaderno,9,46456.88,tarjeta
V-23989,2026-05-13,Hotel Plaza,Mouse inalambrico,10,46593.89,efectivo
V-23990,2026-05-14,Comercial Andrade,Servicio de consultoria,11,46730.90,transferencia
V-23991,2026-05-15,Garcia SA,Toner HP,12,46867.91,tarjeta
V-23992,2026-05-16,Juan Perez,Servicio mensual,13,47004.92,efectivo
V-23993,2026-05-17,Marta Gomez,Cuaderno,14,47141.93,transferencia
V-23994,2026-05-18,Kiosco El Sol,Mouse inalambrico,15,47278.94,tarjeta
V-23995,2026-05-19,Ferreteria Nuñez,Servicio de consultoria,16,47415.95,efectivo
V-23996,2026-05-20,Estudio Contable RyR,Toner HP,17,47552.96,transferencia
V-23997,2026-05-21,Bar La Esquina,Servicio mensual,18,47689.97,tarjeta
V-23998,2026-05-22,Distribuidora Sur,Cuaderno,19,47826.98,efectivo
V-23999,2026-05-23,Panaderia Ortiz,Mouse inalambrico,20,47963.99,transferencia
V-24000,2026-05-24,Optica Vision,Servicio de consultoria,1,48100.00,tarjeta
V-24001,2026-05-25,Tech Solutions,Toner HP,2,48237.01,efectivo
V-24002,2026-05-26,Farmacia Central,Servicio mensual,3,48374.02,transferencia
V-24003,2026-05-27,Hotel Plaza,Cuaderno,4,48511.03,tarjeta
V-24004,2026-05-28,Comercial Andrade,Mouse inalambrico,5,48648.04,efectivo
V-24005,2026-05-01,Garcia SA,Servicio de consultoria,6,48785.05,transferencia
V-24006,2026-05-02,Juan Perez,Toner HP,7,48922.06,tarjeta
V-24007,2026-05-03,Marta Gomez,Servicio mensual,8,49059.07,efectivo
V-24008,2026-05-04,Kiosco El Sol,Cuaderno,9,49196.08,transferencia
V-24009,2026-05-05,Ferreteria Nuñez,Mouse inalambrico,10,49333.09,tarjeta
V-24010,2026-05-06,Estudio Contable RyR,Servicio de consultoria,11,49470.10,efectivo
V-24011,2026-05-07,Bar La Esquina,Toner HP,12,49607.11,transferencia
V-24012,2026-05-08,Distribuidora Sur,Servicio mensual,13,49744.12,tarjeta
V-24013,2026-05-09,Panaderia Ortiz,Cuaderno,14,49881.13,efectivo
V-24014,2026-05-10,Optica Vision,Mouse inalambrico,15,50018.14,transferencia
V-24015,2026-05-11,Tech Solutions,Servicio de consultoria,16,155.15,tarjeta
V-24016,2026-05-12,Farmacia Central,Toner HP,17,292.16,efectivo
V-24017,2026-05-13,Hotel Plaza,Servicio mensual,18,429.17,transferencia
V-24018,2026-05-14,Comercial Andrade,Cuaderno,19,566.18,tarjeta
V-24019,2026-05-15,Garcia SA,Mouse inalambrico,20,703.19,efectivo
V-24020,2026-05-16,Juan Perez,Servicio de consultoria,1,840.20,transferencia
V-24021,2026-05-17,Marta Gomez,Toner HP,2,977.21,tarjeta
V-24022,2026-05-18,Kiosco El Sol,Servicio mensual,3,1114.22,efectivo
V-24023,2026-05-19,Ferreteria Nuñez,Cuaderno,4,1251.23,transferencia
V-24024,2026-05-20,Estudio Contable RyR,Mouse inalambrico,5,1388.24,tarjeta
V-24025,2026-05-21,Bar La Esquina,Servicio de consultoria,6,1525.25,efectivo
V-24026,2026-05-22,Distribuidora Sur,Toner HP,7,1662.26,transferencia
V-24027,2026-05-23,Panaderia Ortiz,Servicio mensual,8,1799.27,tarjeta
V-24028,2026-05-24,Optica Vision,Cuaderno,9,1936.28,efectivo
V-24029,2026-05-25,Tech Solutions,Mouse inalambrico,10,2073.29,transferencia
V-24030,2026-05-26,Farmacia Central,Servicio de consultoria,11,2210.30,tarjeta
V-24031,2026-05-27,Hotel Plaza,Toner HP,12,2347.31,efectivo
V-24032,2026-05-28,Comercial Andrade,Servicio mensual,13,2484.32,transferencia
V-24033,2026-05-01,Garcia SA,Cuaderno,14,2621.33,tarjeta
V-24034,2026-05-02,Juan Perez,Mouse inalambrico,15,2758.34,efectivo
V-24035,2026-05-03,Marta Gomez,Servicio de consultoria,16,2895.35,transferencia
V-24036,2026-05-04,Kiosco El Sol,Toner HP,17,3032.36,tarjeta
V-24037,2026-05-05,Ferreteria Nuñez,Servicio mensual,18,3169.37,efectivo
V-24038,2026-05-06,Estudio Contable RyR,Cuaderno,19,3306.38,transferencia
V-24039,2026-05-07,Bar La Esquina,Mouse inalambrico,20,3443.39,tarjeta
V-24040,2026-05-08,Distribuidora Sur,Servicio de consultoria,1,3580.40,efectivo
V-24041,2026-05-09,Panaderia Ortiz,Toner HP,2,3717.41,transferencia
V-24042,2026-05-10,Optica Vision,Servicio mensual,3,3854.42,tarjeta
V-24043,2026-05-11,Tech Solutions,Cuaderno,4,3991.43,efectivo
V-24044,2026-05-12,Farmacia Central,Mouse inalambrico,5,4128.44,transferencia
V-24045,2026-05-13,Hotel Plaza,Servicio de consultoria,6,4265.45,tarjeta
V-24046,2026-05-14,Comercial Andrade,Toner HP,7,4402.46,efectivo
V-24047,2026-05-15,Garcia SA,Servicio mensual,8,4539.47,transferencia
V-24048,2026-05-16,Juan Perez,Cuaderno,9,4676.48,tarjeta
V-24049,2026-05-17,Marta Gomez,Mouse inalambrico,10,4813.49,efectivo
V-24050,2026-05-18,Kiosco El Sol,Servicio de consultoria,11,4950.50,transferencia
V-24051,2026-05-19,Ferreteria Nuñez,Toner HP,12,5087.51,tarjeta
V-24052,2026-05-20,Estudio Contable RyR,Servicio mensual,13,5224.52,efectivo
V-24053,2026-05-21,Bar La Esquina,Cuaderno,14,5361.53,transferencia
V-24054,2026-05-22,Distribuidora Sur,Mouse inalambrico,15,5498.54,tarjeta
V-24055,2026-05-23,Panaderia Ortiz,Servicio de consultoria,16,5635.55,efectivo
V-24056,2026-05-24,Optica Vision,Toner HP,17,5772.56,transferencia
V-24057,2026-05-25,Tech Solutions,Servicio mensual,18,5909.57,tarjeta
V-24058,2026-05-26,Farmacia Central,Cuaderno,19,6046.58,efectivo
V-24059,2026-05-27,Hotel Plaza,Mouse inalambrico,20,6183.59,transferencia
V-24060,2026-05-28,Comercial Andrade,Servicio de consultoria,1,6320.60,tarjeta
V-24061,2026-05-01,Garcia SA,Toner HP,2,6457.61,efectivo
V-24062,2026-05-02,Juan Perez,Servicio mensual,3,6594.62,transferencia
V-24063,2026-05-03,Marta Gomez,Cuaderno,4,6731.63,tarjeta
V-24064,2026-05-04,Kiosco El Sol,Mouse inalambrico,5,6868.64,efectivo
V-24065,2026-05-05,Ferreteria Nuñez,Servicio de consultoria,6,7005.65,transferencia
V-24066,2026-05-06,Estudio Contable RyR,Toner HP,7,7142.66,tarjeta
V-24067,2026-05-07,Bar La Esquina,Servicio mensual,8,7279.67,efectivo
V-24068,2026-05-08,Distribuidora Sur,Cuaderno,9,7416.68,transferencia
V-24069,2026-05-09,Panaderia Ortiz,Mouse inalambrico,10,7553.69,tarjeta
V-24070,2026-05-10,Optica Vision,Servicio de consultoria,11,7690.70,efectivo
V-24071,2026-05-11,Tech Solutions,Toner HP,12,7827.71,transferencia
V-24072,2026-05-12,Farmacia Central,Servicio mensual,13,7964.72,tarjeta
V-24073,2026-05-13,Hotel Plaza,Cuaderno,14,8101.73,efectivo
V-24074,2026-05-14,Comercial Andrade,Mouse inalambrico,15,8238.74,transferencia
V-24075,2026-05-15,Garcia SA,Servicio de consultoria,16,8375.75,tarjeta
V-24076,2026-05-16,Juan Perez,Toner HP,17,8512.76,efectivo
V-24077,2026-05-17,Marta Gomez,Servicio mensual,18,8649.77,transferencia
V-24078,2026-05-18,Kiosco El Sol,Cuaderno,19,8786.78,tarjeta
V-24079,2026-05-19,Ferreteria Nuñez,Mouse inalambrico,20,8923.79,efectivo
V-24080,2026-05-20,Estudio Contable RyR,Servicio de consultoria,1,9060.80,transferencia
V-24081,2026-05-21,Bar La Esquina,Toner HP,2,9197.81,tarjeta
V-24082,2026-05-22,Distribuidora Sur,Servicio mensual,3,9334.82,efectivo
V-24083,2026-05-23,Panaderia Ortiz,Cuaderno,4,9471.83,transferencia
V-24084,2026-05-24,Optica Vision,Mouse inalambrico,5,9608.84,tarjeta
V-24085,2026-05-25,Tech Solutions,Servicio de consultoria,6,9745.85,efectivo
V-24086,2026-05-26,Farmacia Central,Toner HP,7,9882.86,transferencia
V-24087,2026-05-27,Hotel Plaza,Servicio mensual,8,10019.87,tarjeta
V-24088,2026-05-28,Comercial Andrade,Cuaderno,9,10156.88,efectivo
V-24089,2026-05-01,Garcia SA,Mouse inalambrico,10,10293.89,transferencia
V-24090,2026-05-02,Juan Perez,Servicio de consultoria,11,10430.90,tarjeta
V-24091,2026-05-03,Marta Gomez,Toner HP,12,10567.91,efectivo
V-24092,2026-05-04,Kiosco El Sol,Servicio mensual,13,10704.92,transferencia
V-24093,2026-05-05,Ferreteria Nuñez,Cuaderno,14,10841.93,tarjeta
V-24094,2026-05-06,Estudio Contable RyR,Mouse inalambrico,15,10978.94,efectivo
V-24095,2026-05-07,Bar La Esquina,Servicio de consultoria,16,11115.95,transferencia
V-24096,2026-05-08,Distribuidora Sur,Toner HP,17,11252.96,tarjeta
V-24097,2026-05-09,Panaderia Ortiz,Servicio mensual,18,11389.97,efectivo
V-24098,2026-05-10,Optica Vision,Cuaderno,19,11526.98,transferencia
V-24099,2026-05-11,Tech Solutions,Mouse inalambrico,20,11663.99,tarjeta
V-24100,2026-05-12,Farmacia Central,Servicio de consultoria,1,11800.00,efectivo
V-24101,2026-05-13,Hotel Plaza,Toner HP,2,11937.01,transferencia
V-24102,2026-05-14,Comercial Andrade,Servicio mensual,3,12074.02,tarjeta
V-24103,2026-05-15,Garcia SA,Cuaderno,4,12211.03,efectivo
V-24104,2026-05-16,Juan Perez,Mouse inalambrico,5,12348.04,transferencia
V-24105,2026-05-17,Marta Gomez,Servicio de consultoria,6,12485.05,tarjeta
V-24106,2026-05-18,Kiosco El Sol,Toner HP,7,12622.06,efectivo
V-24107,2026-05-19,Ferreteria Nuñez,Servicio mensual,8,12759.07,transferencia
V-24108,2026-05-20,Estudio Contable RyR,Cuaderno,9,12896.08,tarjeta
V-24109,2026-05-21,Bar La Esquina,Mouse inalambrico,10,13033.09,efectivo
V-24110,2026-05-22,Distribuidora Sur,Servicio de consultoria,11,13170.10,transferencia
V-24111,2026-05-23,Panaderia Ortiz,Toner HP,12,13307.11,tarjeta
V-24112,2026-05-24,Optica Vision,Servicio mensual,13,13444.12,efectivo
V-24113,2026-05-25,Tech Solutions,Cuaderno,14,13581.13,transferencia
V-24114,2026-05-26,Farmacia Central,Mouse inalambrico,15,13718.14,tarjeta
V-24115,2026-05-27,Hotel Plaza,Servicio de consultoria,16,13855.15,efectivo
V-24116,2026-05-28,Comercial Andrade,Toner HP,17,13992.16,transferencia
V-24117,2026-05-01,Garcia SA,Servicio mensual,18,14129.17,tarjeta
V-24118,2026-05-02,Juan Perez,Cuaderno,19,14266.18,efectivo
V-24119,2026-05-03,Marta Gomez,Mouse inalambrico,20,14403.19,transferencia
V-24120,2026-05-04,Kiosco El Sol,Servicio de consultoria,1,14540.20,tarjeta
V-24121,2026-05-05,Ferreteria Nuñez,Toner HP,2,14677.21,efectivo
V-24122,2026-05-06,Estudio Contable RyR,Servicio mensual,3,14814.22,transferencia
V-24123,2026-05-07,Bar La Esquina,Cuaderno,4,14951.23,tarjeta
V-24124,2026-05-08,Distribuidora Sur,Mouse inalambrico,5,15088.24,efectivo
V-24125,2026-05-09,Panaderia Ortiz,Servicio de consultoria,6,15225.25,transferencia
V-24126,2026-05-10,Optica Vision,Toner HP,7,15362.26,tarjeta
V-24127,2026-05-11,Tech Solutions,Servicio mensual,8,15499.27,efectivo
V-24128,2026-05-12,Farmacia Central,Cuaderno,9,15636.28,transferencia
V-24129,2026-05-13,Hotel Plaza,Mouse inalambrico,10,15773.29,tarjeta
V-24130,2026-05-14,Comercial Andrade,Servicio de consultoria,11,15910.30,efectivo
V-24131,2026-05-15,Garcia SA,Toner HP,12,16047.31,transferencia
V-24132,2026-05-16,Juan Perez,Servicio mensual,13,16184.32,tarjeta
V-24133,2026-05-17,Marta Gomez,Cuaderno,14,16321.33,efectivo
V-24134,2026-05-18,Kiosco El Sol,Mouse inalambrico,15,16458.34,transferencia
V-24135,2026-05-19,Ferreteria Nuñez,Servicio de consultoria,16,16595.35,tarjeta
V-24136,2026-05-20,Estudio Contable RyR,Toner HP,17,16732.36,efectivo
V-24137,2026-05-21,Bar La Esquina,Servicio mensual,18,16869.37,transferencia
V-24138,2026-05-22,Distribuidora Sur,Cuaderno,19,17006.38,tarjeta
V-24139,2026-05-23,Panaderia Ortiz,Mouse inalambrico,20,17143.39,efectivo
V-24140,2026-05-24,Optica Vision,Servicio de consultoria,1,17280.40,transferencia
V-24141,2026-05-25,Tech Solutions,Toner HP,2,17417.41,tarjeta
V-24142,2026-05-26,Farmacia Central,Servicio mensual,3,17554.42,efectivo
V-24143,2026-05-27,Hotel Plaza,Cuaderno,4,17691.43,transferencia
V-24144,2026-05-28,Comercial Andrade,Mouse inalambrico,5,17828.44,tarjeta
V-24145,2026-05-01,Garcia SA,Servicio de consultoria,6,17965.45,efectivo
V-24146,2026-05-02,Juan Perez,Toner HP,7,18102.46,transferencia
V-24147,2026-05-03,Marta Gomez,Servicio mensual,8,18239.47,tarjeta
V-24148,2026-05-04,Kiosco El Sol,Cuaderno,9,18376.48,efectivo
V-24149,2026-05-05,Ferreteria Nuñez,Mouse inalambrico,10,18513.49,transferencia
V-24150,2026-05-06,Estudio Contable RyR,Servicio de consultoria,11,18650.50,tarjeta
V-24151,2026-05-07,Bar La Esquina,Toner HP,12,18787.51,efectivo
V-24152,2026-05-08,Distribuidora Sur,Servicio mensual,13,18924.52,transferencia
V-24153,2026-05-09,Panaderia Ortiz,Cuaderno,14,19061.53,tarjeta
V-24154,2026-05-10,Optica Vision,Mouse inalambrico,15,19198.54,efectivo
V-24155,2026-05-11,Tech Solutions,Servicio de consultoria,16,19335.55,transferencia
V-24156,2026-05-12,Farmacia Central,Toner HP,17,19472.56,tarjeta
V-24157,2026-05-13,Hotel Plaza,Servicio mensual,18,19609.57,efectivo
V-24158,2026-05-14,Comercial Andrade,Cuaderno,19,19746.58,transferencia
V-24159,2026-05-15,Garcia SA,Mouse inalambrico,20,19883.59,tarjeta
V-24160,2026-05-16,Juan Perez,Servicio de consultoria,1,20020.60,efectivo
V-24161,2026-05-17,Marta Gomez,Toner HP,2,20157.61,transferencia
V-24162,2026-05-18,Kiosco El Sol,Servicio mensual,3,20294.62,tarjeta
V-24163,2026-05-19,Ferreteria Nuñez,Cuaderno,4,20431.63,efectivo
V-24164,2026-05-20,Estudio Contable RyR,Mouse inalambrico,5,20568.64,transferencia
V-24165,2026-05-21,Bar La Esquina,Servicio de consultoria,6,20705.65,tarjeta
V-24166,2026-05-22,Distribuidora Sur,Toner HP,7,20842.66,efectivo
V-24167,2026-05-23,Panaderia Ortiz,Servicio mensual,8,20979.67,transferencia
V-24168,2026-05-24,Optica Vision,Cuaderno,9,21116.68,tarjeta
V-24169,2026-05-25,Tech Solutions,Mouse inalambrico,10,21253.69,efectivo
V-24170,2026-05-26,Farmacia Central,Servicio de consultoria,11,21390.70,transferencia
V-24171,2026-05-27,Hotel Plaza,Toner HP,12,21527.71,tarjeta
V-24172,2026-05-28,Comercial Andrade,Servicio mensual,13,21664.72,efectivo
V-24173,2026-05-01,Garcia SA,Cuaderno,14,21801.73,transferencia
V-24174,2026-05-02,Juan Perez,Mouse inalambrico,15,21938.74,tarjeta
V-24175,2026-05-03,Marta Gomez,Servicio de consultoria,16,22075.75,efectivo
V-24176,2026-05-04,Kiosco El Sol,Toner HP,17,22212.76,transferencia
V-24177,2026-05-05,Ferreteria Nuñez,Servicio mensual,18,22349.77,tarjeta
V-24178,2026-05-06,Estudio Contable RyR,Cuaderno,19,22486.78,efectivo
V-24179,2026-05-07,Bar La Esquina,Mouse inalambrico,20,22623.79,transferencia
V-24180,2026-05-08,Distribuidora Sur,Servicio de consultoria,1,22760.80,tarjeta
V-24181,2026-05-09,Panaderia Ortiz,Toner HP,2,22897.81,efectivo
V-24182,2026-05-10,Optica Vision,Servicio mensual,3,23034.82,transferencia
V-24183,2026-05-11,Tech Solutions,Cuaderno,4,23171.83,tarjeta
V-24184,2026-05-12,Farmacia Central,Mouse inalambrico,5,23308.84,efectivo
V-24185,2026-05-13,Hotel Plaza,Servicio de consultoria,6,23445.85,transferencia
V-24186,2026-05-14,Comercial Andrade,Toner HP,7,23582.86,tarjeta
V-24187,2026-05-15,Garcia SA,Servicio mensual,8,23719.87,efectivo
V-24188,2026-05-16,Juan Perez,Cuaderno,9,23856.88,transferencia
V-24189,2026-05-17,Marta Gomez,Mouse inalambrico,10,23993.89,tarjeta
V-24190,2026-05-18,Kiosco El Sol,Servicio de consultoria,11,24130.90,efectivo
V-24191,2026-05-19,Ferreteria Nuñez,Toner HP,12,24267.91,transferencia
V-24192,2026-05-20,Estudio Contable RyR,Servicio mensual,13,24404.92,tarjeta
V-24193,2026-05-21,Bar La Esquina,Cuaderno,14,24541.93,efectivo
V-24194,2026-05-22,Distribuidora Sur,Mouse inalambrico,15,24678.94,transferencia
V-24195,2026-05-23,Panaderia Ortiz,Servicio de consultoria,16,24815.95,tarjeta
V-24196,2026-05-24,Optica Vision,Toner HP,17,24952.96,efectivo
V-24197,2026-05-25,Tech Solutions,Servicio mensual,18,25089.97,transferencia
V-24198,2026-05-26,Farmacia Central,Cuaderno,19,25226.98,tarjeta
V-24199,2026-05-27,Hotel Plaza,Mouse inalambrico,20,25363.99,efectivo
V-24200,2026-05-28,Comercial Andrade,Servicio de consultoria,1,25500.00,transferencia
V-24201,2026-05-01,Garcia SA,Toner HP,2,25637.01,tarjeta
V-24202,2026-05-02,Juan Perez,Servicio mensual,3,25774.02,efectivo
V-24203,2026-05-03,Marta Gomez,Cuaderno,4,25911.03,transferencia
V-24204,2026-05-04,Kiosco El Sol,Mouse inalambrico,5,26048.04,tarjeta
V-24205,2026-05-05,Ferreteria Nuñez,Servicio de consultoria,6,26185.05,efectivo
V-24206,2026-05-06,Estudio Contable RyR,Toner HP,7,26322.06,transferencia
V-24207,2026-05-07,Bar La Esquina,Servicio mensual,8,26459.07,tarjeta
V-24208,2026-05-08,Distribuidora Sur,Cuaderno,9,26596.08,efectivo
V-24209,2026-05-09,Panaderia Ortiz,Mouse inalambrico,10,26733.09,transferencia
V-24210,2026-05-10,Optica Vision,Servicio de consultoria,11,26870.10,tarjeta
V-24211,2026-05-11,Tech Solutions,Toner HP,12,27007.11,efectivo
V-24212,2026-05-12,Farmacia Central,Servicio mensual,13,27144.12,transferencia
V-24213,2026-05-13,Hotel Plaza,Cuaderno,14,27281.13,tarjeta
V-24214,2026-05-14,Comercial Andrade,Mouse inalambrico,15,27418.14,efectivo
V-24215,2026-05-15,Garcia SA,Servicio de consultoria,16,27555.15,transferencia
V-24216,2026-05-16,Juan Perez,Toner HP,17,27692.16,tarjeta
V-24217,2026-05-17,Marta Gomez,Servicio mensual,18,27829.17,efectivo
V-24218,2026-05-18,Kiosco El Sol,Cuaderno,19,27966.18,transferencia
V-24219,2026-05-19,Ferreteria Nuñez,Mouse inalambrico,20,28103.19,tarjeta
V-24220,2026-05-20,Estudio Contable RyR,Servicio de consultoria,1,28240.20,efectivo
V-24221,2026-05-21,Bar La Esquina,Toner HP,2,28377.21,transferencia
V-24222,2026-05-22,Distribuidora Sur,Servicio mensual,3,28514.22,tarjeta
V-24223,2026-05-23,Panaderia Ortiz,Cuaderno,4,28651.23,efectivo
V-24224,2026-05-24,Optica Vision,Mouse inalambrico,5,28788.24,transferencia
V-24225,2026-05-25,Tech Solutions,Servicio de consultoria,6,28925.25,tarjeta
V-24226,2026-05-26,Farmacia Central,Toner HP,7,29062.26,efectivo
V-24227,2026-05-27,Hotel Plaza,Servicio mensual,8,29199.27,transferencia
V-24228,2026-05-28,Comercial Andrade,Cuaderno,9,29336.28,tarjeta
V-24229,2026-05-01,Garcia SA,Mouse inalambrico,10,29473.29,efectivo
V-24230,2026-05-02,Juan Perez,Servicio de consultoria,11,29610.30,transferencia
V-24231,2026-05-03,Marta Gomez,Toner HP,12,29747.31,tarjeta
V-24232,2026-05-04,Kiosco El Sol,Servicio mensual,13,29884.32,efectivo
V-24233,2026-05-05,Ferreteria Nuñez,Cuaderno,14,30021.33,transferencia
V-24234,2026-05-06,Estudio Contable RyR,Mouse inalambrico,15,30158.34,tarjeta
V-24235,2026-05-07,Bar La Esquina,Servicio de consultoria,16,30295.35,efectivo
V-24236,2026-05-08,Distribuidora Sur,Toner HP,17,30432.36,transferencia
V-24237,2026-05-09,Panaderia Ortiz,Servicio mensual,18,30569.37,tarjeta
V-24238,2026-05-10,Optica Vision,Cuaderno,19,30706.38,efectivo
V-24239,2026-05-11,Tech Solutions,Mouse inalambrico,20,30843.39,transferencia
V-24240,2026-05-12,Farmacia Central,Servicio de consultoria,1,30980.40,tarjeta
V-24241,2026-05-13,Hotel Plaza,Toner HP,2,31117.41,efectivo
V-24242,2026-05-14,Comercial Andrade,Servicio mensual,3,31254.42,transferencia
V-24243,2026-05-15,Garcia SA,Cuaderno,4,31391.43,tarjeta
V-24244,2026-05-16,Juan Perez,Mouse inalambrico,5,31528.44,efectivo
V-24245,2026-05-17,Marta Gomez,Servicio de consultoria,6,31665.45,transferencia
V-24246,2026-05-18,Kiosco El Sol,Toner HP,7,31802.46,tarjeta
V-24247,2026-05-19,Ferreteria Nuñez,Servicio mensual,8,31939.47,efectivo
V-24248,2026-05-20,Estudio Contable RyR,Cuaderno,9,32076.48,transferencia
V-24249,2026-05-21,Bar La Esquina,Mouse inalambrico,10,32213.49,tarjeta
V-24250,2026-05-22,Distribuidora Sur,Servicio de consultoria,11,32350.50,efectivo
V-24251,2026-05-23,Panaderia Ortiz,Toner HP,12,32487.51,transferencia
V-24252,2026-05-24,Optica Vision,Servicio mensual,13,32624.52,tarjeta
V-24253,2026-05-25,Tech Solutions,Cuaderno,14,32761.53,efectivo
V-24254,2026-05-26,Farmacia Central,Mouse inalambrico,15,32898.54,transferencia
V-24255,2026-05-27,Hotel Plaza,Servicio de consultoria,16,33035.55,tarjeta
V-24256,2026-05-28,Comercial Andrade,Toner HP,17,33172.56,efectivo
V-24257,2026-05-01,Garcia SA,Servicio mensual,18,33309.57,transferencia
V-24258,2026-05-02,Juan Perez,Cuaderno,19,33446.58,tarjeta
V-24259,2026-05-03,Marta Gomez,Mouse inalambrico,20,33583.59,efectivo
V-24260,2026-05-04,Kiosco El Sol,Servicio de consultoria,1,33720.60,transferencia
V-24261,2026-05-05,Ferreteria Nuñez,Toner HP,2,33857.61,tarjeta
V-24262,2026-05-06,Estudio Contable RyR,Servicio mensual,3,33994.62,efectivo
V-24263,2026-05-07,Bar La Esquina,Cuaderno,4,34131.63,transferencia
V-24264,2026-05-08,Distribuidora Sur,Mouse inalambrico,5,34268.64,tarjeta
V-24265,2026-05-09,Panaderia Ortiz,Servicio de consultoria,6,34405.65,efectivo
V-24266,2026-05-10,Optica Vision,Toner HP,7,34542.66,transferencia
V-24267,2026-05-11,Tech Solutions,Servicio mensual,8,34679.67,tarjeta
V-24268,2026-05-12,Farmacia Central,Cuaderno,9,34816.68,efectivo
V-24269,2026-05-13,Hotel Plaza,Mouse inalambrico,10,34953.69,transferencia
V-24270,2026-05-14,Comercial Andrade,Servicio de consultoria,11,35090.70,tarjeta
V-24271,2026-05-15,Garcia SA,Toner HP,12,35227.71,efectivo
V-24272,2026-05-16,Juan Perez,Servicio mensual,13,35364.72,transferencia
V-24273,2026-05-17,Marta Gomez,Cuaderno,14,35501.73,tarjeta
V-24274,2026-05-18,Kiosco El Sol,Mouse inalambrico,15,35638.74,efectivo
V-24275,2026-05-19,Ferreteria Nuñez,Servicio de consultoria,16,35775.75,transferencia
V-24276,2026-05-20,Estudio Contable RyR,Toner HP,17,35912.76,tarjeta
V-24277,2026-05-21,Bar La Esquina,Servicio mensual,18,36049.77,efectivo
V-24278,2026-05-22,Distribuidora Sur,Cuaderno,19,36186.78,transferencia
V-24279,2026-05-23,Panaderia Ortiz,Mouse inalambrico,20,36323.79,tarjeta
V-24280,2026-05-24,Optica Vision,Servicio de consultoria,1,36460.80,efectivo
V-24281,2026-05-25,Tech Solutions,Toner HP,2,36597.81,transferencia
V-24282,2026-05-26,Farmacia Central,Servicio mensual,3,36734.82,tarjeta
V-24283,2026-05-27,Hotel Plaza,Cuaderno,4,36871.83,efectivo
V-24284,2026-05-28,Comercial Andrade,Mouse inalambrico,5,37008.84,transferencia
V-24285,2026-05-01,Garcia SA,Servicio de consultoria,6,37145.85,tarjeta
V-24286,2026-05-02,Juan Perez,Toner HP,7,37282.86,efectivo
V-24287,2026-05-03,Marta Gomez,Servicio mensual,8,37419.87,transferencia
V-24288,2026-05-04,Kiosco El Sol,Cuaderno,9,37556.88,tarjeta
V-24289,2026-05-05,Ferreteria Nuñez,Mouse inalambrico,10,37693.89,efectivo
V-24290,2026-05-06,Estudio Contable RyR,Servicio de consultoria,11,37830.90,transferencia
V-24291,2026-05-07,Bar La Esquina,Toner HP,12,37967.91,tarjeta
V-24292,2026-05-08,Distribuidora Sur,Servicio mensual,13,38104.92,efectivo
V-24293,2026-05-09,Panaderia Ortiz,Cuaderno,14,38241.93,transferencia
V-24294,2026-05-10,Optica Vision,Mouse inalambrico,15,38378.94,tarjeta
V-24295,2026-05-11,Tech Solutions,Servicio de consultoria,16,38515.95,efectivo
V-24296,2026-05-12,Farmacia Central,Toner HP,17,38652.96,transferencia
V-24297,2026-05-13,Hotel Plaza,Servicio mensual,18,38789.97,tarjeta
V-24298,2026-05-14,Comercial Andrade,Cuaderno,19,38926.98,efectivo
V-24299,2026-05-15,Garcia SA,Mouse inalambrico,20,39063.99,transferencia
V-24300,2026-05-16,Juan Perez,Servicio de consultoria,1,39200.00,tarjeta
V-24301,2026-05-17,Marta Gomez,Toner HP,2,39337.01,efectivo
V-24302,2026-05-18,Kiosco El Sol,Servicio mensual,3,39474.02,transferencia
V-24303,2026-05-19,Ferreteria Nuñez,Cuaderno,4,39611.03,tarjeta
V-24304,2026-05-20,Estudio Contable RyR,Mouse inalambrico,5,39748.04,efectivo
V-24305,2026-05-21,Bar La Esquina,Servicio de consultoria,6,39885.05,transferencia
V-24306,2026-05-22,Distribuidora Sur,Toner HP,7,40022.06,tarjeta
V-24307,2026-05-23,Panaderia Ortiz,Servicio mensual,8,40159.07,efectivo
V-24308,2026-05-24,Optica Vision,Cuaderno,9,40296.08,transferencia
V-24309,2026-05-25,Tech Solutions,Mouse inalambrico,10,40433.09,tarjeta
V-24310,2026-05-26,Farmacia Central,Servicio de consultoria,11,40570.10,efectivo
V-24311,2026-05-27,Hotel Plaza,Toner HP,12,40707.11,transferencia
V-24312,2026-05-28,Comercial Andrade,Servicio mensual,13,40844.12,tarjeta
V-24313,2026-05-01,Garcia SA,Cuaderno,14,40981.13,efectivo
V-24314,2026-05-02,Juan Perez,Mouse inalambrico,15,41118.14,transferencia
V-24315,2026-05-03,Marta Gomez,Servicio de consultoria,16,41255.15,tarjeta
V-24316,2026-05-04,Kiosco El Sol,Toner HP,17,41392.16,efectivo
V-24317,2026-05-05,Ferreteria Nuñez,Servicio mensual,18,41529.17,transferencia
V-24318,2026-05-06,Estudio Contable RyR,Cuaderno,19,41666.18,tarjeta
V-24319,2026-05-07,Bar La Esquina,Mouse inalambrico,20,41803.19,efectivo
V-24320,2026-05-08,Distribuidora Sur,Servicio de consultoria,1,41940.20,transferencia
V-24321,2026-05-09,Panaderia Ortiz,Toner HP,2,42077.21,tarjeta
V-24322,2026-05-10,Optica Vision,Servicio mensual,3,42214.22,efectivo
V-24323,2026-05-11,Tech Solutions,Cuaderno,4,42351.23,transferencia
V-24324,2026-05-12,Farmacia Central,Mouse inalambrico,5,42488.24,tarjeta
V-24325,2026-05-13,Hotel Plaza,Servicio de consultoria,6,42625.25,efectivo
V-24326,2026-05-14,Comercial Andrade,Toner HP,7,42762.26,transferencia
V-24327,2026-05-15,Garcia SA,Servicio mensual,8,42899.27,tarjeta
V-24328,2026-05-16,Juan Perez,Cuaderno,9,43036.28,efectivo
V-24329,2026-05-17,Marta Gomez,Mouse inalambrico,10,43173.29,transferencia
V-24330,2026-05-18,Kiosco El Sol,Servicio de consultoria,11,43310.30,tarjeta
V-24331,2026-05-19,Ferreteria Nuñez,Toner HP,12,43447.31,efectivo
V-24332,2026-05-20,Estudio Contable RyR,Servicio mensual,13,43584.32,transferencia
V-24333,2026-05-21,Bar La Esquina,Cuaderno,14,43721.33,tarjeta
V-24334,2026-05-22,Distribuidora Sur,Mouse inalambrico,15,43858.34,efectivo
V-24335,2026-05-23,Panaderia Ortiz,Servicio de consultoria,16,43995.35,transferencia
V-24336,2026-05-24,Optica Vision,Toner HP,17,44132.36,tarjeta
V-24337,2026-05-25,Tech Solutions,Servicio mensual,18,44269.37,efectivo
V-24338,2026-05-26,Farmacia Central,Cuaderno,19,44406.38,transferencia
V-24339,2026-05-27,Hotel Plaza,Mouse inalambrico,20,44543.39,tarjeta
V-24340,2026-05-28,Comercial Andrade,Servicio de consultoria,1,44680.40,efectivo
V-24341,2026-05-01,Garcia SA,Toner HP,2,44817.41,transferencia
V-24342,2026-05-02,Juan Perez,Servicio mensual,3,44954.42,tarjeta
V-24343,2026-05-03,Marta Gomez,Cuaderno,4,45091.43,efectivo
V-24344,2026-05-04,Kiosco El Sol,Mouse inalambrico,5,45228.44,transferencia
V-24345,2026-05-05,Ferreteria Nuñez,Servicio de consultoria,6,45365.45,tarjeta
V-24346,2026-05-06,Estudio Contable RyR,Toner HP,7,45502.46,efectivo
V-24347,2026-05-07,Bar La Esquina,Servicio mensual,8,45639.47,transferencia
V-24348,2026-05-08,Distribuidora Sur,Cuaderno,9,45776.48,tarjeta
V-24349,2026-05-09,Panaderia Ortiz,Mouse inalambrico,10,45913.49,efectivo
V-24350,2026-05-10,Optica Vision,Servicio de consultoria,11,46050.50,transferencia
V-24351,2026-05-11,Tech Solutions,Toner HP,12,46187.51,tarjeta
V-24352,2026-05-12,Farmacia Central,Servicio mensual,13,46324.52,efectivo
V-24353,2026-05-13,Hotel Plaza,Cuaderno,14,46461.53,transferencia
V-24354,2026-05-14,Comercial Andrade,Mouse inalambrico,15,46598.54,tarjeta
V-24355,2026-05-15,Garcia SA,Servicio de consultoria,16,46735.55,efectivo
V-24356,2026-05-16,Juan Perez,Toner HP,17,46872.56,transferencia
V-24357,2026-05-17,Marta Gomez,Servicio mensual,18,47009.57,tarjeta
V-24358,2026-05-18,Kiosco El Sol,Cuaderno,19,47146.58,efectivo
V-24359,2026-05-19,Ferreteria Nuñez,Mouse inalambrico,20,47283.59,transferencia
V-24360,2026-05-20,Estudio Contable RyR,Servicio de consultoria,1,47420.60,tarjeta
V-24361,2026-05-21,Bar La Esquina,Toner HP,2,47557.61,efectivo
V-24362,2026-05-22,Distribuidora Sur,Servicio mensual,3,47694.62,transferencia
V-24363,2026-05-23,Panaderia Ortiz,Cuaderno,4,47831.63,tarjeta
V-24364,2026-05-24,Optica Vision,Mouse inalambrico,5,47968.64,efectivo
V-24365,2026-05-25,Tech Solutions,Servicio de consultoria,6,48105.65,transferencia
V-24366,2026-05-26,Farmacia Central,Toner HP,7,48242.66,tarjeta
V-24367,2026-05-27,Hotel Plaza,Servicio mensual,8,48379.67,efectivo
V-24368,2026-05-28,Comercial Andrade,Cuaderno,9,48516.68,transferencia
V-24369,2026-05-01,Garcia SA,Mouse inalambrico,10,48653.69,tarjeta
V-24370,2026-05-02,Juan Perez,Servicio de consultoria,11,48790.70,efectivo
V-24371,2026-05-03,Marta Gomez,Toner HP,12,48927.71,transferencia
V-24372,2026-05-04,Kiosco El Sol,Servicio mensual,13,49064.72,tarjeta
V-24373,2026-05-05,Ferreteria Nuñez,Cuaderno,14,49201.73,efectivo
V-24374,2026-05-06,Estudio Contable RyR,Mouse inalambrico,15,49338.74,transferencia
V-24375,2026-05-07,Bar La Esquina,Servicio de consultoria,16,49475.75,tarjeta
V-24376,2026-05-08,Distribuidora Sur,Toner HP,17,49612.76,efectivo
V-24377,2026-05-09,Panaderia Ortiz,Servicio mensual,18,49749.77,transferencia
V-24378,2026-05-10,Optica Vision,Cuaderno,19,49886.78,tarjeta
V-24379,2026-05-11,Tech Solutions,Mouse inalambrico,20,50023.79,efectivo
V-24380,2026-05-12,Farmacia Central,Servicio de consultoria,1,160.80,transferencia
V-24381,2026-05-13,Hotel Plaza,Toner HP,2,297.81,tarjeta
V-24382,2026-05-14,Comercial Andrade,Servicio mensual,3,434.82,efectivo
V-24383,2026-05-15,Garcia SA,Cuaderno,4,571.83,transferencia
V-24384,2026-05-16,Juan Perez,Mouse inalambrico,5,708.84,tarjeta
V-24385,2026-05-17,Marta Gomez,Servicio de consultoria,6,845.85,efectivo
V-24386,2026-05-18,Kiosco El Sol,Toner HP,7,982.86,transferencia
V-24387,2026-05-19,Ferreteria Nuñez,Servicio mensual,8,1119.87,tarjeta
V-24388,2026-05-20,Estudio Contable RyR,Cuaderno,9,1256.88,efectivo
V-24389,2026-05-21,Bar La Esquina,Mouse inalambrico,10,1393.89,transferencia
V-24390,2026-05-22,Distribuidora Sur,Servicio de consultoria,11,1530.90,tarjeta
V-24391,2026-05-23,Panaderia Ortiz,Toner HP,12,1667.91,efectivo
V-24392,2026-05-24,Optica Vision,Servicio mensual,13,1804.92,transferencia
V-24393,2026-05-25,Tech Solutions,Cuaderno,14,1941.93,tarjeta
V-24394,2026-05-26,Farmacia Central,Mouse inalambrico,15,2078.94,efectivo
V-24395,2026-05-27,Hotel Plaza,Servicio de consultoria,16,2215.95,transferencia
V-24396,2026-05-28,Comercial Andrade,Toner HP,17,2352.96,tarjeta
V-24397,2026-05-01,Garcia SA,Servicio mensual,18,2489.97,efectivo
V-24398,2026-05-02,Juan Perez,Cuaderno,19,2626.98,transferencia
V-24399,2026-05-03,Marta Gomez,Mouse inalambrico,20,2763.99,tarjeta
V-24400,2026-05-04,Kiosco El Sol,Servicio de consultoria,1,2900.00,efectivo
V-24401,2026-05-05,Ferreteria Nuñez,Toner HP,2,3037.01,transferencia
V-24402,2026-05-06,Estudio Contable RyR,Servicio mensual,3,3174.02,tarjeta
V-24403,2026-05-07,Bar La Esquina,Cuaderno,4,3311.03,efectivo
V-24404,2026-05-08,Distribuidora Sur,Mouse inalambrico,5,3448.04,transferencia
V-24405,2026-05-09,Panaderia Ortiz,Servicio de consultoria,6,3585.05,tarjeta
V-24406,2026-05-10,Optica Vision,Toner HP,7,3722.06,efectivo
V-24407,2026-05-11,Tech Solutions,Servicio mensual,8,3859.07,transferencia
V-24408,2026-05-12,Farmacia Central,Cuaderno,9,3996.08,tarjeta
V-24409,2026-05-13,Hotel Plaza,Mouse inalambrico,10,4133.09,efectivo
V-24410,2026-05-14,Comercial Andrade,Servicio de consultoria,11,4270.10,transferencia
V-24411,2026-05-15,Garcia SA,Toner HP,12,4407.11,tarjeta
V-24412,2026-05-16,Juan Perez,Servicio mensual,13,4544.12,efectivo
V-24413,2026-05-17,Marta Gomez,Cuaderno,14,4681.13,transferencia
V-24414,2026-05-18,Kiosco El Sol,Mouse inalambrico,15,4818.14,tarjeta
V-24415,2026-05-19,Ferreteria Nuñez,Servicio de consultoria,16,4955.15,efectivo
V-24416,2026-05-20,Estudio Contable RyR,Toner HP,17,5092.16,transferencia
V-24417,2026-05-21,Bar La Esquina,Servicio mensual,18,5229.17,tarjeta
V-24418,2026-05-22,Distribuidora Sur,Cuaderno,19,5366.18,efectivo
V-24419,2026-05-23,Panaderia Ortiz,Mouse inalambrico,20,5503.19,transferencia
V-24420,2026-05-24,Optica Vision,Servicio de consultoria,1,5640.20,tarjeta
V-24421,2026-05-25,Tech Solutions,Toner HP,2,5777.21,efectivo
V-24422,2026-05-26,Farmacia Central,Servicio mensual,3,5914.22,transferencia
V-24423,2026-05-27,Hotel Plaza,Cuaderno,4,6051.23,tarjeta
V-24424,2026-05-28,Comercial Andrade,Mouse inalambrico,5,6188.24,efectivo
V-24425,2026-05-01,Garcia SA,Servicio de consultoria,6,6325.25,transferencia
V-24426,2026-05-02,Juan Perez,Toner HP,7,6462.26,tarjeta
V-24427,2026-05-03,Marta Gomez,Servicio mensual,8,6599.27,efectivo
V-24428,2026-05-04,Kiosco El Sol,Cuaderno,9,6736.28,transferencia
V-24429,2026-05-05,Ferreteria Nuñez,Mouse inalambrico,10,6873.29,tarjeta
V-24430,2026-05-06,Estudio Contable RyR,Servicio de consultoria,11,7010.30,efectivo
V-24431,2026-05-07,Bar La Esquina,Toner HP,12,7147.31,transferencia
V-24432,2026-05-08,Distribuidora Sur,Servicio mensual,13,7284.32,tarjeta
V-24433,2026-05-09,Panaderia Ortiz,Cuaderno,14,7421.33,efectivo
V-24434,2026-05-10,Optica Vision,Mouse inalambrico,15,7558.34,transferencia
V-24435,2026-05-11,Tech Solutions,Servicio de consultoria,16,7695.35,tarjeta
V-24436,2026-05-12,Farmacia Central,Toner HP,17,7832.36,efectivo
V-24437,2026-05-13,Hotel Plaza,Servicio mensual,18,7969.37,transferencia
V-24438,2026-05-14,Comercial Andrade,Cuaderno,19,8106.38,tarjeta
V-24439,2026-05-15,Garcia SA,Mouse inalambrico,20,8243.39,efectivo
V-24440,2026-05-16,Juan Perez,Servicio de consultoria,1,8380.40,transferencia
V-24441,2026-05-17,Marta Gomez,Toner HP,2,8517.41,tarjeta
V-24442,2026-05-18,Kiosco El Sol,Servicio mensual,3,8654.42,efectivo
V-24443,2026-05-19,Ferreteria Nuñez,Cuaderno,4,8791.43,transferencia
V-24444,2026-05-20,Estudio Contable RyR,Mouse inalambrico,5,8928.44,tarjeta
V-24445,2026-05-21,Bar La Esquina,Servicio de consultoria,6,9065.45,efectivo
V-24446,2026-05-22,Distribuidora Sur,Toner HP,7,9202.46,transferencia
V-24447,2026-05-23,Panaderia Ortiz,Servicio mensual,8,9339.47,tarjeta
V-24448,2026-05-24,Optica Vision,Cuaderno,9,9476.48,efectivo
V-24449,2026-05-25,Tech Solutions,Mouse inalambrico,10,9613.49,transferencia
V-24450,2026-05-26,Farmacia Central,Servicio de consultoria,11,9750.50,tarjeta
V-24451,2026-05-27,Hotel Plaza,Toner HP,12,9887.51,efectivo
V-24452,2026-05-28,Comercial Andrade,Servicio mensual,13,10024.52,transferencia
V-24453,2026-05-01,Garcia SA,Cuaderno,14,10161.53,tarjeta
V-24454,2026-05-02,Juan Perez,Mouse inalambrico,15,10298.54,efectivo
V-24455,2026-05-03,Marta Gomez,Servicio de consultoria,16,10435.55,transferencia
V-24456,2026-05-04,Kiosco El Sol,Toner HP,17,10572.56,tarjeta
V-24457,2026-05-05,Ferreteria Nuñez,Servicio mensual,18,10709.57,efectivo
V-24458,2026-05-06,Estudio Contable RyR,Cuaderno,19,10846.58,transferencia
V-24459,2026-05-07,Bar La Esquina,Mouse inalambrico,20,10983.59,tarjeta
V-24460,2026-05-08,Distribuidora Sur,Servicio de consultoria,1,11120.60,efectivo
V-24461,2026-05-09,Panaderia Ortiz,Toner HP,2,11257.61,transferencia
V-24462,2026-05-10,Optica Vision,Servicio mensual,3,11394.62,tarjeta
V-24463,2026-05-11,Tech Solutions,Cuaderno,4,11531.63,efectivo
V-24464,2026-05-12,Farmacia Central,Mouse inalambrico,5,11668.64,transferencia
V-24465,2026-05-13,Hotel Plaza,Servicio de consultoria,6,11805.65,tarjeta
V-24466,2026-05-14,Comercial Andrade,Toner HP,7,11942.66,efectivo
V-24467,2026-05-15,Garcia SA,Servicio mensual,8,12079.67,transferencia
V-24468,2026-05-16,Juan Perez,Cuaderno,9,12216.68,tarjeta
V-24469,2026-05-17,Marta Gomez,Mouse inalambrico,10,12353.69,efectivo
V-24470,2026-05-18,Kiosco El Sol,Servicio de consultoria,11,12490.70,transferencia
V-24471,2026-05-19,Ferreteria Nuñez,Toner HP,12,12627.71,tarjeta
V-24472,2026-05-20,Estudio Contable RyR,Servicio mensual,13,12764.72,efectivo
V-24473,2026-05-21,Bar La Esquina,Cuaderno,14,12901.73,transferencia
V-24474,2026-05-22,Distribuidora Sur,Mouse inalambrico,15,13038.74,tarjeta
V-24475,2026-05-23,Panaderia Ortiz,Servicio de consultoria,16,13175.75,efectivo
V-24476,2026-05-24,Optica Vision,Toner HP,17,13312.76,transferencia
V-24477,2026-05-25,Tech Solutions,Servicio mensual,18,13449.77,tarjeta
V-24478,2026-05-26,Farmacia Central,Cuaderno,19,13586.78,efectivo
V-24479,2026-05-27,Hotel Plaza,Mouse inalambrico,20,13723.79,transferencia
V-24480,2026-05-28,Comercial Andrade,Servicio de consultoria,1,13860.80,tarjeta
V-24481,2026-05-01,Garcia SA,Toner HP,2,13997.81,efectivo
V-24482,2026-05-02,Juan Perez,Servicio mensual,3,14134.82,transferencia
V-24483,2026-05-03,Marta Gomez,Cuaderno,4,14271.83,tarjeta
V-24484,2026-05-04,Kiosco El Sol,Mouse inalambrico,5,14408.84,efectivo
V-24485,2026-05-05,Ferreteria Nuñez,Servicio de consultoria,6,14545.85,transferencia
V-24486,2026-05-06,Estudio Contable RyR,Toner HP,7,14682.86,tarjeta
V-24487,2026-05-07,Bar La Esquina,Servicio mensual,8,14819.87,efectivo
V-24488,2026-05-08,Distribuidora Sur,Cuaderno,9,14956.88,transferencia
V-24489,2026-05-09,Panaderia Ortiz,Mouse inalambrico,10,15093.89,tarjeta
V-24490,2026-05-10,Optica Vision,Servicio de consultoria,11,15230.90,efectivo
V-24491,2026-05-11,Tech Solutions,Toner HP,12,15367.91,transferencia
V-24492,2026-05-12,Farmacia Central,Servicio mensual,13,15504.92,tarjeta
V-24493,2026-05-13,Hotel Plaza,Cuaderno,14,15641.93,efectivo
V-24494,2026-05-14,Comercial Andrade,Mouse inalambrico,15,15778.94,transferencia
V-24495,2026-05-15,Garcia SA,Servicio de consultoria,16,15915.95,tarjeta
V-24496,2026-05-16,Juan Perez,Toner HP,17,16052.96,efectivo
V-24497,2026-05-17,Marta Gomez,Servicio mensual,18,16189.97,transferencia
V-24498,2026-05-18,Kiosco El Sol,Cuaderno,19,16326.98,tarjeta
V-24499,2026-05-19,Ferreteria Nuñez,Mouse inalambrico,20,16463.99,efectivo
V-24500,2026-05-20,Estudio Contable RyR,Servicio de consultoria,1,16600.00,transferencia
V-24501,2026-05-21,Bar La Esquina,Toner HP,2,16737.01,tarjeta
V-24502,2026-05-22,Distribuidora Sur,Servicio mensual,3,16874.02,efectivo
V-24503,2026-05-23,Panaderia Ortiz,Cuaderno,4,17011.03,transferencia
V-24504,2026-05-24,Optica Vision,Mouse inalambrico,5,17148.04,tarjeta
V-24505,2026-05-25,Tech Solutions,Servicio de consultoria,6,17285.05,efectivo
V-24506,2026-05-26,Farmacia Central,Toner HP,7,17422.06,transferencia
V-24507,2026-05-27,Hotel Plaza,Servicio mensual,8,17559.07,tarjeta
V-24508,2026-05-28,Comercial Andrade,Cuaderno,9,17696.08,efectivo
V-24509,2026-05-01,Garcia SA,Mouse inalambrico,10,17833.09,transferencia
V-24510,2026-05-02,Juan Perez,Servicio de consultoria,11,17970.10,tarjeta
V-24511,2026-05-03,Marta Gomez,Toner HP,12,18107.11,efectivo
V-24512,2026-05-04,Kiosco El Sol,Servicio mensual,13,18244.12,transferencia
V-24513,2026-05-05,Ferreteria Nuñez,Cuaderno,14,18381.13,tarjeta
V-24514,2026-05-06,Estudio Contable RyR,Mouse inalambrico,15,18518.14,efectivo
V-24515,2026-05-07,Bar La Esquina,Servicio de consultoria,16,18655.15,transferencia
V-24516,2026-05-08,Distribuidora Sur,Toner HP,17,18792.16,tarjeta
V-24517,2026-05-09,Panaderia Ortiz,Servicio mensual,18,18929.17,efectivo
V-24518,2026-05-10,Optica Vision,Cuaderno,19,19066.18,transferencia
V-24519,2026-05-11,Tech Solutions,Mouse inalambrico,20,19203.19,tarjeta
V-24520,2026-05-12,Farmacia Central,Servicio de consultoria,1,19340.20,efectivo
V-24521,2026-05-13,Hotel Plaza,Toner HP,2,19477.21,transferencia
V-24522,2026-05-14,Comercial Andrade,Servicio mensual,3,19614.22,tarjeta
V-24523,2026-05-15,Garcia SA,Cuaderno,4,19751.23,efectivo
V-24524,2026-05-16,Juan Perez,Mouse inalambrico,5,19888.24,transferencia
V-24525,2026-05-17,Marta Gomez,Servicio de consultoria,6,20025.25,tarjeta
V-24526,2026-05-18,Kiosco El Sol,Toner HP,7,20162.26,efectivo
V-24527,2026-05-19,Ferreteria Nuñez,Servicio mensual,8,20299.27,transferencia
V-24528,2026-05-20,Estudio Contable RyR,Cuaderno,9,20436.28,tarjeta
V-24529,2026-05-21,Bar La Esquina,Mouse inalambrico,10,20573.29,efectivo
V-24530,2026-05-22,Distribuidora Sur,Servicio de consultoria,11,20710.30,transferencia
V-24531,2026-05-23,Panaderia Ortiz,Toner HP,12,20847.31,tarjeta
V-24532,2026-05-24,Optica Vision,Servicio mensual,13,20984.32,efectivo
V-24533,2026-05-25,Tech Solutions,Cuaderno,14,21121.33,transferencia
V-24534,2026-05-26,Farmacia Central,Mouse inalambrico,15,21258.34,tarjeta
V-24535,2026-05-27,Hotel Plaza,Servicio de consultoria,16,21395.35,efectivo
V-24536,2026-05-28,Comercial Andrade,Toner HP,17,21532.36,transferencia
V-24537,2026-05-01,Garcia SA,Servicio mensual,18,21669.37,tarjeta
V-24538,2026-05-02,Juan Perez,Cuaderno,19,21806.38,efectivo
V-24539,2026-05-03,Marta Gomez,Mouse inalambrico,20,21943.39,transferencia
V-24540,2026-05-04,Kiosco El Sol,Servicio de consultoria,1,22080.40,tarjeta
V-24541,2026-05-05,Ferreteria Nuñez,Toner HP,2,22217.41,efectivo
V-24542,2026-05-06,Estudio Contable RyR,Servicio mensual,3,22354.42,transferencia
V-24543,2026-05-07,Bar La Esquina,Cuaderno,4,22491.43,tarjeta
V-24544,2026-05-08,Distribuidora Sur,Mouse inalambrico,5,22628.44,efectivo
V-24545,2026-05-09,Panaderia Ortiz,Servicio de consultoria,6,22765.45,transferencia
V-24546,2026-05-10,Optica Vision,Toner HP,7,22902.46,tarjeta
V-24547,2026-05-11,Tech Solutions,Servicio mensual,8,23039.47,efectivo
V-24548,2026-05-12,Farmacia Central,Cuaderno,9,23176.48,transferencia
V-24549,2026-05-13,Hotel Plaza,Mouse inalambrico,10,23313.49,tarjeta
V-24550,2026-05-14,Comercial Andrade,Servicio de consultoria,11,23450.50,efectivo
V-24551,2026-05-15,Garcia SA,Toner HP,12,23587.51,transferencia
V-24552,2026-05-16,Juan Perez,Servicio mensual,13,23724.52,tarjeta
V-24553,2026-05-17,Marta Gomez,Cuaderno,14,23861.53,efectivo
V-24554,2026-05-18,Kiosco El Sol,Mouse inalambrico,15,23998.54,transferencia
V-24555,2026-05-19,Ferreteria Nuñez,Servicio de consultoria,16,24135.55,tarjeta
V-24556,2026-05-20,Estudio Contable RyR,Toner HP,17,24272.56,efectivo
V-24557,2026-05-21,Bar La Esquina,Servicio mensual,18,24409.57,transferencia
V-24558,2026-05-22,Distribuidora Sur,Cuaderno,19,24546.58,tarjeta
V-24559,2026-05-23,Panaderia Ortiz,Mouse inalambrico,20,24683.59,efectivo
V-24560,2026-05-24,Optica Vision,Servicio de consultoria,1,24820.60,transferencia
V-24561,2026-05-25,Tech Solutions,Toner HP,2,24957.61,tarjeta
V-24562,2026-05-26,Farmacia Central,Servicio mensual,3,25094.62,efectivo
V-24563,2026-05-27,Hotel Plaza,Cuaderno,4,25231.63,transferencia
V-24564,2026-05-28,Comercial Andrade,Mouse inalambrico,5,25368.64,tarjeta
V-24565,2026-05-01,Garcia SA,Servicio de consultoria,6,25505.65,efectivo
V-24566,2026-05-02,Juan Perez,Toner HP,7,25642.66,transferencia
V-24567,2026-05-03,Marta Gomez,Servicio mensual,8,25779.67,tarjeta
V-24568,2026-05-04,Kiosco El Sol,Cuaderno,9,25916.68,efectivo
V-24569,2026-05-05,Ferreteria Nuñez,Mouse inalambrico,10,26053.69,transferencia
V-24570,2026-05-06,Estudio Contable RyR,Servicio de consultoria,11,26190.70,tarjeta
V-24571,2026-05-07,Bar La Esquina,Toner HP,12,26327.71,efectivo
V-24572,2026-05-08,Distribuidora Sur,Servicio mensual,13,26464.72,transferencia
V-24573,2026-05-09,Panaderia Ortiz,Cuaderno,14,26601.73,tarjeta
V-24574,2026-05-10,Optica Vision,Mouse inalambrico,15,26738.74,efectivo
V-24575,2026-05-11,Tech Solutions,Servicio de consultoria,16,26875.75,transferencia
V-24576,2026-05-12,Farmacia Central,Toner HP,17,27012.76,tarjeta
V-24577,2026-05-13,Hotel Plaza,Servicio mensual,18,27149.77,efectivo
V-24578,2026-05-14,Comercial Andrade,Cuaderno,19,27286.78,transferencia
V-24579,2026-05-15,Garcia SA,Mouse inalambrico,20,27423.79,tarjeta
V-24580,2026-05-16,Juan Perez,Servicio de consultoria,1,27560.80,efectivo
V-24581,2026-05-17,Marta Gomez,Toner HP,2,27697.81,transferencia
V-24582,2026-05-18,Kiosco El Sol,Servicio mensual,3,27834.82,tarjeta
V-24583,2026-05-19,Ferreteria Nuñez,Cuaderno,4,27971.83,efectivo
V-24584,2026-05-20,Estudio Contable RyR,Mouse inalambrico,5,28108.84,transferencia
V-24585,2026-05-21,Bar La Esquina,Servicio de consultoria,6,28245.85,tarjeta
V-24586,2026-05-22,Distribuidora Sur,Toner HP,7,28382.86,efectivo
V-24587,2026-05-23,Panaderia Ortiz,Servicio mensual,8,28519.87,transferencia
V-24588,2026-05-24,Optica Vision,Cuaderno,9,28656.88,tarjeta
V-24589,2026-05-25,Tech Solutions,Mouse inalambrico,10,28793.89,efectivo
V-24590,2026-05-26,Farmacia Central,Servicio de consultoria,11,28930.90,transferencia
V-24591,2026-05-27,Hotel Plaza,Toner HP,12,29067.91,tarjeta
V-24592,2026-05-28,Comercial Andrade,Servicio mensual,13,29204.92,efectivo
V-24593,2026-05-01,Garcia SA,Cuaderno,14,29341.93,transferencia
V-24594,2026-05-02,Juan Perez,Mouse inalambrico,15,29478.94,tarjeta
V-24595,2026-05-03,Marta Gomez,Servicio de consultoria,16,29615.95,efectivo
V-24596,2026-05-04,Kiosco El Sol,Toner HP,17,29752.96,transferencia
V-24597,2026-05-05,Ferreteria Nuñez,Servicio mensual,18,29889.97,tarjeta
V-24598,2026-05-06,Estudio Contable RyR,Cuaderno,19,30026.98,efectivo
V-24599,2026-05-07,Bar La Esquina,Mouse inalambrico,20,30163.99,transferencia
V-24600,2026-05-08,Distribuidora Sur,Servicio de consultoria,1,30300.00,tarjeta
V-24601,2026-05-09,Panaderia Ortiz,Toner HP,2,30437.01,efectivo
V-24602,2026-05-10,Optica Vision,Servicio mensual,3,30574.02,transferencia
V-24603,2026-05-11,Tech Solutions,Cuaderno,4,30711.03,tarjeta
V-24604,2026-05-12,Farmacia Central,Mouse inalambrico,5,30848.04,efectivo
V-24605,2026-05-13,Hotel Plaza,Servicio de consultoria,6,30985.05,transferencia
V-24606,2026-05-14,Comercial Andrade,Toner HP,7,31122.06,tarjeta
V-24607,2026-05-15,Garcia SA,Servicio mensual,8,31259.07,efectivo
V-24608,2026-05-16,Juan Perez,Cuaderno,9,31396.08,transferencia
V-24609,2026-05-17,Marta Gomez,Mouse inalambrico,10,31533.09,tarjeta
V-24610,2026-05-18,Kiosco El Sol,Servicio de consultoria,11,31670.10,efectivo
V-24611,2026-05-19,Ferreteria Nuñez,Toner HP,12,31807.11,transferencia
V-24612,2026-05-20,Estudio Contable RyR,Servicio mensual,13,31944.12,tarjeta
V-24613,2026-05-21,Bar La Esquina,Cuaderno,14,32081.13,efectivo
V-24614,2026-05-22,Distribuidora Sur,Mouse inalambrico,15,32218.14,transferencia
V-24615,2026-05-23,Panaderia Ortiz,Servicio de consultoria,16,32355.15,tarjeta
V-24616,2026-05-24,Optica Vision,Toner HP,17,32492.16,efectivo
V-24617,2026-05-25,Tech Solutions,Servicio mensual,18,32629.17,transferencia
V-24618,2026-05-26,Farmacia Central,Cuaderno,19,32766.18,tarjeta
V-24619,2026-05-27,Hotel Plaza,Mouse inalambrico,20,32903.19,efectivo
V-24620,2026-05-28,Comercial Andrade,Servicio de consultoria,1,33040.20,transferencia
V-24621,2026-05-01,Garcia SA,Toner HP,2,33177.21,tarjeta
V-24622,2026-05-02,Juan Perez,Servicio mensual,3,33314.22,efectivo
V-24623,2026-05-03,Marta Gomez,Cuaderno,4,33451.23,transferencia
V-24624,2026-05-04,Kiosco El Sol,Mouse inalambrico,5,33588.24,tarjeta
V-24625,2026-05-05,Ferreteria Nuñez,Servicio de consultoria,6,33725.25,efectivo
V-24626,2026-05-06,Estudio Contable RyR,Toner HP,7,33862.26,transferencia
V-24627,2026-05-07,Bar La Esquina,Servicio mensual,8,33999.27,tarjeta
V-24628,2026-05-08,Distribuidora Sur,Cuaderno,9,34136.28,efectivo
V-24629,2026-05-09,Panaderia Ortiz,Mouse inalambrico,10,34273.29,transferencia
V-24630,2026-05-10,Optica Vision,Servicio de consultoria,11,34410.30,tarjeta
V-24631,2026-05-11,Tech Solutions,Toner HP,12,34547.31,efectivo
V-24632,2026-05-12,Farmacia Central,Servicio mensual,13,34684.32,transferencia
V-24633,2026-05-13,Hotel Plaza,Cuaderno,14,34821.33,tarjeta
V-24634,2026-05-14,Comercial Andrade,Mouse inalambrico,15,34958.34,efectivo
V-24635,2026-05-15,Garcia SA,Servicio de consultoria,16,35095.35,transferencia
V-24636,2026-05-16,Juan Perez,Toner HP,17,35232.36,tarjeta
V-24637,2026-05-17,Marta Gomez,Servicio mensual,18,35369.37,efectivo
V-24638,2026-05-18,Kiosco El Sol,Cuaderno,19,35506.38,transferencia
V-24639,2026-05-19,Ferreteria Nuñez,Mouse inalambrico,20,35643.39,tarjeta
V-24640,2026-05-20,Estudio Contable RyR,Servicio de consultoria,1,35780.40,efectivo
V-24641,2026-05-21,Bar La Esquina,Toner HP,2,35917.41,transferencia
V-24642,2026-05-22,Distribuidora Sur,Servicio mensual,3,36054.42,tarjeta
V-24643,2026-05-23,Panaderia Ortiz,Cuaderno,4,36191.43,efectivo
V-24644,2026-05-24,Optica Vision,Mouse inalambrico,5,36328.44,transferencia
V-24645,2026-05-25,Tech Solutions,Servicio de consultoria,6,36465.45,tarjeta
V-24646,2026-05-26,Farmacia Central,Toner HP,7,36602.46,efectivo
V-24647,2026-05-27,Hotel Plaza,Servicio mensual,8,36739.47,transferencia
V-24648,2026-05-28,Comercial Andrade,Cuaderno,9,36876.48,tarjeta
V-24649,2026-05-01,Garcia SA,Mouse inalambrico,10,37013.49,efectivo
V-24650,2026-05-02,Juan Perez,Servicio de consultoria,11,37150.50,transferencia
V-24651,2026-05-03,Marta Gomez,Toner HP,12,37287.51,tarjeta
V-24652,2026-05-04,Kiosco El Sol,Servicio mensual,13,37424.52,efectivo
V-24653,2026-05-05,Ferreteria Nuñez,Cuaderno,14,37561.53,transferencia
V-24654,2026-05-06,Estudio Contable RyR,Mouse inalambrico,15,37698.54,tarjeta
V-24655,2026-05-07,Bar La Esquina,Servicio de consultoria,16,37835.55,efectivo
V-24656,2026-05-08,Distribuidora Sur,Toner HP,17,37972.56,transferencia
V-24657,2026-05-09,Panaderia Ortiz,Servicio mensual,18,38109.57,tarjeta
V-24658,2026-05-10,Optica Vision,Cuaderno,19,38246.58,efectivo
V-24659,2026-05-11,Tech Solutions,Mouse inalambrico,20,38383.59,transferencia
V-24660,2026-05-12,Farmacia Central,Servicio de consultoria,1,38520.60,tarjeta
V-24661,2026-05-13,Hotel Plaza,Toner HP,2,38657.61,efectivo
V-24662,2026-05-14,Comercial Andrade,Servicio mensual,3,38794.62,transferencia
V-24663,2026-05-15,Garcia SA,Cuaderno,4,38931.63,tarjeta
V-24664,2026-05-16,Juan Perez,Mouse inalambrico,5,39068.64,efectivo
V-24665,2026-05-17,Marta Gomez,Servicio de consultoria,6,39205.65,transferencia
V-24666,2026-05-18,Kiosco El Sol,Toner HP,7,39342.66,tarjeta
V-24667,2026-05-19,Ferreteria Nuñez,Servicio mensual,8,39479.67,efectivo
V-24668,2026-05-20,Estudio Contable RyR,Cuaderno,9,39616.68,transferencia
V-24669,2026-05-21,Bar La Esquina,Mouse inalambrico,10,39753.69,tarjeta
V-24670,2026-05-22,Distribuidora Sur,Servicio de consultoria,11,39890.70,efectivo
V-24671,2026-05-23,Panaderia Ortiz,Toner HP,12,40027.71,transferencia
V-24672,2026-05-24,Optica Vision,Servicio mensual,13,40164.72,tarjeta
V-24673,2026-05-25,Tech Solutions,Cuaderno,14,40301.73,efectivo
V-24674,2026-05-26,Farmacia Central,Mouse inalambrico,15,40438.74,transferencia
V-24675,2026-05-27,Hotel Plaza,Servicio de consultoria,16,40575.75,tarjeta
V-24676,2026-05-28,Comercial Andrade,Toner HP,17,40712.76,efectivo
V-24677,2026-05-01,Garcia SA,Servicio mensual,18,40849.77,transferencia
V-24678,2026-05-02,Juan Perez,Cuaderno,19,40986.78,tarjeta
V-24679,2026-05-03,Marta Gomez,Mouse inalambrico,20,41123.79,efectivo
V-24680,2026-05-04,Kiosco El Sol,Servicio de consultoria,1,41260.80,transferencia
V-24681,2026-05-05,Ferreteria Nuñez,Toner HP,2,41397.81,tarjeta
V-24682,2026-05-06,Estudio Contable RyR,Servicio mensual,3,41534.82,efectivo
V-24683,2026-05-07,Bar La Esquina,Cuaderno,4,41671.83,transferencia
V-24684,2026-05-08,Distribuidora Sur,Mouse inalambrico,5,41808.84,tarjeta
V-24685,2026-05-09,Panaderia Ortiz,Servicio de consultoria,6,41945.85,efectivo
V-24686,2026-05-10,Optica Vision,Toner HP,7,42082.86,transferencia
V-24687,2026-05-11,Tech Solutions,Servicio mensual,8,42219.87,tarjeta
V-24688,2026-05-12,Farmacia Central,Cuaderno,9,42356.88,efectivo
V-24689,2026-05-13,Hotel Plaza,Mouse inalambrico,10,42493.89,transferencia
V-24690,2026-05-14,Comercial Andrade,Servicio de consultoria,11,42630.90,tarjeta
V-24691,2026-05-15,Garcia SA,Toner HP,12,42767.91,efectivo
V-24692,2026-05-16,Juan Perez,Servicio mensual,13,42904.92,transferencia
V-24693,2026-05-17,Marta Gomez,Cuaderno,14,43041.93,tarjeta
V-24694,2026-05-18,Kiosco El Sol,Mouse inalambrico,15,43178.94,efectivo
V-24695,2026-05-19,Ferreteria Nuñez,Servicio de consultoria,16,43315.95,transferencia
V-24696,2026-05-20,Estudio Contable RyR,Toner HP,17,43452.96,tarjeta
V-24697,2026-05-21,Bar La Esquina,Servicio mensual,18,43589.97,efectivo
V-24698,2026-05-22,Distribuidora Sur,Cuaderno,19,43726.98,transferencia
V-24699,2026-05-23,Panaderia Ortiz,Mouse inalambrico,20,43863.99,tarjeta
V-24700,2026-05-24,Optica Vision,Servicio de consultoria,1,44000.00,efectivo
V-24701,2026-05-25,Tech Solutions,Toner HP,2,44137.01,transferencia
V-24702,2026-05-26,Farmacia Central,Servicio mensual,3,44274.02,tarjeta
V-24703,2026-05-27,Hotel Plaza,Cuaderno,4,44411.03,efectivo
V-24704,2026-05-28,Comercial Andrade,Mouse inalambrico,5,44548.04,transferencia
V-24705,2026-05-01,Garcia SA,Servicio de consultoria,6,44685.05,tarjeta
V-24706,2026-05-02,Juan Perez,Toner HP,7,44822.06,efectivo
V-24707,2026-05-03,Marta Gomez,Servicio mensual,8,44959.07,transferencia
V-24708,2026-05-04,Kiosco El Sol,Cuaderno,9,45096.08,tarjeta
V-24709,2026-05-05,Ferreteria Nuñez,Mouse inalambrico,10,45233.09,efectivo
V-24710,2026-05-06,Estudio Contable RyR,Servicio de consultoria,11,45370.10,transferencia
V-24711,2026-05-07,Bar La Esquina,Toner HP,12,45507.11,tarjeta
V-24712,2026-05-08,Distribuidora Sur,Servicio mensual,13,45644.12,efectivo
V-24713,2026-05-09,Panaderia Ortiz,Cuaderno,14,45781.13,transferencia
V-24714,2026-05-10,Optica Vision,Mouse inalambrico,15,45918.14,tarjeta
V-24715,2026-05-11,Tech Solutions,Servicio de consultoria,16,46055.15,efectivo
V-24716,2026-05-12,Farmacia Central,Toner HP,17,46192.16,transferencia
V-24717,2026-05-13,Hotel Plaza,Servicio mensual,18,46329.17,tarjeta
V-24718,2026-05-14,Comercial Andrade,Cuaderno,19,46466.18,efectivo
V-24719,2026-05-15,Garcia SA,Mouse inalambrico,20,46603.19,transferencia
V-24720,2026-05-16,Juan Perez,Servicio de consultoria,1,46740.20,tarjeta
V-24721,2026-05-17,Marta Gomez,Toner HP,2,46877.21,efectivo
V-24722,2026-05-18,Kiosco El Sol,Servicio mensual,3,47014.22,transferencia
V-24723,2026-05-19,Ferreteria Nuñez,Cuaderno,4,47151.23,tarjeta
V-24724,2026-05-20,Estudio Contable RyR,Mouse inalambrico,5,47288.24,efectivo
V-24725,2026-05-21,Bar La Esquina,Servicio de consultoria,6,47425.25,transferencia
V-24726,2026-05-22,Distribuidora Sur,Toner HP,7,47562.26,tarjeta
V-24727,2026-05-23,Panaderia Ortiz,Servicio mensual,8,47699.27,efectivo
V-24728,2026-05-24,Optica Vision,Cuaderno,9,47836.28,transferencia
V-24729,2026-05-25,Tech Solutions,Mouse inalambrico,10,47973.29,tarjeta
V-24730,2026-05-26,Farmacia Central,Servicio de consultoria,11,48110.30,efectivo
V-24731,2026-05-27,Hotel Plaza,Toner HP,12,48247.31,transferencia
V-24732,2026-05-28,Comercial Andrade,Servicio mensual,13,48384.32,tarjeta
V-24733,2026-05-01,Garcia SA,Cuaderno,14,48521.33,efectivo
V-24734,2026-05-02,Juan Perez,Mouse inalambrico,15,48658.34,transferencia
V-24735,2026-05-03,Marta Gomez,Servicio de consultoria,16,48795.35,tarjeta
V-24736,2026-05-04,Kiosco El Sol,Toner HP,17,48932.36,efectivo
V-24737,2026-05-05,Ferreteria Nuñez,Servicio mensual,18,49069.37,transferencia
V-24738,2026-05-06,Estudio Contable RyR,Cuaderno,19,49206.38,tarjeta
V-24739,2026-05-07,Bar La Esquina,Mouse inalambrico,20,49343.39,efectivo
V-24740,2026-05-08,Distribuidora Sur,Servicio de consultoria,1,49480.40,transferencia
V-24741,2026-05-09,Panaderia Ortiz,Toner HP,2,49617.41,tarjeta
V-24742,2026-05-10,Optica Vision,Servicio mensual,3,49754.42,efectivo
V-24743,2026-05-11,Tech Solutions,Cuaderno,4,49891.43,transferencia
V-24744,2026-05-12,Farmacia Central,Mouse inalambrico,5,50028.44,tarjeta
V-24745,2026-05-13,Hotel Plaza,Servicio de consultoria,6,165.45,efectivo
V-24746,2026-05-14,Comercial Andrade,Toner HP,7,302.46,transferencia
V-24747,2026-05-15,Garcia SA,Servicio mensual,8,439.47,tarjeta
V-24748,2026-05-16,Juan Perez,Cuaderno,9,576.48,efectivo
V-24749,2026-05-17,Marta Gomez,Mouse inalambrico,10,713.49,transferencia
V-24750,2026-05-18,Kiosco El Sol,Servicio de consultoria,11,850.50,tarjeta
V-24751,2026-05-19,Ferreteria Nuñez,Toner HP,12,987.51,efectivo
V-24752,2026-05-20,Estudio Contable RyR,Servicio mensual,13,1124.52,transferencia
V-24753,2026-05-21,Bar La Esquina,Cuaderno,14,1261.53,tarjeta
V-24754,2026-05-22,Distribuidora Sur,Mouse inalambrico,15,1398.54,efectivo
V-24755,2026-05-23,Panaderia Ortiz,Servicio de consultoria,16,1535.55,transferencia
V-24756,2026-05-24,Optica Vision,Toner HP,17,1672.56,tarjeta
V-24757,2026-05-25,Tech Solutions,Servicio mensual,18,1809.57,efectivo
V-24758,2026-05-26,Farmacia Central,Cuaderno,19,1946.58,transferencia
V-24759,2026-05-27,Hotel Plaza,Mouse inalambrico,20,2083.59,tarjeta
V-24760,2026-05-28,Comercial Andrade,Servicio de consultoria,1,2220.60,efectivo
V-24761,2026-05-01,Garcia SA,Toner HP,2,2357.61,transferencia
V-24762,2026-05-02,Juan Perez,Servicio mensual,3,2494.62,tarjeta
V-24763,2026-05-03,Marta Gomez,Cuaderno,4,2631.63,efectivo
V-24764,2026-05-04,Kiosco El Sol,Mouse inalambrico,5,2768.64,transferencia
V-24765,2026-05-05,Ferreteria Nuñez,Servicio de consultoria,6,2905.65,tarjeta
V-24766,2026-05-06,Estudio Contable RyR,Toner HP,7,3042.66,efectivo
V-24767,2026-05-07,Bar La Esquina,Servicio mensual,8,3179.67,transferencia
V-24768,2026-05-08,Distribuidora Sur,Cuaderno,9,3316.68,tarjeta
V-24769,2026-05-09,Panaderia Ortiz,Mouse inalambrico,10,3453.69,efectivo
V-24770,2026-05-10,Optica Vision,Servicio de consultoria,11,3590.70,transferencia
V-24771,2026-05-11,Tech Solutions,Toner HP,12,3727.71,tarjeta
V-24772,2026-05-12,Farmacia Central,Servicio mensual,13,3864.72,efectivo
V-24773,2026-05-13,Hotel Plaza,Cuaderno,14,4001.73,transferencia
V-24774,2026-05-14,Comercial Andrade,Mouse inalambrico,15,4138.74,tarjeta
V-24775,2026-05-15,Garcia SA,Servicio de consultoria,16,4275.75,efectivo
V-24776,2026-05-16,Juan Perez,Toner HP,17,4412.76,transferencia
V-24777,2026-05-17,Marta Gomez,Servicio mensual,18,4549.77,tarjeta
V-24778,2026-05-18,Kiosco El Sol,Cuaderno,19,4686.78,efectivo
V-24779,2026-05-19,Ferreteria Nuñez,Mouse inalambrico,20,4823.79,transferencia
V-24780,2026-05-20,Estudio Contable RyR,Servicio de consultoria,1,4960.80,tarjeta
V-24781,2026-05-21,Bar La Esquina,Toner HP,2,5097.81,efectivo
V-24782,2026-05-22,Distribuidora Sur,Servicio mensual,3,5234.82,transferencia
V-24783,2026-05-23,Panaderia Ortiz,Cuaderno,4,5371.83,tarjeta
V-24784,2026-05-24,Optica Vision,Mouse inalambrico,5,5508.84,efectivo
V-24785,2026-05-25,Tech Solutions,Servicio de consultoria,6,5645.85,transferencia
V-24786,2026-05-26,Farmacia Central,Toner HP,7,5782.86,tarjeta
V-24787,2026-05-27,Hotel Plaza,Servicio mensual,8,5919.87,efectivo
V-24788,2026-05-28,Comercial Andrade,Cuaderno,9,6056.88,transferencia
V-24789,2026-05-01,Garcia SA,Mouse inalambrico,10,6193.89,tarjeta
V-24790,2026-05-02,Juan Perez,Servicio de consultoria,11,6330.90,efectivo
V-24791,2026-05-03,Marta Gomez,Toner HP,12,6467.91,transferencia
V-24792,2026-05-04,Kiosco El Sol,Servicio mensual,13,6604.92,tarjeta
V-24793,2026-05-05,Ferreteria Nuñez,Cuaderno,14,6741.93,efectivo
V-24794,2026-05-06,Estudio Contable RyR,Mouse inalambrico,15,6878.94,transferencia
V-24795,2026-05-07,Bar La Esquina,Servicio de consultoria,16,7015.95,tarjeta
V-24796,2026-05-08,Distribuidora Sur,Toner HP,17,7152.96,efectivo
V-24797,2026-05-09,Panaderia Ortiz,Servicio mensual,18,7289.97,transferencia
V-24798,2026-05-10,Optica Vision,Cuaderno,19,7426.98,tarjeta
V-24799,2026-05-11,Tech Solutions,Mouse inalambrico,20,7563.99,efectivo
V-24800,2026-05-12,Farmacia Central,Servicio de consultoria,1,7700.00,transferencia
V-24801,2026-05-13,Hotel Plaza,Toner HP,2,7837.01,tarjeta
V-24802,2026-05-14,Comercial Andrade,Servicio mensual,3,7974.02,efectivo
V-24803,2026-05-15,Garcia SA,Cuaderno,4,8111.03,transferencia
V-24804,2026-05-16,Juan Perez,Mouse inalambrico,5,8248.04,tarjeta
V-24805,2026-05-17,Marta Gomez,Servicio de consultoria,6,8385.05,efectivo
V-24806,2026-05-18,Kiosco El Sol,Toner HP,7,8522.06,transferencia
V-24807,2026-05-19,Ferreteria Nuñez,Servicio mensual,8,8659.07,tarjeta
V-24808,2026-05-20,Estudio Contable RyR,Cuaderno,9,8796.08,efectivo
V-24809,2026-05-21,Bar La Esquina,Mouse inalambrico,10,8933.09,transferencia
V-24810,2026-05-22,Distribuidora Sur,Servicio de consultoria,11,9070.10,tarjeta
V-24811,2026-05-23,Panaderia Ortiz,Toner HP,12,9207.11,efectivo
V-24812,2026-05-24,Optica Vision,Servicio mensual,13,9344.12,transferencia
V-24813,2026-05-25,Tech Solutions,Cuaderno,14,9481.13,tarjeta
V-24814,2026-05-26,Farmacia Central,Mouse inalambrico,15,9618.14,efectivo
V-24815,2026-05-27,Hotel Plaza,Servicio de consultoria,16,9755.15,transferencia
V-24816,2026-05-28,Comercial Andrade,Toner HP,17,9892.16,tarjeta
V-24817,2026-05-01,Garcia SA,Servicio mensual,18,10029.17,efectivo
V-24818,2026-05-02,Juan Perez,Cuaderno,19,10166.18,transferencia
V-24819,2026-05-03,Marta Gomez,Mouse inalambrico,20,10303.19,tarjeta
V-24820,2026-05-04,Kiosco El Sol,Servicio de consultoria,1,10440.20,efectivo
V-24821,2026-05-05,Ferreteria Nuñez,Toner HP,2,10577.21,transferencia
V-24822,2026-05-06,Estudio Contable RyR,Servicio mensual,3,10714.22,tarjeta
V-24823,2026-05-07,Bar La Esquina,Cuaderno,4,10851.23,efectivo
V-24824,2026-05-08,Distribuidora Sur,Mouse inalambrico,5,10988.24,transferencia
V-24825,2026-05-09,Panaderia Ortiz,Servicio de consultoria,6,11125.25,tarjeta
V-24826,2026-05-10,Optica Vision,Toner HP,7,11262.26,efectivo
V-24827,2026-05-11,Tech Solutions,Servicio mensual,8,11399.27,transferencia
V-24828,2026-05-12,Farmacia Central,Cuaderno,9,11536.28,tarjeta
V-24829,2026-05-13,Hotel Plaza,Mouse inalambrico,10,11673.29,efectivo
V-24830,2026-05-14,Comercial Andrade,Servicio de consultoria,11,11810.30,transferencia
V-24831,2026-05-15,Garcia SA,Toner HP,12,11947.31,tarjeta
V-24832,2026-05-16,Juan Perez,Servicio mensual,13,12084.32,efectivo
V-24833,2026-05-17,Marta Gomez,Cuaderno,14,12221.33,transferencia
V-24834,2026-05-18,Kiosco El Sol,Mouse inalambrico,15,12358.34,tarjeta
V-24835,2026-05-19,Ferreteria Nuñez,Servicio de consultoria,16,12495.35,efectivo
V-24836,2026-05-20,Estudio Contable RyR,Toner HP,17,12632.36,transferencia
V-24837,2026-05-21,Bar La Esquina,Servicio mensual,18,12769.37,tarjeta
V-24838,2026-05-22,Distribuidora Sur,Cuaderno,19,12906.38,efectivo
V-24839,2026-05-23,Panaderia Ortiz,Mouse inalambrico,20,13043.39,transferencia
V-24840,2026-05-24,Optica Vision,Servicio de consultoria,1,13180.40,tarjeta
V-24841,2026-05-25,Tech Solutions,Toner HP,2,13317.41,efectivo
V-24842,2026-05-26,Farmacia Central,Servicio mensual,3,13454.42,transferencia
V-24843,2026-05-27,Hotel Plaza,Cuaderno,4,13591.43,tarjeta
V-24844,2026-05-28,Comercial Andrade,Mouse inalambrico,5,13728.44,efectivo
V-24845,2026-05-01,Garcia SA,Servicio de consultoria,6,13865.45,transferencia
V-24846,2026-05-02,Juan Perez,Toner HP,7,14002.46,tarjeta
V-24847,2026-05-03,Marta Gomez,Servicio mensual,8,14139.47,efectivo
V-24848,2026-05-04,Kiosco El Sol,Cuaderno,9,14276.48,transferencia
V-24849,2026-05-05,Ferreteria Nuñez,Mouse inalambrico,10,14413.49,tarjeta
V-24850,2026-05-06,Estudio Contable RyR,Servicio de consultoria,11,14550.50,efectivo
V-24851,2026-05-07,Bar La Esquina,Toner HP,12,14687.51,transferencia
V-24852,2026-05-08,Distribuidora Sur,Servicio mensual,13,14824.52,tarjeta
V-24853,2026-05-09,Panaderia Ortiz,Cuaderno,14,14961.53,efectivo
V-24854,2026-05-10,Optica Vision,Mouse inalambrico,15,15098.54,transferencia
V-24855,2026-05-11,Tech Solutions,Servicio de consultoria,16,15235.55,tarjeta
V-24856,2026-05-12,Farmacia Central,Toner HP,17,15372.56,efectivo
V-24857,2026-05-13,Hotel Plaza,Servicio mensual,18,15509.57,transferencia
V-24858,2026-05-14,Comercial Andrade,Cuaderno,19,15646.58,tarjeta
V-24859,2026-05-15,Garcia SA,Mouse inalambrico,20,15783.59,efectivo
V-24860,2026-05-16,Juan Perez,Servicio de consultoria,1,15920.60,transferencia
V-24861,2026-05-17,Marta Gomez,Toner HP,2,16057.61,tarjeta
V-24862,2026-05-18,Kiosco El Sol,Servicio mensual,3,16194.62,efectivo
V-24863,2026-05-19,Ferreteria Nuñez,Cuaderno,4,16331.63,transferencia
V-24864,2026-05-20,Estudio Contable RyR,Mouse inalambrico,5,16468.64,tarjeta
V-24865,2026-05-21,Bar La Esquina,Servicio de consultoria,6,16605.65,efectivo
V-24866,2026-05-22,Distribuidora Sur,Toner HP,7,16742.66,transferencia
V-24867,2026-05-23,Panaderia Ortiz,Servicio mensual,8,16879.67,tarjeta
V-24868,2026-05-24,Optica Vision,Cuaderno,9,17016.68,efectivo
V-24869,2026-05-25,Tech Solutions,Mouse inalambrico,10,17153.69,transferencia
V-24870,2026-05-26,Farmacia Central,Servicio de consultoria,11,17290.70,tarjeta
V-24871,2026-05-27,Hotel Plaza,Toner HP,12,17427.71,efectivo
V-24872,2026-05-28,Comercial Andrade,Servicio mensual,13,17564.72,transferencia
V-24873,2026-05-01,Garcia SA,Cuaderno,14,17701.73,tarjeta
V-24874,2026-05-02,Juan Perez,Mouse inalambrico,15,17838.74,efectivo
V-24875,2026-05-03,Marta Gomez,Servicio de consultoria,16,17975.75,transferencia
V-24876,2026-05-04,Kiosco El Sol,Toner HP,17,18112.76,tarjeta
V-24877,2026-05-05,Ferreteria Nuñez,Servicio mensual,18,18249.77,efectivo
V-24878,2026-05-06,Estudio Contable RyR,Cuaderno,19,18386.78,transferencia
V-24879,2026-05-07,Bar La Esquina,Mouse inalambrico,20,18523.79,tarjeta
V-24880,2026-05-08,Distribuidora Sur,Servicio de consultoria,1,18660.80,efectivo
V-24881,2026-05-09,Panaderia Ortiz,Toner HP,2,18797.81,transferencia
V-24882,2026-05-10,Optica Vision,Servicio mensual,3,18934.82,tarjeta
V-24883,2026-05-11,Tech Solutions,Cuaderno,4,19071.83,efectivo
V-24884,2026-05-12,Farmacia Central,Mouse inalambrico,5,19208.84,transferencia
V-24885,2026-05-13,Hotel Plaza,Servicio de consultoria,6,19345.85,tarjeta
V-24886,2026-05-14,Comercial Andrade,Toner HP,7,19482.86,efectivo
V-24887,2026-05-15,Garcia SA,Servicio mensual,8,19619.87,transferencia
V-24888,2026-05-16,Juan Perez,Cuaderno,9,19756.88,tarjeta
V-24889,2026-05-17,Marta Gomez,Mouse inalambrico,10,19893.89,efectivo
V-24890,2026-05-18,Kiosco El Sol,Servicio de consultoria,11,20030.90,transferencia
V-24891,2026-05-19,Ferreteria Nuñez,Toner HP,12,20167.91,tarjeta
V-24892,2026-05-20,Estudio Contable RyR,Servicio mensual,13,20304.92,efectivo
V-24893,2026-05-21,Bar La Esquina,Cuaderno,14,20441.93,transferencia
V-24894,2026-05-22,Distribuidora Sur,Mouse inalambrico,15,20578.94,tarjeta
V-24895,2026-05-23,Panaderia Ortiz,Servicio de consultoria,16,20715.95,efectivo
V-24896,2026-05-24,Optica Vision,Toner HP,17,20852.96,transferencia
V-24897,2026-05-25,Tech Solutions,Servicio mensual,18,20989.97,tarjeta
V-24898,2026-05-26,Farmacia Central,Cuaderno,19,21126.98,efectivo
V-24899,2026-05-27,Hotel Plaza,Mouse inalambrico,20,21263.99,transferencia
V-24900,2026-05-28,Comercial Andrade,Servicio de consultoria,1,21400.00,tarjeta
V-24901,2026-05-01,Garcia SA,Toner HP,2,21537.01,efectivo
V-24902,2026-05-02,Juan Perez,Servicio mensual,3,21674.02,transferencia
V-24903,2026-05-03,Marta Gomez,Cuaderno,4,21811.03,tarjeta
V-24904,2026-05-04,Kiosco El Sol,Mouse inalambrico,5,21948.04,efectivo
V-24905,2026-05-05,Ferreteria Nuñez,Servicio de consultoria,6,22085.05,transferencia
V-24906,2026-05-06,Estudio Contable RyR,Toner HP,7,22222.06,tarjeta
V-24907,2026-05-07,Bar La Esquina,Servicio mensual,8,22359.07,efectivo
V-24908,2026-05-08,Distribuidora Sur,Cuaderno,9,22496.08,transferencia
V-24909,2026-05-09,Panaderia Ortiz,Mouse inalambrico,10,22633.09,tarjeta
V-24910,2026-05-10,Optica Vision,Servicio de consultoria,11,22770.10,efectivo
V-24911,2026-05-11,Tech Solutions,Toner HP,12,22907.11,transferencia
V-24912,2026-05-12,Farmacia Central,Servicio mensual,13,23044.12,tarjeta
V-24913,2026-05-13,Hotel Plaza,Cuaderno,14,23181.13,efectivo
V-24914,2026-05-14,Comercial Andrade,Mouse inalambrico,15,23318.14,transferencia
V-24915,2026-05-15,Garcia SA,Servicio de consultoria,16,23455.15,tarjeta
V-24916,2026-05-16,Juan Perez,Toner HP,17,23592.16,efectivo
V-24917,2026-05-17,Marta Gomez,Servicio mensual,18,23729.17,transferencia
V-24918,2026-05-18,Kiosco El Sol,Cuaderno,19,23866.18,tarjeta
V-24919,2026-05-19,Ferreteria Nuñez,Mouse inalambrico,20,24003.19,efectivo
V-24920,2026-05-20,Estudio Contable RyR,Servicio de consultoria,1,24140.20,transferencia
V-24921,2026-05-21,Bar La Esquina,Toner HP,2,24277.21,tarjeta
V-24922,2026-05-22,Distribuidora Sur,Servicio mensual,3,24414.22,efectivo
V-24923,2026-05-23,Panaderia Ortiz,Cuaderno,4,24551.23,transferencia
V-24924,2026-05-24,Optica Vision,Mouse inalambrico,5,24688.24,tarjeta
V-24925,2026-05-25,Tech Solutions,Servicio de consultoria,6,24825.25,efectivo
V-24926,2026-05-26,Farmacia Central,Toner HP,7,24962.26,transferencia
V-24927,2026-05-27,Hotel Plaza,Servicio mensual,8,25099.27,tarjeta
V-24928,2026-05-28,Comercial Andrade,Cuaderno,9,25236.28,efectivo
V-24929,2026-05-01,Garcia SA,Mouse inalambrico,10,25373.29,transferencia
V-24930,2026-05-02,Juan Perez,Servicio de consultoria,11,25510.30,tarjeta
V-24931,2026-05-03,Marta Gomez,Toner HP,12,25647.31,efectivo
V-24932,2026-05-04,Kiosco El Sol,Servicio mensual,13,25784.32,transferencia
V-24933,2026-05-05,Ferreteria Nuñez,Cuaderno,14,25921.33,tarjeta
V-24934,2026-05-06,Estudio Contable RyR,Mouse inalambrico,15,26058.34,efectivo
V-24935,2026-05-07,Bar La Esquina,Servicio de consultoria,16,26195.35,transferencia
V-24936,2026-05-08,Distribuidora Sur,Toner HP,17,26332.36,tarjeta
V-24937,2026-05-09,Panaderia Ortiz,Servicio mensual,18,26469.37,efectivo
V-24938,2026-05-10,Optica Vision,Cuaderno,19,26606.38,transferencia
V-24939,2026-05-11,Tech Solutions,Mouse inalambrico,20,26743.39,tarjeta
V-24940,2026-05-12,Farmacia Central,Servicio de consultoria,1,26880.40,efectivo
V-24941,2026-05-13,Hotel Plaza,Toner HP,2,27017.41,transferencia
V-24942,2026-05-14,Comercial Andrade,Servicio mensual,3,27154.42,tarjeta
V-24943,2026-05-15,Garcia SA,Cuaderno,4,27291.43,efectivo
V-24944,2026-05-16,Juan Perez,Mouse inalambrico,5,27428.44,transferencia
V-24945,2026-05-17,Marta Gomez,Servicio de consultoria,6,27565.45,tarjeta
V-24946,2026-05-18,Kiosco El Sol,Toner HP,7,27702.46,efectivo
V-24947,2026-05-19,Ferreteria Nuñez,Servicio mensual,8,27839.47,transferencia
V-24948,2026-05-20,Estudio Contable RyR,Cuaderno,9,27976.48,tarjeta
V-24949,2026-05-21,Bar La Esquina,Mouse inalambrico,10,28113.49,efectivo
V-24950,2026-05-22,Distribuidora Sur,Servicio de consultoria,11,28250.50,transferencia
V-24951,2026-05-23,Panaderia Ortiz,Toner HP,12,28387.51,tarjeta
V-24952,2026-05-24,Optica Vision,Servicio mensual,13,28524.52,efectivo
V-24953,2026-05-25,Tech Solutions,Cuaderno,14,28661.53,transferencia
V-24954,2026-05-26,Farmacia Central,Mouse inalambrico,15,28798.54,tarjeta
V-24955,2026-05-27,Hotel Plaza,Servicio de consultoria,16,28935.55,efectivo
V-24956,2026-05-28,Comercial Andrade,Toner HP,17,29072.56,transferencia
V-24957,2026-05-01,Garcia SA,Servicio mensual,18,29209.57,tarjeta
V-24958,2026-05-02,Juan Perez,Cuaderno,19,29346.58,efectivo
V-24959,2026-05-03,Marta Gomez,Mouse inalambrico,20,29483.59,transferencia
V-24960,2026-05-04,Kiosco El Sol,Servicio de consultoria,1,29620.60,tarjeta
V-24961,2026-05-05,Ferreteria Nuñez,Toner HP,2,29757.61,efectivo
V-24962,2026-05-06,Estudio Contable RyR,Servicio mensual,3,29894.62,transferencia
V-24963,2026-05-07,Bar La Esquina,Cuaderno,4,30031.63,tarjeta
V-24964,2026-05-08,Distribuidora Sur,Mouse inalambrico,5,30168.64,efectivo
V-24965,2026-05-09,Panaderia Ortiz,Servicio de consultoria,6,30305.65,transferencia
V-24966,2026-05-10,Optica Vision,Toner HP,7,30442.66,tarjeta
V-24967,2026-05-11,Tech Solutions,Servicio mensual,8,30579.67,efectivo
V-24968,2026-05-12,Farmacia Central,Cuaderno,9,30716.68,transferencia
V-24969,2026-05-13,Hotel Plaza,Mouse inalambrico,10,30853.69,tarjeta
V-24970,2026-05-14,Comercial Andrade,Servicio de consultoria,11,30990.70,efectivo
V-24971,2026-05-15,Garcia SA,Toner HP,12,31127.71,transferencia
V-24972,2026-05-16,Juan Perez,Servicio mensual,13,31264.72,tarjeta
V-24973,2026-05-17,Marta Gomez,Cuaderno,14,31401.73,efectivo
V-24974,2026-05-18,Kiosco El Sol,Mouse inalambrico,15,31538.74,transferencia
V-24975,2026-05-19,Ferreteria Nuñez,Servicio de consultoria,16,31675.75,tarjeta
V-24976,2026-05-20,Estudio Contable RyR,Toner HP,17,31812.76,efectivo
V-24977,2026-05-21,Bar La Esquina,Servicio mensual,18,31949.77,transferencia
V-24978,2026-05-22,Distribuidora Sur,Cuaderno,19,32086.78,tarjeta
V-24979,2026-05-23,Panaderia Ortiz,Mouse inalambrico,20,32223.79,efectivo
V-24980,2026-05-24,Optica Vision,Servicio de consultoria,1,32360.80,transferencia
V-24981,2026-05-25,Tech Solutions,Toner HP,2,32497.81,tarjeta
V-24982,2026-05-26,Farmacia Central,Servicio mensual,3,32634.82,efectivo
V-24983,2026-05-27,Hotel Plaza,Cuaderno,4,32771.83,transferencia
V-24984,2026-05-28,Comercial Andrade,Mouse inalambrico,5,32908.84,tarjeta
V-24985,2026-05-01,Garcia SA,Servicio de consultoria,6,33045.85,efectivo
V-24986,2026-05-02,Juan Perez,Toner HP,7,33182.86,transferencia
V-24987,2026-05-03,Marta Gomez,Servicio mensual,8,33319.87,tarjeta
V-24988,2026-05-04,Kiosco El Sol,Cuaderno,9,33456.88,efectivo
V-24989,2026-05-05,Ferreteria Nuñez,Mouse inalambrico,10,33593.89,transferencia
V-24990,2026-05-06,Estudio Contable RyR,Servicio de consultoria,11,33730.90,tarjeta
V-24991,2026-05-07,Bar La Esquina,Toner HP,12,33867.91,efectivo
V-24992,2026-05-08,Distribuidora Sur,Servicio mensual,13,34004.92,transferencia
V-24993,2026-05-09,Panaderia Ortiz,Cuaderno,14,34141.93,tarjeta
V-24994,2026-05-10,Optica Vision,Mouse inalambrico,15,34278.94,efectivo
V-24995,2026-05-11,Tech Solutions,Servicio de consultoria,16,34415.95,transferencia
V-24996,2026-05-12,Farmacia Central,Toner HP,17,34552.96,tarjeta
V-24997,2026-05-13,Hotel Plaza,Servicio mensual,18,34689.97,efectivo
V-24998,2026-05-14,Comercial Andrade,Cuaderno,19,34826.98,transferencia
V-24999,2026-05-15,Garcia SA,Mouse inalambrico,20,34963.99,tarjeta
V-25000,2026-05-16,Juan Perez,Servicio de consultoria,1,35100.00,efectivo
V-25001,2026-05-17,Marta Gomez,Toner HP,2,35237.01,transferencia
V-25002,2026-05-18,Kiosco El Sol,Servicio mensual,3,35374.02,tarjeta
V-25003,2026-05-19,Ferreteria Nuñez,Cuaderno,4,35511.03,efectivo
V-25004,2026-05-20,Estudio Contable RyR,Mouse inalambrico,5,35648.04,transferencia
V-25005,2026-05-21,Bar La Esquina,Servicio de consultoria,6,35785.05,tarjeta
V-25006,2026-05-22,Distribuidora Sur,Toner HP,7,35922.06,efectivo
V-25007,2026-05-23,Panaderia Ortiz,Servicio mensual,8,36059.07,transferencia
V-25008,2026-05-24,Optica Vision,Cuaderno,9,36196.08,tarjeta
V-25009,2026-05-25,Tech Solutions,Mouse inalambrico,10,36333.09,efectivo
V-25010,2026-05-26,Farmacia Central,Servicio de consultoria,11,36470.10,transferencia
V-25011,2026-05-27,Hotel Plaza,Toner HP,12,36607.11,tarjeta
V-25012,2026-05-28,Comercial Andrade,Servicio mensual,13,36744.12,efectivo
V-25013,2026-05-01,Garcia SA,Cuaderno,14,36881.13,transferencia
V-25014,2026-05-02,Juan Perez,Mouse inalambrico,15,37018.14,tarjeta
V-25015,2026-05-03,Marta Gomez,Servicio de consultoria,16,37155.15,efectivo
V-25016,2026-05-04,Kiosco El Sol,Toner HP,17,37292.16,transferencia
V-25017,2026-05-05,Ferreteria Nuñez,Servicio mensual,18,37429.17,tarjeta
V-25018,2026-05-06,Estudio Contable RyR,Cuaderno,19,37566.18,efectivo
V-25019,2026-05-07,Bar La Esquina,Mouse inalambrico,20,37703.19,transferencia
V-25020,2026-05-08,Distribuidora Sur,Servicio de consultoria,1,37840.20,tarjeta
V-25021,2026-05-09,Panaderia Ortiz,Toner HP,2,37977.21,efectivo
V-25022,2026-05-10,Optica Vision,Servicio mensual,3,38114.22,transferencia
V-25023,2026-05-11,Tech Solutions,Cuaderno,4,38251.23,tarjeta
V-25024,2026-05-12,Farmacia Central,Mouse inalambrico,5,38388.24,efectivo
V-25025,2026-05-13,Hotel Plaza,Servicio de consultoria,6,38525.25,transferencia
V-25026,2026-05-14,Comercial Andrade,Toner HP,7,38662.26,tarjeta
V-25027,2026-05-15,Garcia SA,Servicio mensual,8,38799.27,efectivo
V-25028,2026-05-16,Juan Perez,Cuaderno,9,38936.28,transferencia
V-25029,2026-05-17,Marta Gomez,Mouse inalambrico,10,39073.29,tarjeta
V-25030,2026-05-18,Kiosco El Sol,Servicio de consultoria,11,39210.30,efectivo
V-25031,2026-05-19,Ferreteria Nuñez,Toner HP,12,39347.31,transferencia
V-25032,2026-05-20,Estudio Contable RyR,Servicio mensual,13,39484.32,tarjeta
V-25033,2026-05-21,Bar La Esquina,Cuaderno,14,39621.33,efectivo
V-25034,2026-05-22,Distribuidora Sur,Mouse inalambrico,15,39758.34,transferencia
V-25035,2026-05-23,Panaderia Ortiz,Servicio de consultoria,16,39895.35,tarjeta
V-25036,2026-05-24,Optica Vision,Toner HP,17,40032.36,efectivo
V-25037,2026-05-25,Tech Solutions,Servicio mensual,18,40169.37,transferencia
V-25038,2026-05-26,Farmacia Central,Cuaderno,19,40306.38,tarjeta
V-25039,2026-05-27,Hotel Plaza,Mouse inalambrico,20,40443.39,efectivo
V-25040,2026-05-28,Comercial Andrade,Servicio de consultoria,1,40580.40,transferencia
V-25041,2026-05-01,Garcia SA,Toner HP,2,40717.41,tarjeta
V-25042,2026-05-02,Juan Perez,Servicio mensual,3,40854.42,efectivo
V-25043,2026-05-03,Marta Gomez,Cuaderno,4,40991.43,transferencia
V-25044,2026-05-04,Kiosco El Sol,Mouse inalambrico,5,41128.44,tarjeta
V-25045,2026-05-05,Ferreteria Nuñez,Servicio de consultoria,6,41265.45,efectivo
V-25046,2026-05-06,Estudio Contable RyR,Toner HP,7,41402.46,transferencia
V-25047,2026-05-07,Bar La Esquina,Servicio mensual,8,41539.47,tarjeta
V-25048,2026-05-08,Distribuidora Sur,Cuaderno,9,41676.48,efectivo
V-25049,2026-05-09,Panaderia Ortiz,Mouse inalambrico,10,41813.49,transferencia
V-25050,2026-05-10,Optica Vision,Servicio de consultoria,11,41950.50,tarjeta
V-25051,2026-05-11,Tech Solutions,Toner HP,12,42087.51,efectivo
V-25052,2026-05-12,Farmacia Central,Servicio mensual,13,42224.52,transferencia
V-25053,2026-05-13,Hotel Plaza,Cuaderno,14,42361.53,tarjeta
V-25054,2026-05-14,Comercial Andrade,Mouse inalambrico,15,42498.54,efectivo
V-25055,2026-05-15,Garcia SA,Servicio de consultoria,16,42635.55,transferencia
V-25056,2026-05-16,Juan Perez,Toner HP,17,42772.56,tarjeta
V-25057,2026-05-17,Marta Gomez,Servicio mensual,18,42909.57,efectivo
V-25058,2026-05-18,Kiosco El Sol,Cuaderno,19,43046.58,transferencia
V-25059,2026-05-19,Ferreteria Nuñez,Mouse inalambrico,20,43183.59,tarjeta
V-25060,2026-05-20,Estudio Contable RyR,Servicio de consultoria,1,43320.60,efectivo
V-25061,2026-05-21,Bar La Esquina,Toner HP,2,43457.61,transferencia
V-25062,2026-05-22,Distribuidora Sur,Servicio mensual,3,43594.62,tarjeta
V-25063,2026-05-23,Panaderia Ortiz,Cuaderno,4,43731.63,efectivo
V-25064,2026-05-24,Optica Vision,Mouse inalambrico,5,43868.64,transferencia
V-25065,2026-05-25,Tech Solutions,Servicio de consultoria,6,44005.65,tarjeta
V-25066,2026-05-26,Farmacia Central,Toner HP,7,44142.66,efectivo
V-25067,2026-05-27,Hotel Plaza,Servicio mensual,8,44279.67,transferencia
V-25068,2026-05-28,Comercial Andrade,Cuaderno,9,44416.68,tarjeta
V-25069,2026-05-01,Garcia SA,Mouse inalambrico,10,44553.69,efectivo
V-25070,2026-05-02,Juan Perez,Servicio de consultoria,11,44690.70,transferencia
V-25071,2026-05-03,Marta Gomez,Toner HP,12,44827.71,tarjeta
V-25072,2026-05-04,Kiosco El Sol,Servicio mensual,13,44964.72,efectivo
V-25073,2026-05-05,Ferreteria Nuñez,Cuaderno,14,45101.73,transferencia
V-25074,2026-05-06,Estudio Contable RyR,Mouse inalambrico,15,45238.74,tarjeta
V-25075,2026-05-07,Bar La Esquina,Servicio de consultoria,16,45375.75,efectivo
V-25076,2026-05-08,Distribuidora Sur,Toner HP,17,45512.76,transferencia
V-25077,2026-05-09,Panaderia Ortiz,Servicio mensual,18,45649.77,tarjeta
V-25078,2026-05-10,Optica Vision,Cuaderno,19,45786.78,efectivo
V-25079,2026-05-11,Tech Solutions,Mouse inalambrico,20,45923.79,transferencia
V-25080,2026-05-12,Farmacia Central,Servicio de consultoria,1,46060.80,tarjeta
V-25081,2026-05-13,Hotel Plaza,Toner HP,2,46197.81,efectivo
V-25082,2026-05-14,Comercial Andrade,Servicio mensual,3,46334.82,transferencia
V-25083,2026-05-15,Garcia SA,Cuaderno,4,46471.83,tarjeta
V-25084,2026-05-16,Juan Perez,Mouse inalambrico,5,46608.84,efectivo
V-25085,2026-05-17,Marta Gomez,Servicio de consultoria,6,46745.85,transferencia
V-25086,2026-05-18,Kiosco El Sol,Toner HP,7,46882.86,tarjeta
V-25087,2026-05-19,Ferreteria Nuñez,Servicio mensual,8,47019.87,efectivo
V-25088,2026-05-20,Estudio Contable RyR,Cuaderno,9,47156.88,transferencia
V-25089,2026-05-21,Bar La Esquina,Mouse inalambrico,10,47293.89,tarjeta
V-25090,2026-05-22,Distribuidora Sur,Servicio de consultoria,11,47430.90,efectivo
V-25091,2026-05-23,Panaderia Ortiz,Toner HP,12,47567.91,transferencia
V-25092,2026-05-24,Optica Vision,Servicio mensual,13,47704.92,tarjeta
V-25093,2026-05-25,Tech Solutions,Cuaderno,14,47841.93,efectivo
V-25094,2026-05-26,Farmacia Central,Mouse inalambrico,15,47978.94,transferencia
V-25095,2026-05-27,Hotel Plaza,Servicio de consultoria,16,48115.95,tarjeta
V-25096,2026-05-28,Comercial Andrade,Toner HP,17,48252.96,efectivo
V-25097,2026-05-01,Garcia SA,Servicio mensual,18,48389.97,transferencia
V-25098,2026-05-02,Juan Perez,Cuaderno,19,48526.98,tarjeta
V-25099,2026-05-03,Marta Gomez,Mouse inalambrico,20,48663.99,efectivo
V-25100,2026-05-04,Kiosco El Sol,Servicio de consultoria,1,48800.00,transferencia
V-25101,2026-05-05,Ferreteria Nuñez,Toner HP,2,48937.01,tarjeta
V-25102,2026-05-06,Estudio Contable RyR,Servicio mensual,3,49074.02,efectivo
V-25103,2026-05-07,Bar La Esquina,Cuaderno,4,49211.03,transferencia
V-25104,2026-05-08,Distribuidora Sur,Mouse inalambrico,5,49348.04,tarjeta
V-25105,2026-05-09,Panaderia Ortiz,Servicio de consultoria,6,49485.05,efectivo
V-25106,2026-05-10,Optica Vision,Toner HP,7,49622.06,transferencia
V-25107,2026-05-11,Tech Solutions,Servicio mensual,8,49759.07,tarjeta
V-25108,2026-05-12,Farmacia Central,Cuaderno,9,49896.08,efectivo
V-25109,2026-05-13,Hotel Plaza,Mouse inalambrico,10,50033.09,transferencia
V-25110,2026-05-14,Comercial Andrade,Servicio de consultoria,11,170.10,tarjeta
V-25111,2026-05-15,Garcia SA,Toner HP,12,307.11,efectivo
V-25112,2026-05-16,Juan Perez,Servicio mensual,13,444.12,transferencia
V-25113,2026-05-17,Marta Gomez,Cuaderno,14,581.13,tarjeta
V-25114,2026-05-18,Kiosco El Sol,Mouse inalambrico,15,718.14,efectivo
V-25115,2026-05-19,Ferreteria Nuñez,Servicio de consultoria,16,855.15,transferencia
V-25116,2026-05-20,Estudio Contable RyR,Toner HP,17,992.16,tarjeta
V-25117,2026-05-21,Bar La Esquina,Servicio mensual,18,1129.17,efectivo
V-25118,2026-05-22,Distribuidora Sur,Cuaderno,19,1266.18,transferencia
V-25119,2026-05-23,Panaderia Ortiz,Mouse inalambrico,20,1403.19,tarjeta
V-25120,2026-05-24,Optica Vision,Servicio de consultoria,1,1540.20,efectivo
V-25121,2026-05-25,Tech Solutions,Toner HP,2,1677.21,transferencia
V-25122,2026-05-26,Farmacia Central,Servicio mensual,3,1814.22,tarjeta
V-25123,2026-05-27,Hotel Plaza,Cuaderno,4,1951.23,efectivo
V-25124,2026-05-28,Comercial Andrade,Mouse inalambrico,5,2088.24,transferencia
V-25125,2026-05-01,Garcia SA,Servicio de consultoria,6,2225.25,tarjeta
V-25126,2026-05-02,Juan Perez,Toner HP,7,2362.26,efectivo
V-25127,2026-05-03,Marta Gomez,Servicio mensual,8,2499.27,transferencia
V-25128,2026-05-04,Kiosco El Sol,Cuaderno,9,2636.28,tarjeta
V-25129,2026-05-05,Ferreteria Nuñez,Mouse inalambrico,10,2773.29,efectivo
V-25130,2026-05-06,Estudio Contable RyR,Servicio de consultoria,11,2910.30,transferencia
V-25131,2026-05-07,Bar La Esquina,Toner HP,12,3047.31,tarjeta
V-25132,2026-05-08,Distribuidora Sur,Servicio mensual,13,3184.32,efectivo
V-25133,2026-05-09,Panaderia Ortiz,Cuaderno,14,3321.33,transferencia
V-25134,2026-05-10,Optica Vision,Mouse inalambrico,15,3458.34,tarjeta
V-25135,2026-05-11,Tech Solutions,Servicio de consultoria,16,3595.35,efectivo
V-25136,2026-05-12,Farmacia Central,Toner HP,17,3732.36,transferencia
V-25137,2026-05-13,Hotel Plaza,Servicio mensual,18,3869.37,tarjeta
V-25138,2026-05-14,Comercial Andrade,Cuaderno,19,4006.38,efectivo
V-25139,2026-05-15,Garcia SA,Mouse inalambrico,20,4143.39,transferencia
V-25140,2026-05-16,Juan Perez,Servicio de consultoria,1,4280.40,tarjeta
V-25141,2026-05-17,Marta Gomez,Toner HP,2,4417.41,efectivo
V-25142,2026-05-18,Kiosco El Sol,Servicio mensual,3,4554.42,transferencia
V-25143,2026-05-19,Ferreteria Nuñez,Cuaderno,4,4691.43,tarjeta
V-25144,2026-05-20,Estudio Contable RyR,Mouse inalambrico,5,4828.44,efectivo
V-25145,2026-05-21,Bar La Esquina,Servicio de consultoria,6,4965.45,transferencia
V-25146,2026-05-22,Distribuidora Sur,Toner HP,7,5102.46,tarjeta
V-25147,2026-05-23,Panaderia Ortiz,Servicio mensual,8,5239.47,efectivo
V-25148,2026-05-24,Optica Vision,Cuaderno,9,5376.48,transferencia
V-25149,2026-05-25,Tech Solutions,Mouse inalambrico,10,5513.49,tarjeta
V-25150,2026-05-26,Farmacia Central,Servicio de consultoria,11,5650.50,efectivo
V-25151,2026-05-27,Hotel Plaza,Toner HP,12,5787.51,transferencia
V-25152,2026-05-28,Comercial Andrade,Servicio mensual,13,5924.52,tarjeta
V-25153,2026-05-01,Garcia SA,Cuaderno,14,6061.53,efectivo
V-25154,2026-05-02,Juan Perez,Mouse inalambrico,15,6198.54,transferencia
V-25155,2026-05-03,Marta Gomez,Servicio de consultoria,16,6335.55,tarjeta
V-25156,2026-05-04,Kiosco El Sol,Toner HP,17,6472.56,efectivo
V-25157,2026-05-05,Ferreteria Nuñez,Servicio mensual,18,6609.57,transferencia
V-25158,2026-05-06,Estudio Contable RyR,Cuaderno,19,6746.58,tarjeta
V-25159,2026-05-07,Bar La Esquina,Mouse inalambrico,20,6883.59,efectivo
V-25160,2026-05-08,Distribuidora Sur,Servicio de consultoria,1,7020.60,transferencia
V-25161,2026-05-09,Panaderia Ortiz,Toner HP,2,7157.61,tarjeta
V-25162,2026-05-10,Optica Vision,Servicio mensual,3,7294.62,efectivo
V-25163,2026-05-11,Tech Solutions,Cuaderno,4,7431.63,transferencia
V-25164,2026-05-12,Farmacia Central,Mouse inalambrico,5,7568.64,tarjeta
V-25165,2026-05-13,Hotel Plaza,Servicio de consultoria,6,7705.65,efectivo
V-25166,2026-05-14,Comercial Andrade,Toner HP,7,7842.66,transferencia
V-25167,2026-05-15,Garcia SA,Servicio mensual,8,7979.67,tarjeta
V-25168,2026-05-16,Juan Perez,Cuaderno,9,8116.68,efectivo
V-25169,2026-05-17,Marta Gomez,Mouse inalambrico,10,8253.69,transferencia
V-25170,2026-05-18,Kiosco El Sol,Servicio de consultoria,11,8390.70,tarjeta
V-25171,2026-05-19,Ferreteria Nuñez,Toner HP,12,8527.71,efectivo
V-25172,2026-05-20,Estudio Contable RyR,Servicio mensual,13,8664.72,transferencia
V-25173,2026-05-21,Bar La Esquina,Cuaderno,14,8801.73,tarjeta
V-25174,2026-05-22,Distribuidora Sur,Mouse inalambrico,15,8938.74,efectivo
V-25175,2026-05-23,Panaderia Ortiz,Servicio de consultoria,16,9075.75,transferencia
V-25176,2026-05-24,Optica Vision,Toner HP,17,9212.76,tarjeta
V-25177,2026-05-25,Tech Solutions,Servicio mensual,18,9349.77,efectivo
V-25178,2026-05-26,Farmacia Central,Cuaderno,19,9486.78,transferencia
V-25179,2026-05-27,Hotel Plaza,Mouse inalambrico,20,9623.79,tarjeta
V-25180,2026-05-28,Comercial Andrade,Servicio de consultoria,1,9760.80,efectivo
V-25181,2026-05-01,Garcia SA,Toner HP,2,9897.81,transferencia
V-25182,2026-05-02,Juan Perez,Servicio mensual,3,10034.82,tarjeta
V-25183,2026-05-03,Marta Gomez,Cuaderno,4,10171.83,efectivo
V-25184,2026-05-04,Kiosco El Sol,Mouse inalambrico,5,10308.84,transferencia
V-25185,2026-05-05,Ferreteria Nuñez,Servicio de consultoria,6,10445.85,tarjeta
V-25186,2026-05-06,Estudio Contable RyR,Toner HP,7,10582.86,efectivo
V-25187,2026-05-07,Bar La Esquina,Servicio mensual,8,10719.87,transferencia
V-25188,2026-05-08,Distribuidora Sur,Cuaderno,9,10856.88,tarjeta
V-25189,2026-05-09,Panaderia Ortiz,Mouse inalambrico,10,10993.89,efectivo
V-25190,2026-05-10,Optica Vision,Servicio de consultoria,11,11130.90,transferencia
V-25191,2026-05-11,Tech Solutions,Toner HP,12,11267.91,tarjeta
V-25192,2026-05-12,Farmacia Central,Servicio mensual,13,11404.92,efectivo
V-25193,2026-05-13,Hotel Plaza,Cuaderno,14,11541.93,transferencia
V-25194,2026-05-14,Comercial Andrade,Mouse inalambrico,15,11678.94,tarjeta
V-25195,2026-05-15,Garcia SA,Servicio de consultoria,16,11815.95,efectivo
V-25196,2026-05-16,Juan Perez,Toner HP,17,11952.96,transferencia
V-25197,2026-05-17,Marta Gomez,Servicio mensual,18,12089.97,tarjeta
V-25198,2026-05-18,Kiosco El Sol,Cuaderno,19,12226.98,efectivo
V-25199,2026-05-19,Ferreteria Nuñez,Mouse inalambrico,20,12363.99,transferencia
V-25200,2026-05-20,Estudio Contable RyR,Servicio de consultoria,1,12500.00,tarjeta
V-25201,2026-05-21,Bar La Esquina,Toner HP,2,12637.01,efectivo
V-25202,2026-05-22,Distribuidora Sur,Servicio mensual,3,12774.02,transferencia
V-25203,2026-05-23,Panaderia Ortiz,Cuaderno,4,12911.03,tarjeta
V-25204,2026-05-24,Optica Vision,Mouse inalambrico,5,13048.04,efectivo
V-25205,2026-05-25,Tech Solutions,Servicio de consultoria,6,13185.05,transferencia
V-25206,2026-05-26,Farmacia Central,Toner HP,7,13322.06,tarjeta
V-25207,2026-05-27,Hotel Plaza,Servicio mensual,8,13459.07,efectivo
V-25208,2026-05-28,Comercial Andrade,Cuaderno,9,13596.08,transferencia
V-25209,2026-05-01,Garcia SA,Mouse inalambrico,10,13733.09,tarjeta
V-25210,2026-05-02,Juan Perez,Servicio de consultoria,11,13870.10,efectivo
V-25211,2026-05-03,Marta Gomez,Toner HP,12,14007.11,transferencia
V-25212,2026-05-04,Kiosco El Sol,Servicio mensual,13,14144.12,tarjeta
V-25213,2026-05-05,Ferreteria Nuñez,Cuaderno,14,14281.13,efectivo
V-25214,2026-05-06,Estudio Contable RyR,Mouse inalambrico,15,14418.14,transferencia
V-25215,2026-05-07,Bar La Esquina,Servicio de consultoria,16,14555.15,tarjeta
V-25216,2026-05-08,Distribuidora Sur,Toner HP,17,14692.16,efectivo
V-25217,2026-05-09,Panaderia Ortiz,Servicio mensual,18,14829.17,transferencia
V-25218,2026-05-10,Optica Vision,Cuaderno,19,14966.18,tarjeta
V-25219,2026-05-11,Tech Solutions,Mouse inalambrico,20,15103.19,efectivo
V-25220,2026-05-12,Farmacia Central,Servicio de consultoria,1,15240.20,transferencia
V-25221,2026-05-13,Hotel Plaza,Toner HP,2,15377.21,tarjeta
V-25222,2026-05-14,Comercial Andrade,Servicio mensual,3,15514.22,efectivo
V-25223,2026-05-15,Garcia SA,Cuaderno,4,15651.23,transferencia
V-25224,2026-05-16,Juan Perez,Mouse inalambrico,5,15788.24,tarjeta
V-25225,2026-05-17,Marta Gomez,Servicio de consultoria,6,15925.25,efectivo
V-25226,2026-05-18,Kiosco El Sol,Toner HP,7,16062.26,transferencia
V-25227,2026-05-19,Ferreteria Nuñez,Servicio mensual,8,16199.27,tarjeta
V-25228,2026-05-20,Estudio Contable RyR,Cuaderno,9,16336.28,efectivo
V-25229,2026-05-21,Bar La Esquina,Mouse inalambrico,10,16473.29,transferencia
V-25230,2026-05-22,Distribuidora Sur,Servicio de consultoria,11,16610.30,tarjeta
V-25231,2026-05-23,Panaderia Ortiz,Toner HP,12,16747.31,efectivo
V-25232,2026-05-24,Optica Vision,Servicio mensual,13,16884.32,transferencia
V-25233,2026-05-25,Tech Solutions,Cuaderno,14,17021.33,tarjeta
V-25234,2026-05-26,Farmacia Central,Mouse inalambrico,15,17158.34,efectivo
V-25235,2026-05-27,Hotel Plaza,Servicio de consultoria,16,17295.35,transferencia
V-25236,2026-05-28,Comercial Andrade,Toner HP,17,17432.36,tarjeta
V-25237,2026-05-01,Garcia SA,Servicio mensual,18,17569.37,efectivo
V-25238,2026-05-02,Juan Perez,Cuaderno,19,17706.38,transferencia
V-25239,2026-05-03,Marta Gomez,Mouse inalambrico,20,17843.39,tarjeta
V-25240,2026-05-04,Kiosco El Sol,Servicio de consultoria,1,17980.40,efectivo
V-25241,2026-05-05,Ferreteria Nuñez,Toner HP,2,18117.41,transferencia
V-25242,2026-05-06,Estudio Contable RyR,Servicio mensual,3,18254.42,tarjeta
V-25243,2026-05-07,Bar La Esquina,Cuaderno,4,18391.43,efectivo
V-25244,2026-05-08,Distribuidora Sur,Mouse inalambrico,5,18528.44,transferencia
V-25245,2026-05-09,Panaderia Ortiz,Servicio de consultoria,6,18665.45,tarjeta
V-25246,2026-05-10,Optica Vision,Toner HP,7,18802.46,efectivo
V-25247,2026-05-11,Tech Solutions,Servicio mensual,8,18939.47,transferencia
V-25248,2026-05-12,Farmacia Central,Cuaderno,9,19076.48,tarjeta
V-25249,2026-05-13,Hotel Plaza,Mouse inalambrico,10,19213.49,efectivo
V-25250,2026-05-14,Comercial Andrade,Servicio de consultoria,11,19350.50,transferencia
V-25251,2026-05-15,Garcia SA,Toner HP,12,19487.51,tarjeta
V-25252,2026-05-16,Juan Perez,Servicio mensual,13,19624.52,efectivo
V-25253,2026-05-17,Marta Gomez,Cuaderno,14,19761.53,transferencia
V-25254,2026-05-18,Kiosco El Sol,Mouse inalambrico,15,19898.54,tarjeta
V-25255,2026-05-19,Ferreteria Nuñez,Servicio de consultoria,16,20035.55,efectivo
V-25256,2026-05-20,Estudio Contable RyR,Toner HP,17,20172.56,transferencia
V-25257,2026-05-21,Bar La Esquina,Servicio mensual,18,20309.57,tarjeta
V-25258,2026-05-22,Distribuidora Sur,Cuaderno,19,20446.58,efectivo
V-25259,2026-05-23,Panaderia Ortiz,Mouse inalambrico,20,20583.59,transferencia
V-25260,2026-05-24,Optica Vision,Servicio de consultoria,1,20720.60,tarjeta
V-25261,2026-05-25,Tech Solutions,Toner HP,2,20857.61,efectivo
V-25262,2026-05-26,Farmacia Central,Servicio mensual,3,20994.62,transferencia
V-25263,2026-05-27,Hotel Plaza,Cuaderno,4,21131.63,tarjeta
V-25264,2026-05-28,Comercial Andrade,Mouse inalambrico,5,21268.64,efectivo
V-25265,2026-05-01,Garcia SA,Servicio de consultoria,6,21405.65,transferencia
V-25266,2026-05-02,Juan Perez,Toner HP,7,21542.66,tarjeta
V-25267,2026-05-03,Marta Gomez,Servicio mensual,8,21679.67,efectivo
V-25268,2026-05-04,Kiosco El Sol,Cuaderno,9,21816.68,transferencia
V-25269,2026-05-05,Ferreteria Nuñez,Mouse inalambrico,10,21953.69,tarjeta
V-25270,2026-05-06,Estudio Contable RyR,Servicio de consultoria,11,22090.70,efectivo
V-25271,2026-05-07,Bar La Esquina,Toner HP,12,22227.71,transferencia
V-25272,2026-05-08,Distribuidora Sur,Servicio mensual,13,22364.72,tarjeta
V-25273,2026-05-09,Panaderia Ortiz,Cuaderno,14,22501.73,efectivo
V-25274,2026-05-10,Optica Vision,Mouse inalambrico,15,22638.74,transferencia
V-25275,2026-05-11,Tech Solutions,Servicio de consultoria,16,22775.75,tarjeta
V-25276,2026-05-12,Farmacia Central,Toner HP,17,22912.76,efectivo
V-25277,2026-05-13,Hotel Plaza,Servicio mensual,18,23049.77,transferencia
V-25278,2026-05-14,Comercial Andrade,Cuaderno,19,23186.78,tarjeta
V-25279,2026-05-15,Garcia SA,Mouse inalambrico,20,23323.79,efectivo
V-25280,2026-05-16,Juan Perez,Servicio de consultoria,1,23460.80,transferencia
V-25281,2026-05-17,Marta Gomez,Toner HP,2,23597.81,tarjeta
V-25282,2026-05-18,Kiosco El Sol,Servicio mensual,3,23734.82,efectivo
V-25283,2026-05-19,Ferreteria Nuñez,Cuaderno,4,23871.83,transferencia
V-25284,2026-05-20,Estudio Contable RyR,Mouse inalambrico,5,24008.84,tarjeta
V-25285,2026-05-21,Bar La Esquina,Servicio de consultoria,6,24145.85,efectivo
V-25286,2026-05-22,Distribuidora Sur,Toner HP,7,24282.86,transferencia
V-25287,2026-05-23,Panaderia Ortiz,Servicio mensual,8,24419.87,tarjeta
V-25288,2026-05-24,Optica Vision,Cuaderno,9,24556.88,efectivo
V-25289,2026-05-25,Tech Solutions,Mouse inalambrico,10,24693.89,transferencia
V-25290,2026-05-26,Farmacia Central,Servicio de consultoria,11,24830.90,tarjeta
V-25291,2026-05-27,Hotel Plaza,Toner HP,12,24967.91,efectivo
V-25292,2026-05-28,Comercial Andrade,Servicio mensual,13,25104.92,transferencia
V-25293,2026-05-01,Garcia SA,Cuaderno,14,25241.93,tarjeta
V-25294,2026-05-02,Juan Perez,Mouse inalambrico,15,25378.94,efectivo
V-25295,2026-05-03,Marta Gomez,Servicio de consultoria,16,25515.95,transferencia
V-25296,2026-05-04,Kiosco El Sol,Toner HP,17,25652.96,tarjeta
V-25297,2026-05-05,Ferreteria Nuñez,Servicio mensual,18,25789.97,efectivo
V-25298,2026-05-06,Estudio Contable RyR,Cuaderno,19,25926.98,transferencia
V-25299,2026-05-07,Bar La Esquina,Mouse inalambrico,20,26063.99,tarjeta
V-25300,2026-05-08,Distribuidora Sur,Servicio de consultoria,1,26200.00,efectivo
V-25301,2026-05-09,Panaderia Ortiz,Toner HP,2,26337.01,transferencia
V-25302,2026-05-10,Optica Vision,Servicio mensual,3,26474.02,tarjeta
V-25303,2026-05-11,Tech Solutions,Cuaderno,4,26611.03,efectivo
V-25304,2026-05-12,Farmacia Central,Mouse inalambrico,5,26748.04,transferencia
V-25305,2026-05-13,Hotel Plaza,Servicio de consultoria,6,26885.05,tarjeta
V-25306,2026-05-14,Comercial Andrade,Toner HP,7,27022.06,efectivo
V-25307,2026-05-15,Garcia SA,Servicio mensual,8,27159.07,transferencia
V-25308,2026-05-16,Juan Perez,Cuaderno,9,27296.08,tarjeta
V-25309,2026-05-17,Marta Gomez,Mouse inalambrico,10,27433.09,efectivo
V-25310,2026-05-18,Kiosco El Sol,Servicio de consultoria,11,27570.10,transferencia
V-25311,2026-05-19,Ferreteria Nuñez,Toner HP,12,27707.11,tarjeta
V-25312,2026-05-20,Estudio Contable RyR,Servicio mensual,13,27844.12,efectivo
V-25313,2026-05-21,Bar La Esquina,Cuaderno,14,27981.13,transferencia
V-25314,2026-05-22,Distribuidora Sur,Mouse inalambrico,15,28118.14,tarjeta
V-25315,2026-05-23,Panaderia Ortiz,Servicio de consultoria,16,28255.15,efectivo
V-25316,2026-05-24,Optica Vision,Toner HP,17,28392.16,transferencia
V-25317,2026-05-25,Tech Solutions,Servicio mensual,18,28529.17,tarjeta
V-25318,2026-05-26,Farmacia Central,Cuaderno,19,28666.18,efectivo
V-25319,2026-05-27,Hotel Plaza,Mouse inalambrico,20,28803.19,transferencia
V-25320,2026-05-28,Comercial Andrade,Servicio de consultoria,1,28940.20,tarjeta
V-25321,2026-05-01,Garcia SA,Toner HP,2,29077.21,efectivo
V-25322,2026-05-02,Juan Perez,Servicio mensual,3,29214.22,transferencia
V-25323,2026-05-03,Marta Gomez,Cuaderno,4,29351.23,tarjeta
V-25324,2026-05-04,Kiosco El Sol,Mouse inalambrico,5,29488.24,efectivo
V-25325,2026-05-05,Ferreteria Nuñez,Servicio de consultoria,6,29625.25,transferencia
V-25326,2026-05-06,Estudio Contable RyR,Toner HP,7,29762.26,tarjeta
V-25327,2026-05-07,Bar La Esquina,Servicio mensual,8,29899.27,efectivo
V-25328,2026-05-08,Distribuidora Sur,Cuaderno,9,30036.28,transferencia
V-25329,2026-05-09,Panaderia Ortiz,Mouse inalambrico,10,30173.29,tarjeta
V-25330,2026-05-10,Optica Vision,Servicio de consultoria,11,30310.30,efectivo
V-25331,2026-05-11,Tech Solutions,Toner HP,12,30447.31,transferencia
V-25332,2026-05-12,Farmacia Central,Servicio mensual,13,30584.32,tarjeta
V-25333,2026-05-13,Hotel Plaza,Cuaderno,14,30721.33,efectivo
V-25334,2026-05-14,Comercial Andrade,Mouse inalambrico,15,30858.34,transferencia
V-25335,2026-05-15,Garcia SA,Servicio de consultoria,16,30995.35,tarjeta
V-25336,2026-05-16,Juan Perez,Toner HP,17,31132.36,efectivo
V-25337,2026-05-17,Marta Gomez,Servicio mensual,18,31269.37,transferencia
V-25338,2026-05-18,Kiosco El Sol,Cuaderno,19,31406.38,tarjeta
V-25339,2026-05-19,Ferreteria Nuñez,Mouse inalambrico,20,31543.39,efectivo
V-25340,2026-05-20,Estudio Contable RyR,Servicio de consultoria,1,31680.40,transferencia
V-25341,2026-05-21,Bar La Esquina,Toner HP,2,31817.41,tarjeta
V-25342,2026-05-22,Distribuidora Sur,Servicio mensual,3,31954.42,efectivo
V-25343,2026-05-23,Panaderia Ortiz,Cuaderno,4,32091.43,transferencia
V-25344,2026-05-24,Optica Vision,Mouse inalambrico,5,32228.44,tarjeta
V-25345,2026-05-25,Tech Solutions,Servicio de consultoria,6,32365.45,efectivo
V-25346,2026-05-26,Farmacia Central,Toner HP,7,32502.46,transferencia
V-25347,2026-05-27,Hotel Plaza,Servicio mensual,8,32639.47,tarjeta
V-25348,2026-05-28,Comercial Andrade,Cuaderno,9,32776.48,efectivo
V-25349,2026-05-01,Garcia SA,Mouse inalambrico,10,32913.49,transferencia
V-25350,2026-05-02,Juan Perez,Servicio de consultoria,11,33050.50,tarjeta
V-25351,2026-05-03,Marta Gomez,Toner HP,12,33187.51,efectivo
V-25352,2026-05-04,Kiosco El Sol,Servicio mensual,13,33324.52,transferencia
V-25353,2026-05-05,Ferreteria Nuñez,Cuaderno,14,33461.53,tarjeta
V-25354,2026-05-06,Estudio Contable RyR,Mouse inalambrico,15,33598.54,efectivo
V-25355,2026-05-07,Bar La Esquina,Servicio de consultoria,16,33735.55,transferencia
V-25356,2026-05-08,Distribuidora Sur,Toner HP,17,33872.56,tarjeta
V-25357,2026-05-09,Panaderia Ortiz,Servicio mensual,18,34009.57,efectivo
V-25358,2026-05-10,Optica Vision,Cuaderno,19,34146.58,transferencia
V-25359,2026-05-11,Tech Solutions,Mouse inalambrico,20,34283.59,tarjeta
V-25360,2026-05-12,Farmacia Central,Servicio de consultoria,1,34420.60,efectivo
V-25361,2026-05-13,Hotel Plaza,Toner HP,2,34557.61,transferencia
V-25362,2026-05-14,Comercial Andrade,Servicio mensual,3,34694.62,tarjeta
V-25363,2026-05-15,Garcia SA,Cuaderno,4,34831.63,efectivo
V-25364,2026-05-16,Juan Perez,Mouse inalambrico,5,34968.64,transferencia
V-25365,2026-05-17,Marta Gomez,Servicio de consultoria,6,35105.65,tarjeta
V-25366,2026-05-18,Kiosco El Sol,Toner HP,7,35242.66,efectivo
V-25367,2026-05-19,Ferreteria Nuñez,Servicio mensual,8,35379.67,transferencia
V-25368,2026-05-20,Estudio Contable RyR,Cuaderno,9,35516.68,tarjeta
V-25369,2026-05-21,Bar La Esquina,Mouse inalambrico,10,35653.69,efectivo
V-25370,2026-05-22,Distribuidora Sur,Servicio de consultoria,11,35790.70,transferencia
V-25371,2026-05-23,Panaderia Ortiz,Toner HP,12,35927.71,tarjeta
V-25372,2026-05-24,Optica Vision,Servicio mensual,13,36064.72,efectivo
V-25373,2026-05-25,Tech Solutions,Cuaderno,14,36201.73,transferencia
V-25374,2026-05-26,Farmacia Central,Mouse inalambrico,15,36338.74,tarjeta
V-25375,2026-05-27,Hotel Plaza,Servicio de consultoria,16,36475.75,efectivo
V-25376,2026-05-28,Comercial Andrade,Toner HP,17,36612.76,transferencia
V-25377,2026-05-01,Garcia SA,Servicio mensual,18,36749.77,tarjeta
V-25378,2026-05-02,Juan Perez,Cuaderno,19,36886.78,efectivo
V-25379,2026-05-03,Marta Gomez,Mouse inalambrico,20,37023.79,transferencia
V-25380,2026-05-04,Kiosco El Sol,Servicio de consultoria,1,37160.80,tarjeta
V-25381,2026-05-05,Ferreteria Nuñez,Toner HP,2,37297.81,efectivo
V-25382,2026-05-06,Estudio Contable RyR,Servicio mensual,3,37434.82,transferencia
V-25383,2026-05-07,Bar La Esquina,Cuaderno,4,37571.83,tarjeta
V-25384,2026-05-08,Distribuidora Sur,Mouse inalambrico,5,37708.84,efectivo
V-25385,2026-05-09,Panaderia Ortiz,Servicio de consultoria,6,37845.85,transferencia
V-25386,2026-05-10,Optica Vision,Toner HP,7,37982.86,tarjeta
V-25387,2026-05-11,Tech Solutions,Servicio mensual,8,38119.87,efectivo
V-25388,2026-05-12,Farmacia Central,Cuaderno,9,38256.88,transferencia
V-25389,2026-05-13,Hotel Plaza,Mouse inalambrico,10,38393.89,tarjeta
V-25390,2026-05-14,Comercial Andrade,Servicio de consultoria,11,38530.90,efectivo
V-25391,2026-05-15,Garcia SA,Toner HP,12,38667.91,transferencia
V-25392,2026-05-16,Juan Perez,Servicio mensual,13,38804.92,tarjeta
V-25393,2026-05-17,Marta Gomez,Cuaderno,14,38941.93,efectivo
V-25394,2026-05-18,Kiosco El Sol,Mouse inalambrico,15,39078.94,transferencia
V-25395,2026-05-19,Ferreteria Nuñez,Servicio de consultoria,16,39215.95,tarjeta
V-25396,2026-05-20,Estudio Contable RyR,Toner HP,17,39352.96,efectivo
V-25397,2026-05-21,Bar La Esquina,Servicio mensual,18,39489.97,transferencia
V-25398,2026-05-22,Distribuidora Sur,Cuaderno,19,39626.98,tarjeta
V-25399,2026-05-23,Panaderia Ortiz,Mouse inalambrico,20,39763.99,efectivo
V-25400,2026-05-24,Optica Vision,Servicio de consultoria,1,39900.00,transferencia
V-25401,2026-05-25,Tech Solutions,Toner HP,2,40037.01,tarjeta
V-25402,2026-05-26,Farmacia Central,Servicio mensual,3,40174.02,efectivo
V-25403,2026-05-27,Hotel Plaza,Cuaderno,4,40311.03,transferencia
V-25404,2026-05-28,Comercial Andrade,Mouse inalambrico,5,40448.04,tarjeta
V-25405,2026-05-01,Garcia SA,Servicio de consultoria,6,40585.05,efectivo
V-25406,2026-05-02,Juan Perez,Toner HP,7,40722.06,transferencia
V-25407,2026-05-03,Marta Gomez,Servicio mensual,8,40859.07,tarjeta
V-25408,2026-05-04,Kiosco El Sol,Cuaderno,9,40996.08,efectivo
V-25409,2026-05-05,Ferreteria Nuñez,Mouse inalambrico,10,41133.09,transferencia
V-25410,2026-05-06,Estudio Contable RyR,Servicio de consultoria,11,41270.10,tarjeta
V-25411,2026-05-07,Bar La Esquina,Toner HP,12,41407.11,efectivo
V-25412,2026-05-08,Distribuidora Sur,Servicio mensual,13,41544.12,transferencia
V-25413,2026-05-09,Panaderia Ortiz,Cuaderno,14,41681.13,tarjeta
V-25414,2026-05-10,Optica Vision,Mouse inalambrico,15,41818.14,efectivo
V-25415,2026-05-11,Tech Solutions,Servicio de consultoria,16,41955.15,transferencia
V-25416,2026-05-12,Farmacia Central,Toner HP,17,42092.16,tarjeta
V-25417,2026-05-13,Hotel Plaza,Servicio mensual,18,42229.17,efectivo
V-25418,2026-05-14,Comercial Andrade,Cuaderno,19,42366.18,transferencia
V-25419,2026-05-15,Garcia SA,Mouse inalambrico,20,42503.19,tarjeta
V-25420,2026-05-16,Juan Perez,Servicio de consultoria,1,42640.20,efectivo
V-25421,2026-05-17,Marta Gomez,Toner HP,2,42777.21,transferencia
V-25422,2026-05-18,Kiosco El Sol,Servicio mensual,3,42914.22,tarjeta
V-25423,2026-05-19,Ferreteria Nuñez,Cuaderno,4,43051.23,efectivo
V-25424,2026-05-20,Estudio Contable RyR,Mouse inalambrico,5,43188.24,transferencia
V-25425,2026-05-21,Bar La Esquina,Servicio de consultoria,6,43325.25,tarjeta
V-25426,2026-05-22,Distribuidora Sur,Toner HP,7,43462.26,efectivo
V-25427,2026-05-23,Panaderia Ortiz,Servicio mensual,8,43599.27,transferencia
V-25428,2026-05-24,Optica Vision,Cuaderno,9,43736.28,tarjeta
V-25429,2026-05-25,Tech Solutions,Mouse inalambrico,10,43873.29,efectivo
V-25430,2026-05-26,Farmacia Central,Servicio de consultoria,11,44010.30,transferencia
V-25431,2026-05-27,Hotel Plaza,Toner HP,12,44147.31,tarjeta
V-25432,2026-05-28,Comercial Andrade,Servicio mensual,13,44284.32,efectivo
V-25433,2026-05-01,Garcia SA,Cuaderno,14,44421.33,transferencia
V-25434,2026-05-02,Juan Perez,Mouse inalambrico,15,44558.34,tarjeta
V-25435,2026-05-03,Marta Gomez,Servicio de consultoria,16,44695.35,efectivo
V-25436,2026-05-04,Kiosco El Sol,Toner HP,17,44832.36,transferencia
V-25437,2026-05-05,Ferreteria Nuñez,Servicio mensual,18,44969.37,tarjeta
V-25438,2026-05-06,Estudio Contable RyR,Cuaderno,19,45106.38,efectivo
V-25439,2026-05-07,Bar La Esquina,Mouse inalambrico,20,45243.39,transferencia
V-25440,2026-05-08,Distribuidora Sur,Servicio de consultoria,1,45380.40,tarjeta
V-25441,2026-05-09,Panaderia Ortiz,Toner HP,2,45517.41,efectivo
V-25442,2026-05-10,Optica Vision,Servicio mensual,3,45654.42,transferencia
V-25443,2026-05-11,Tech Solutions,Cuaderno,4,45791.43,tarjeta
V-25444,2026-05-12,Farmacia Central,Mouse inalambrico,5,45928.44,efectivo
V-25445,2026-05-13,Hotel Plaza,Servicio de consultoria,6,46065.45,transferencia
V-25446,2026-05-14,Comercial Andrade,Toner HP,7,46202.46,tarjeta
V-25447,2026-05-15,Garcia SA,Servicio mensual,8,46339.47,efectivo
V-25448,2026-05-16,Juan Perez,Cuaderno,9,46476.48,transferencia
V-25449,2026-05-17,Marta Gomez,Mouse inalambrico,10,46613.49,tarjeta
V-25450,2026-05-18,Kiosco El Sol,Servicio de consultoria,11,46750.50,efectivo
V-25451,2026-05-19,Ferreteria Nuñez,Toner HP,12,46887.51,transferencia
V-25452,2026-05-20,Estudio Contable RyR,Servicio mensual,13,47024.52,tarjeta
V-25453,2026-05-21,Bar La Esquina,Cuaderno,14,47161.53,efectivo
V-25454,2026-05-22,Distribuidora Sur,Mouse inalambrico,15,47298.54,transferencia
V-25455,2026-05-23,Panaderia Ortiz,Servicio de consultoria,16,47435.55,tarjeta
V-25456,2026-05-24,Optica Vision,Toner HP,17,47572.56,efectivo
V-25457,2026-05-25,Tech Solutions,Servicio mensual,18,47709.57,transferencia
V-25458,2026-05-26,Farmacia Central,Cuaderno,19,47846.58,tarjeta
V-25459,2026-05-27,Hotel Plaza,Mouse inalambrico,20,47983.59,efectivo
V-25460,2026-05-28,Comercial Andrade,Servicio de consultoria,1,48120.60,transferencia
V-25461,2026-05-01,Garcia SA,Toner HP,2,48257.61,tarjeta
V-25462,2026-05-02,Juan Perez,Servicio mensual,3,48394.62,efectivo
V-25463,2026-05-03,Marta Gomez,Cuaderno,4,48531.63,transferencia
V-25464,2026-05-04,Kiosco El Sol,Mouse inalambrico,5,48668.64,tarjeta
V-25465,2026-05-05,Ferreteria Nuñez,Servicio de consultoria,6,48805.65,efectivo
V-25466,2026-05-06,Estudio Contable RyR,Toner HP,7,48942.66,transferencia
V-25467,2026-05-07,Bar La Esquina,Servicio mensual,8,49079.67,tarjeta
V-25468,2026-05-08,Distribuidora Sur,Cuaderno,9,49216.68,efectivo
V-25469,2026-05-09,Panaderia Ortiz,Mouse inalambrico,10,49353.69,transferencia
V-25470,2026-05-10,Optica Vision,Servicio de consultoria,11,49490.70,tarjeta
V-25471,2026-05-11,Tech Solutions,Toner HP,12,49627.71,efectivo
V-25472,2026-05-12,Farmacia Central,Servicio mensual,13,49764.72,transferencia
V-25473,2026-05-13,Hotel Plaza,Cuaderno,14,49901.73,tarjeta
V-25474,2026-05-14,Comercial Andrade,Mouse inalambrico,15,50038.74,efectivo
V-25475,2026-05-15,Garcia SA,Servicio de consultoria,16,175.75,transferencia
V-25476,2026-05-16,Juan Perez,Toner HP,17,312.76,tarjeta
V-25477,2026-05-17,Marta Gomez,Servicio mensual,18,449.77,efectivo
V-25478,2026-05-18,Kiosco El Sol,Cuaderno,19,586.78,transferencia
V-25479,2026-05-19,Ferreteria Nuñez,Mouse inalambrico,20,723.79,tarjeta
V-25480,2026-05-20,Estudio Contable RyR,Servicio de consultoria,1,860.80,efectivo
V-25481,2026-05-21,Bar La Esquina,Toner HP,2,997.81,transferencia
V-25482,2026-05-22,Distribuidora Sur,Servicio mensual,3,1134.82,tarjeta
V-25483,2026-05-23,Panaderia Ortiz,Cuaderno,4,1271.83,efectivo
V-25484,2026-05-24,Optica Vision,Mouse inalambrico,5,1408.84,transferencia
V-25485,2026-05-25,Tech Solutions,Servicio de consultoria,6,1545.85,tarjeta
V-25486,2026-05-26,Farmacia Central,Toner HP,7,1682.86,efectivo
V-25487,2026-05-27,Hotel Plaza,Servicio mensual,8,1819.87,transferencia
V-25488,2026-05-28,Comercial Andrade,Cuaderno,9,1956.88,tarjeta
V-25489,2026-05-01,Garcia SA,Mouse inalambrico,10,2093.89,efectivo
V-25490,2026-05-02,Juan Perez,Servicio de consultoria,11,2230.90,transferencia
V-25491,2026-05-03,Marta Gomez,Toner HP,12,2367.91,tarjeta
V-25492,2026-05-04,Kiosco El Sol,Servicio mensual,13,2504.92,efectivo
V-25493,2026-05-05,Ferreteria Nuñez,Cuaderno,14,2641.93,transferencia
V-25494,2026-05-06,Estudio Contable RyR,Mouse inalambrico,15,2778.94,tarjeta
V-25495,2026-05-07,Bar La Esquina,Servicio de consultoria,16,2915.95,efectivo
V-25496,2026-05-08,Distribuidora Sur,Toner HP,17,3052.96,transferencia
V-25497,2026-05-09,Panaderia Ortiz,Servicio mensual,18,3189.97,tarjeta
V-25498,2026-05-10,Optica Vision,Cuaderno,19,3326.98,efectivo
V-25499,2026-05-11,Tech Solutions,Mouse inalambrico,20,3463.99,transferencia
V-25500,2026-05-12,Farmacia Central,Servicio de consultoria,1,3600.00,tarjeta
V-25501,2026-05-13,Hotel Plaza,Toner HP,2,3737.01,efectivo
V-25502,2026-05-14,Comercial Andrade,Servicio mensual,3,3874.02,transferencia
V-25503,2026-05-15,Garcia SA,Cuaderno,4,4011.03,tarjeta
V-25504,2026-05-16,Juan Perez,Mouse inalambrico,5,4148.04,efectivo
V-25505,2026-05-17,Marta Gomez,Servicio de consultoria,6,4285.05,transferencia
V-25506,2026-05-18,Kiosco El Sol,Toner HP,7,4422.06,tarjeta
V-25507,2026-05-19,Ferreteria Nuñez,Servicio mensual,8,4559.07,efectivo
V-25508,2026-05-20,Estudio Contable RyR,Cuaderno,9,4696.08,transferencia
V-25509,2026-05-21,Bar La Esquina,Mouse inalambrico,10,4833.09,tarjeta
V-25510,2026-05-22,Distribuidora Sur,Servicio de consultoria,11,4970.10,efectivo
V-25511,2026-05-23,Panaderia Ortiz,Toner HP,12,5107.11,transferencia
V-25512,2026-05-24,Optica Vision,Servicio mensual,13,5244.12,tarjeta
V-25513,2026-05-25,Tech Solutions,Cuaderno,14,5381.13,efectivo
V-25514,2026-05-26,Farmacia Central,Mouse inalambrico,15,5518.14,transferencia
V-25515,2026-05-27,Hotel Plaza,Servicio de consultoria,16,5655.15,tarjeta
V-25516,2026-05-28,Comercial Andrade,Toner HP,17,5792.16,efectivo
V-25517,2026-05-01,Garcia SA,Servicio mensual,18,5929.17,transferencia
V-25518,2026-05-02,Juan Perez,Cuaderno,19,6066.18,tarjeta
V-25519,2026-05-03,Marta Gomez,Mouse inalambrico,20,6203.19,efectivo
V-25520,2026-05-04,Kiosco El Sol,Servicio de consultoria,1,6340.20,transferencia
V-25521,2026-05-05,Ferreteria Nuñez,Toner HP,2,6477.21,tarjeta
V-25522,2026-05-06,Estudio Contable RyR,Servicio mensual,3,6614.22,efectivo
V-25523,2026-05-07,Bar La Esquina,Cuaderno,4,6751.23,transferencia
V-25524,2026-05-08,Distribuidora Sur,Mouse inalambrico,5,6888.24,tarjeta
V-25525,2026-05-09,Panaderia Ortiz,Servicio de consultoria,6,7025.25,efectivo
V-25526,2026-05-10,Optica Vision,Toner HP,7,7162.26,transferencia
V-25527,2026-05-11,Tech Solutions,Servicio mensual,8,7299.27,tarjeta
V-25528,2026-05-12,Farmacia Central,Cuaderno,9,7436.28,efectivo
V-25529,2026-05-13,Hotel Plaza,Mouse inalambrico,10,7573.29,transferencia
V-25530,2026-05-14,Comercial Andrade,Servicio de consultoria,11,7710.30,tarjeta
V-25531,2026-05-15,Garcia SA,Toner HP,12,7847.31,efectivo
V-25532,2026-05-16,Juan Perez,Servicio mensual,13,7984.32,transferencia
V-25533,2026-05-17,Marta Gomez,Cuaderno,14,8121.33,tarjeta
V-25534,2026-05-18,Kiosco El Sol,Mouse inalambrico,15,8258.34,efectivo
V-25535,2026-05-19,Ferreteria Nuñez,Servicio de consultoria,16,8395.35,transferencia
V-25536,2026-05-20,Estudio Contable RyR,Toner HP,17,8532.36,tarjeta
V-25537,2026-05-21,Bar La Esquina,Servicio mensual,18,8669.37,efectivo
V-25538,2026-05-22,Distribuidora Sur,Cuaderno,19,8806.38,transferencia
V-25539,2026-05-23,Panaderia Ortiz,Mouse inalambrico,20,8943.39,tarjeta
V-25540,2026-05-24,Optica Vision,Servicio de consultoria,1,9080.40,efectivo
V-25541,2026-05-25,Tech Solutions,Toner HP,2,9217.41,transferencia
V-25542,2026-05-26,Farmacia Central,Servicio mensual,3,9354.42,tarjeta
V-25543,2026-05-27,Hotel Plaza,Cuaderno,4,9491.43,efectivo
V-25544,2026-05-28,Comercial Andrade,Mouse inalambrico,5,9628.44,transferencia
V-25545,2026-05-01,Garcia SA,Servicio de consultoria,6,9765.45,tarjeta
V-25546,2026-05-02,Juan Perez,Toner HP,7,9902.46,efectivo
V-25547,2026-05-03,Marta Gomez,Servicio mensual,8,10039.47,transferencia
V-25548,2026-05-04,Kiosco El Sol,Cuaderno,9,10176.48,tarjeta
V-25549,2026-05-05,Ferreteria Nuñez,Mouse inalambrico,10,10313.49,efectivo
V-25550,2026-05-06,Estudio Contable RyR,Servicio de consultoria,11,10450.50,transferencia
V-25551,2026-05-07,Bar La Esquina,Toner HP,12,10587.51,tarjeta
V-25552,2026-05-08,Distribuidora Sur,Servicio mensual,13,10724.52,efectivo
V-25553,2026-05-09,Panaderia Ortiz,Cuaderno,14,10861.53,transferencia
V-25554,2026-05-10,Optica Vision,Mouse inalambrico,15,10998.54,tarjeta
V-25555,2026-05-11,Tech Solutions,Servicio de consultoria,16,11135.55,efectivo
V-25556,2026-05-12,Farmacia Central,Toner HP,17,11272.56,transferencia
V-25557,2026-05-13,Hotel Plaza,Servicio mensual,18,11409.57,tarjeta
V-25558,2026-05-14,Comercial Andrade,Cuaderno,19,11546.58,efectivo
V-25559,2026-05-15,Garcia SA,Mouse inalambrico,20,11683.59,transferencia
V-25560,2026-05-16,Juan Perez,Servicio de consultoria,1,11820.60,tarjeta
V-25561,2026-05-17,Marta Gomez,Toner HP,2,11957.61,efectivo
V-25562,2026-05-18,Kiosco El Sol,Servicio mensual,3,12094.62,transferencia
V-25563,2026-05-19,Ferreteria Nuñez,Cuaderno,4,12231.63,tarjeta
V-25564,2026-05-20,Estudio Contable RyR,Mouse inalambrico,5,12368.64,efectivo
V-25565,2026-05-21,Bar La Esquina,Servicio de consultoria,6,12505.65,transferencia
V-25566,2026-05-22,Distribuidora Sur,Toner HP,7,12642.66,tarjeta
V-25567,2026-05-23,Panaderia Ortiz,Servicio mensual,8,12779.67,efectivo
V-25568,2026-05-24,Optica Vision,Cuaderno,9,12916.68,transferencia
V-25569,2026-05-25,Tech Solutions,Mouse inalambrico,10,13053.69,tarjeta
V-25570,2026-05-26,Farmacia Central,Servicio de consultoria,11,13190.70,efectivo
V-25571,2026-05-27,Hotel Plaza,Toner HP,12,13327.71,transferencia
V-25572,2026-05-28,Comercial Andrade,Servicio mensual,13,13464.72,tarjeta
V-25573,2026-05-01,Garcia SA,Cuaderno,14,13601.73,efectivo
V-25574,2026-05-02,Juan Perez,Mouse inalambrico,15,13738.74,transferencia
V-25575,2026-05-03,Marta Gomez,Servicio de consultoria,16,13875.75,tarjeta
V-25576,2026-05-04,Kiosco El Sol,Toner HP,17,14012.76,efectivo
V-25577,2026-05-05,Ferreteria Nuñez,Servicio mensual,18,14149.77,transferencia
V-25578,2026-05-06,Estudio Contable RyR,Cuaderno,19,14286.78,tarjeta
V-25579,2026-05-07,Bar La Esquina,Mouse inalambrico,20,14423.79,efectivo
V-25580,2026-05-08,Distribuidora Sur,Servicio de consultoria,1,14560.80,transferencia
V-25581,2026-05-09,Panaderia Ortiz,Toner HP,2,14697.81,tarjeta
V-25582,2026-05-10,Optica Vision,Servicio mensual,3,14834.82,efectivo
V-25583,2026-05-11,Tech Solutions,Cuaderno,4,14971.83,transferencia
V-25584,2026-05-12,Farmacia Central,Mouse inalambrico,5,15108.84,tarjeta
V-25585,2026-05-13,Hotel Plaza,Servicio de consultoria,6,15245.85,efectivo
V-25586,2026-05-14,Comercial Andrade,Toner HP,7,15382.86,transferencia
V-25587,2026-05-15,Garcia SA,Servicio mensual,8,15519.87,tarjeta
V-25588,2026-05-16,Juan Perez,Cuaderno,9,15656.88,efectivo
V-25589,2026-05-17,Marta Gomez,Mouse inalambrico,10,15793.89,transferencia
V-25590,2026-05-18,Kiosco El Sol,Servicio de consultoria,11,15930.90,tarjeta
V-25591,2026-05-19,Ferreteria Nuñez,Toner HP,12,16067.91,efectivo
V-25592,2026-05-20,Estudio Contable RyR,Servicio mensual,13,16204.92,transferencia
V-25593,2026-05-21,Bar La Esquina,Cuaderno,14,16341.93,tarjeta
V-25594,2026-05-22,Distribuidora Sur,Mouse inalambrico,15,16478.94,efectivo
V-25595,2026-05-23,Panaderia Ortiz,Servicio de consultoria,16,16615.95,transferencia
V-25596,2026-05-24,Optica Vision,Toner HP,17,16752.96,tarjeta
V-25597,2026-05-25,Tech Solutions,Servicio mensual,18,16889.97,efectivo
V-25598,2026-05-26,Farmacia Central,Cuaderno,19,17026.98,transferencia
V-25599,2026-05-27,Hotel Plaza,Mouse inalambrico,20,17163.99,tarjeta
V-25600,2026-05-28,Comercial Andrade,Servicio de consultoria,1,17300.00,efectivo
V-25601,2026-05-01,Garcia SA,Toner HP,2,17437.01,transferencia
V-25602,2026-05-02,Juan Perez,Servicio mensual,3,17574.02,tarjeta
V-25603,2026-05-03,Marta Gomez,Cuaderno,4,17711.03,efectivo
V-25604,2026-05-04,Kiosco El Sol,Mouse inalambrico,5,17848.04,transferencia
V-25605,2026-05-05,Ferreteria Nuñez,Servicio de consultoria,6,17985.05,tarjeta
V-25606,2026-05-06,Estudio Contable RyR,Toner HP,7,18122.06,efectivo
V-25607,2026-05-07,Bar La Esquina,Servicio mensual,8,18259.07,transferencia
V-25608,2026-05-08,Distribuidora Sur,Cuaderno,9,18396.08,tarjeta
V-25609,2026-05-09,Panaderia Ortiz,Mouse inalambrico,10,18533.09,efectivo
V-25610,2026-05-10,Optica Vision,Servicio de consultoria,11,18670.10,transferencia
V-25611,2026-05-11,Tech Solutions,Toner HP,12,18807.11,tarjeta
V-25612,2026-05-12,Farmacia Central,Servicio mensual,13,18944.12,efectivo
V-25613,2026-05-13,Hotel Plaza,Cuaderno,14,19081.13,transferencia
V-25614,2026-05-14,Comercial Andrade,Mouse inalambrico,15,19218.14,tarjeta
V-25615,2026-05-15,Garcia SA,Servicio de consultoria,16,19355.15,efectivo
V-25616,2026-05-16,Juan Perez,Toner HP,17,19492.16,transferencia
V-25617,2026-05-17,Marta Gomez,Servicio mensual,18,19629.17,tarjeta
V-25618,2026-05-18,Kiosco El Sol,Cuaderno,19,19766.18,efectivo
V-25619,2026-05-19,Ferreteria Nuñez,Mouse inalambrico,20,19903.19,transferencia
V-25620,2026-05-20,Estudio Contable RyR,Servicio de consultoria,1,20040.20,tarjeta
V-25621,2026-05-21,Bar La Esquina,Toner HP,2,20177.21,efectivo
V-25622,2026-05-22,Distribuidora Sur,Servicio mensual,3,20314.22,transferencia
V-25623,2026-05-23,Panaderia Ortiz,Cuaderno,4,20451.23,tarjeta
V-25624,2026-05-24,Optica Vision,Mouse inalambrico,5,20588.24,efectivo
V-25625,2026-05-25,Tech Solutions,Servicio de consultoria,6,20725.25,transferencia
V-25626,2026-05-26,Farmacia Central,Toner HP,7,20862.26,tarjeta
V-25627,2026-05-27,Hotel Plaza,Servicio mensual,8,20999.27,efectivo
V-25628,2026-05-28,Comercial Andrade,Cuaderno,9,21136.28,transferencia
V-25629,2026-05-01,Garcia SA,Mouse inalambrico,10,21273.29,tarjeta
V-25630,2026-05-02,Juan Perez,Servicio de consultoria,11,21410.30,efectivo
V-25631,2026-05-03,Marta Gomez,Toner HP,12,21547.31,transferencia
V-25632,2026-05-04,Kiosco El Sol,Servicio mensual,13,21684.32,tarjeta
V-25633,2026-05-05,Ferreteria Nuñez,Cuaderno,14,21821.33,efectivo
V-25634,2026-05-06,Estudio Contable RyR,Mouse inalambrico,15,21958.34,transferencia
V-25635,2026-05-07,Bar La Esquina,Servicio de consultoria,16,22095.35,tarjeta
V-25636,2026-05-08,Distribuidora Sur,Toner HP,17,22232.36,efectivo
V-25637,2026-05-09,Panaderia Ortiz,Servicio mensual,18,22369.37,transferencia
V-25638,2026-05-10,Optica Vision,Cuaderno,19,22506.38,tarjeta
V-25639,2026-05-11,Tech Solutions,Mouse inalambrico,20,22643.39,efectivo
V-25640,2026-05-12,Farmacia Central,Servicio de consultoria,1,22780.40,transferencia
V-25641,2026-05-13,Hotel Plaza,Toner HP,2,22917.41,tarjeta
V-25642,2026-05-14,Comercial Andrade,Servicio mensual,3,23054.42,efectivo
V-25643,2026-05-15,Garcia SA,Cuaderno,4,23191.43,transferencia
V-25644,2026-05-16,Juan Perez,Mouse inalambrico,5,23328.44,tarjeta
V-25645,2026-05-17,Marta Gomez,Servicio de consultoria,6,23465.45,efectivo
V-25646,2026-05-18,Kiosco El Sol,Toner HP,7,23602.46,transferencia
V-25647,2026-05-19,Ferreteria Nuñez,Servicio mensual,8,23739.47,tarjeta
V-25648,2026-05-20,Estudio Contable RyR,Cuaderno,9,23876.48,efectivo
V-25649,2026-05-21,Bar La Esquina,Mouse inalambrico,10,24013.49,transferencia
V-25650,2026-05-22,Distribuidora Sur,Servicio de consultoria,11,24150.50,tarjeta
V-25651,2026-05-23,Panaderia Ortiz,Toner HP,12,24287.51,efectivo
V-25652,2026-05-24,Optica Vision,Servicio mensual,13,24424.52,transferencia
V-25653,2026-05-25,Tech Solutions,Cuaderno,14,24561.53,tarjeta
V-25654,2026-05-26,Farmacia Central,Mouse inalambrico,15,24698.54,efectivo
V-25655,2026-05-27,Hotel Plaza,Servicio de consultoria,16,24835.55,transferencia
V-25656,2026-05-28,Comercial Andrade,Toner HP,17,24972.56,tarjeta
V-25657,2026-05-01,Garcia SA,Servicio mensual,18,25109.57,efectivo
V-25658,2026-05-02,Juan Perez,Cuaderno,19,25246.58,transferencia
V-25659,2026-05-03,Marta Gomez,Mouse inalambrico,20,25383.59,tarjeta
V-25660,2026-05-04,Kiosco El Sol,Servicio de consultoria,1,25520.60,efectivo
V-25661,2026-05-05,Ferreteria Nuñez,Toner HP,2,25657.61,transferencia
V-25662,2026-05-06,Estudio Contable RyR,Servicio mensual,3,25794.62,tarjeta
V-25663,2026-05-07,Bar La Esquina,Cuaderno,4,25931.63,efectivo
V-25664,2026-05-08,Distribuidora Sur,Mouse inalambrico,5,26068.64,transferencia
V-25665,2026-05-09,Panaderia Ortiz,Servicio de consultoria,6,26205.65,tarjeta
V-25666,2026-05-10,Optica Vision,Toner HP,7,26342.66,efectivo
V-25667,2026-05-11,Tech Solutions,Servicio mensual,8,26479.67,transferencia
V-25668,2026-05-12,Farmacia Central,Cuaderno,9,26616.68,tarjeta
V-25669,2026-05-13,Hotel Plaza,Mouse inalambrico,10,26753.69,efectivo
V-25670,2026-05-14,Comercial Andrade,Servicio de consultoria,11,26890.70,transferencia
V-25671,2026-05-15,Garcia SA,Toner HP,12,27027.71,tarjeta
V-25672,2026-05-16,Juan Perez,Servicio mensual,13,27164.72,efectivo
V-25673,2026-05-17,Marta Gomez,Cuaderno,14,27301.73,transferencia
V-25674,2026-05-18,Kiosco El Sol,Mouse inalambrico,15,27438.74,tarjeta
V-25675,2026-05-19,Ferreteria Nuñez,Servicio de consultoria,16,27575.75,efectivo
V-25676,2026-05-20,Estudio Contable RyR,Toner HP,17,27712.76,transferencia
V-25677,2026-05-21,Bar La Esquina,Servicio mensual,18,27849.77,tarjeta
V-25678,2026-05-22,Distribuidora Sur,Cuaderno,19,27986.78,efectivo
V-25679,2026-05-23,Panaderia Ortiz,Mouse inalambrico,20,28123.79,transferencia
V-25680,2026-05-24,Optica Vision,Servicio de consultoria,1,28260.80,tarjeta
V-25681,2026-05-25,Tech Solutions,Toner HP,2,28397.81,efectivo
V-25682,2026-05-26,Farmacia Central,Servicio mensual,3,28534.82,transferencia
V-25683,2026-05-27,Hotel Plaza,Cuaderno,4,28671.83,tarjeta
V-25684,2026-05-28,Comercial Andrade,Mouse inalambrico,5,28808.84,efectivo
V-25685,2026-05-01,Garcia SA,Servicio de consultoria,6,28945.85,transferencia
V-25686,2026-05-02,Juan Perez,Toner HP,7,29082.86,tarjeta
V-25687,2026-05-03,Marta Gomez,Servicio mensual,8,29219.87,efectivo
V-25688,2026-05-04,Kiosco El Sol,Cuaderno,9,29356.88,transferencia
V-25689,2026-05-05,Ferreteria Nuñez,Mouse inalambrico,10,29493.89,tarjeta
V-25690,2026-05-06,Estudio Contable RyR,Servicio de consultoria,11,29630.90,efectivo
V-25691,2026-05-07,Bar La Esquina,Toner HP,12,29767.91,transferencia
V-25692,2026-05-08,Distribuidora Sur,Servicio mensual,13,29904.92,tarjeta
V-25693,2026-05-09,Panaderia Ortiz,Cuaderno,14,30041.93,efectivo
V-25694,2026-05-10,Optica Vision,Mouse inalambrico,15,30178.94,transferencia
V-25695,2026-05-11,Tech Solutions,Servicio de consultoria,16,30315.95,tarjeta
V-25696,2026-05-12,Farmacia Central,Toner HP,17,30452.96,efectivo
V-25697,2026-05-13,Hotel Plaza,Servicio mensual,18,30589.97,transferencia
V-25698,2026-05-14,Comercial Andrade,Cuaderno,19,30726.98,tarjeta
V-25699,2026-05-15,Garcia SA,Mouse inalambrico,20,30863.99,efectivo
V-25700,2026-05-16,Juan Perez,Servicio de consultoria,1,31000.00,transferencia
V-25701,2026-05-17,Marta Gomez,Toner HP,2,31137.01,tarjeta
V-25702,2026-05-18,Kiosco El Sol,Servicio mensual,3,31274.02,efectivo
V-25703,2026-05-19,Ferreteria Nuñez,Cuaderno,4,31411.03,transferencia
V-25704,2026-05-20,Estudio Contable RyR,Mouse inalambrico,5,31548.04,tarjeta
V-25705,2026-05-21,Bar La Esquina,Servicio de consultoria,6,31685.05,efectivo
V-25706,2026-05-22,Distribuidora Sur,Toner HP,7,31822.06,transferencia
V-25707,2026-05-23,Panaderia Ortiz,Servicio mensual,8,31959.07,tarjeta
V-25708,2026-05-24,Optica Vision,Cuaderno,9,32096.08,efectivo
V-25709,2026-05-25,Tech Solutions,Mouse inalambrico,10,32233.09,transferencia
V-25710,2026-05-26,Farmacia Central,Servicio de consultoria,11,32370.10,tarjeta
V-25711,2026-05-27,Hotel Plaza,Toner HP,12,32507.11,efectivo
V-25712,2026-05-28,Comercial Andrade,Servicio mensual,13,32644.12,transferencia
V-25713,2026-05-01,Garcia SA,Cuaderno,14,32781.13,tarjeta
V-25714,2026-05-02,Juan Perez,Mouse inalambrico,15,32918.14,efectivo
V-25715,2026-05-03,Marta Gomez,Servicio de consultoria,16,33055.15,transferencia
V-25716,2026-05-04,Kiosco El Sol,Toner HP,17,33192.16,tarjeta
V-25717,2026-05-05,Ferreteria Nuñez,Servicio mensual,18,33329.17,efectivo
V-25718,2026-05-06,Estudio Contable RyR,Cuaderno,19,33466.18,transferencia
V-25719,2026-05-07,Bar La Esquina,Mouse inalambrico,20,33603.19,tarjeta
V-25720,2026-05-08,Distribuidora Sur,Servicio de consultoria,1,33740.20,efectivo
V-25721,2026-05-09,Panaderia Ortiz,Toner HP,2,33877.21,transferencia
V-25722,2026-05-10,Optica Vision,Servicio mensual,3,34014.22,tarjeta
V-25723,2026-05-11,Tech Solutions,Cuaderno,4,34151.23,efectivo
V-25724,2026-05-12,Farmacia Central,Mouse inalambrico,5,34288.24,transferencia
V-25725,2026-05-13,Hotel Plaza,Servicio de consultoria,6,34425.25,tarjeta
V-25726,2026-05-14,Comercial Andrade,Toner HP,7,34562.26,efectivo
V-25727,2026-05-15,Garcia SA,Servicio mensual,8,34699.27,transferencia
V-25728,2026-05-16,Juan Perez,Cuaderno,9,34836.28,tarjeta
V-25729,2026-05-17,Marta Gomez,Mouse inalambrico,10,34973.29,efectivo
V-25730,2026-05-18,Kiosco El Sol,Servicio de consultoria,11,35110.30,transferencia
V-25731,2026-05-19,Ferreteria Nuñez,Toner HP,12,35247.31,tarjeta
V-25732,2026-05-20,Estudio Contable RyR,Servicio mensual,13,35384.32,efectivo
V-25733,2026-05-21,Bar La Esquina,Cuaderno,14,35521.33,transferencia
V-25734,2026-05-22,Distribuidora Sur,Mouse inalambrico,15,35658.34,tarjeta
V-25735,2026-05-23,Panaderia Ortiz,Servicio de consultoria,16,35795.35,efectivo
V-25736,2026-05-24,Optica Vision,Toner HP,17,35932.36,transferencia
V-25737,2026-05-25,Tech Solutions,Servicio mensual,18,36069.37,tarjeta
V-25738,2026-05-26,Farmacia Central,Cuaderno,19,36206.38,efectivo
V-25739,2026-05-27,Hotel Plaza,Mouse inalambrico,20,36343.39,transferencia
V-25740,2026-05-28,Comercial Andrade,Servicio de consultoria,1,36480.40,tarjeta
V-25741,2026-05-01,Garcia SA,Toner HP,2,36617.41,efectivo
V-25742,2026-05-02,Juan Perez,Servicio mensual,3,36754.42,transferencia
V-25743,2026-05-03,Marta Gomez,Cuaderno,4,36891.43,tarjeta
V-25744,2026-05-04,Kiosco El Sol,Mouse inalambrico,5,37028.44,efectivo
V-25745,2026-05-05,Ferreteria Nuñez,Servicio de consultoria,6,37165.45,transferencia
V-25746,2026-05-06,Estudio Contable RyR,Toner HP,7,37302.46,tarjeta
V-25747,2026-05-07,Bar La Esquina,Servicio mensual,8,37439.47,efectivo
V-25748,2026-05-08,Distribuidora Sur,Cuaderno,9,37576.48,transferencia
V-25749,2026-05-09,Panaderia Ortiz,Mouse inalambrico,10,37713.49,tarjeta
V-25750,2026-05-10,Optica Vision,Servicio de consultoria,11,37850.50,efectivo
V-25751,2026-05-11,Tech Solutions,Toner HP,12,37987.51,transferencia
V-25752,2026-05-12,Farmacia Central,Servicio mensual,13,38124.52,tarjeta
V-25753,2026-05-13,Hotel Plaza,Cuaderno,14,38261.53,efectivo
V-25754,2026-05-14,Comercial Andrade,Mouse inalambrico,15,38398.54,transferencia
V-25755,2026-05-15,Garcia SA,Servicio de consultoria,16,38535.55,tarjeta
V-25756,2026-05-16,Juan Perez,Toner HP,17,38672.56,efectivo
V-25757,2026-05-17,Marta Gomez,Servicio mensual,18,38809.57,transferencia
V-25758,2026-05-18,Kiosco El Sol,Cuaderno,19,38946.58,tarjeta
V-25759,2026-05-19,Ferreteria Nuñez,Mouse inalambrico,20,39083.59,efectivo
V-25760,2026-05-20,Estudio Contable RyR,Servicio de consultoria,1,39220.60,transferencia
V-25761,2026-05-21,Bar La Esquina,Toner HP,2,39357.61,tarjeta
V-25762,2026-05-22,Distribuidora Sur,Servicio mensual,3,39494.62,efectivo
V-25763,2026-05-23,Panaderia Ortiz,Cuaderno,4,39631.63,transferencia
V-25764,2026-05-24,Optica Vision,Mouse inalambrico,5,39768.64,tarjeta
V-25765,2026-05-25,Tech Solutions,Servicio de consultoria,6,39905.65,efectivo
V-25766,2026-05-26,Farmacia Central,Toner HP,7,40042.66,transferencia
V-25767,2026-05-27,Hotel Plaza,Servicio mensual,8,40179.67,tarjeta
V-25768,2026-05-28,Comercial Andrade,Cuaderno,9,40316.68,efectivo
V-25769,2026-05-01,Garcia SA,Mouse inalambrico,10,40453.69,transferencia
V-25770,2026-05-02,Juan Perez,Servicio de consultoria,11,40590.70,tarjeta
V-25771,2026-05-03,Marta Gomez,Toner HP,12,40727.71,efectivo
V-25772,2026-05-04,Kiosco El Sol,Servicio mensual,13,40864.72,transferencia
V-25773,2026-05-05,Ferreteria Nuñez,Cuaderno,14,41001.73,tarjeta
V-25774,2026-05-06,Estudio Contable RyR,Mouse inalambrico,15,41138.74,efectivo
V-25775,2026-05-07,Bar La Esquina,Servicio de consultoria,16,41275.75,transferencia
V-25776,2026-05-08,Distribuidora Sur,Toner HP,17,41412.76,tarjeta
V-25777,2026-05-09,Panaderia Ortiz,Servicio mensual,18,41549.77,efectivo
V-25778,2026-05-10,Optica Vision,Cuaderno,19,41686.78,transferencia
V-25779,2026-05-11,Tech Solutions,Mouse inalambrico,20,41823.79,tarjeta
V-25780,2026-05-12,Farmacia Central,Servicio de consultoria,1,41960.80,efectivo
V-25781,2026-05-13,Hotel Plaza,Toner HP,2,42097.81,transferencia
V-25782,2026-05-14,Comercial Andrade,Servicio mensual,3,42234.82,tarjeta
V-25783,2026-05-15,Garcia SA,Cuaderno,4,42371.83,efectivo
V-25784,2026-05-16,Juan Perez,Mouse inalambrico,5,42508.84,transferencia
V-25785,2026-05-17,Marta Gomez,Servicio de consultoria,6,42645.85,tarjeta
V-25786,2026-05-18,Kiosco El Sol,Toner HP,7,42782.86,efectivo
V-25787,2026-05-19,Ferreteria Nuñez,Servicio mensual,8,42919.87,transferencia
V-25788,2026-05-20,Estudio Contable RyR,Cuaderno,9,43056.88,tarjeta
V-25789,2026-05-21,Bar La Esquina,Mouse inalambrico,10,43193.89,efectivo
V-25790,2026-05-22,Distribuidora Sur,Servicio de consultoria,11,43330.90,transferencia
V-25791,2026-05-23,Panaderia Ortiz,Toner HP,12,43467.91,tarjeta
V-25792,2026-05-24,Optica Vision,Servicio mensual,13,43604.92,efectivo
V-25793,2026-05-25,Tech Solutions,Cuaderno,14,43741.93,transferencia
V-25794,2026-05-26,Farmacia Central,Mouse inalambrico,15,43878.94,tarjeta
V-25795,2026-05-27,Hotel Plaza,Servicio de consultoria,16,44015.95,efectivo
V-25796,2026-05-28,Comercial Andrade,Toner HP,17,44152.96,transferencia
V-25797,2026-05-01,Garcia SA,Servicio mensual,18,44289.97,tarjeta
V-25798,2026-05-02,Juan Perez,Cuaderno,19,44426.98,efectivo
V-25799,2026-05-03,Marta Gomez,Mouse inalambrico,20,44563.99,transferencia
V-25800,2026-05-04,Kiosco El Sol,Servicio de consultoria,1,44700.00,tarjeta
V-25801,2026-05-05,Ferreteria Nuñez,Toner HP,2,44837.01,efectivo
V-25802,2026-05-06,Estudio Contable RyR,Servicio mensual,3,44974.02,transferencia
V-25803,2026-05-07,Bar La Esquina,Cuaderno,4,45111.03,tarjeta
V-25804,2026-05-08,Distribuidora Sur,Mouse inalambrico,5,45248.04,efectivo
V-25805,2026-05-09,Panaderia Ortiz,Servicio de consultoria,6,45385.05,transferencia
V-25806,2026-05-10,Optica Vision,Toner HP,7,45522.06,tarjeta
V-25807,2026-05-11,Tech Solutions,Servicio mensual,8,45659.07,efectivo
V-25808,2026-05-12,Farmacia Central,Cuaderno,9,45796.08,transferencia
V-25809,2026-05-13,Hotel Plaza,Mouse inalambrico,10,45933.09,tarjeta
V-25810,2026-05-14,Comercial Andrade,Servicio de consultoria,11,46070.10,efectivo
V-25811,2026-05-15,Garcia SA,Toner HP,12,46207.11,transferencia
V-25812,2026-05-16,Juan Perez,Servicio mensual,13,46344.12,tarjeta
V-25813,2026-05-17,Marta Gomez,Cuaderno,14,46481.13,efectivo
V-25814,2026-05-18,Kiosco El Sol,Mouse inalambrico,15,46618.14,transferencia
V-25815,2026-05-19,Ferreteria Nuñez,Servicio de consultoria,16,46755.15,tarjeta
V-25816,2026-05-20,Estudio Contable RyR,Toner HP,17,46892.16,efectivo
V-25817,2026-05-21,Bar La Esquina,Servicio mensual,18,47029.17,transferencia
V-25818,2026-05-22,Distribuidora Sur,Cuaderno,19,47166.18,tarjeta
V-25819,2026-05-23,Panaderia Ortiz,Mouse inalambrico,20,47303.19,efectivo
V-25820,2026-05-24,Optica Vision,Servicio de consultoria,1,47440.20,transferencia
V-25821,2026-05-25,Tech Solutions,Toner HP,2,47577.21,tarjeta
V-25822,2026-05-26,Farmacia Central,Servicio mensual,3,47714.22,efectivo
V-25823,2026-05-27,Hotel Plaza,Cuaderno,4,47851.23,transferencia
V-25824,2026-05-28,Comercial Andrade,Mouse inalambrico,5,47988.24,tarjeta
V-25825,2026-05-01,Garcia SA,Servicio de consultoria,6,48125.25,efectivo
V-25826,2026-05-02,Juan Perez,Toner HP,7,48262.26,transferencia
V-25827,2026-05-03,Marta Gomez,Servicio mensual,8,48399.27,tarjeta
V-25828,2026-05-04,Kiosco El Sol,Cuaderno,9,48536.28,efectivo
V-25829,2026-05-05,Ferreteria Nuñez,Mouse inalambrico,10,48673.29,transferencia
V-25830,2026-05-06,Estudio Contable RyR,Servicio de consultoria,11,48810.30,tarjeta
V-25831,2026-05-07,Bar La Esquina,Toner HP,12,48947.31,efectivo
V-25832,2026-05-08,Distribuidora Sur,Servicio mensual,13,49084.32,transferencia
V-25833,2026-05-09,Panaderia Ortiz,Cuaderno,14,49221.33,tarjeta
V-25834,2026-05-10,Optica Vision,Mouse inalambrico,15,49358.34,efectivo
V-25835,2026-05-11,Tech Solutions,Servicio de consultoria,16,49495.35,transferencia
V-25836,2026-05-12,Farmacia Central,Toner HP,17,49632.36,tarjeta
V-25837,2026-05-13,Hotel Plaza,Servicio mensual,18,49769.37,efectivo
V-25838,2026-05-14,Comercial Andrade,Cuaderno,19,49906.38,transferencia
V-25839,2026-05-15,Garcia SA,Mouse inalambrico,20,50043.39,tarjeta
V-25840,2026-05-16,Juan Perez,Servicio de consultoria,1,180.40,efectivo
V-25841,2026-05-17,Marta Gomez,Toner HP,2,317.41,transferencia
V-25842,2026-05-18,Kiosco El Sol,Servicio mensual,3,454.42,tarjeta
V-25843,2026-05-19,Ferreteria Nuñez,Cuaderno,4,591.43,efectivo
V-25844,2026-05-20,Estudio Contable RyR,Mouse inalambrico,5,728.44,transferencia
V-25845,2026-05-21,Bar La Esquina,Servicio de consultoria,6,865.45,tarjeta
V-25846,2026-05-22,Distribuidora Sur,Toner HP,7,1002.46,efectivo
V-25847,2026-05-23,Panaderia Ortiz,Servicio mensual,8,1139.47,transferencia
V-25848,2026-05-24,Optica Vision,Cuaderno,9,1276.48,tarjeta
V-25849,2026-05-25,Tech Solutions,Mouse inalambrico,10,1413.49,efectivo
V-25850,2026-05-26,Farmacia Central,Servicio de consultoria,11,1550.50,transferencia
V-25851,2026-05-27,Hotel Plaza,Toner HP,12,1687.51,tarjeta
V-25852,2026-05-28,Comercial Andrade,Servicio mensual,13,1824.52,efectivo
V-25853,2026-05-01,Garcia SA,Cuaderno,14,1961.53,transferencia
V-25854,2026-05-02,Juan Perez,Mouse inalambrico,15,2098.54,tarjeta
V-25855,2026-05-03,Marta Gomez,Servicio de consultoria,16,2235.55,efectivo
V-25856,2026-05-04,Kiosco El Sol,Toner HP,17,2372.56,transferencia
V-25857,2026-05-05,Ferreteria Nuñez,Servicio mensual,18,2509.57,tarjeta
V-25858,2026-05-06,Estudio Contable RyR,Cuaderno,19,2646.58,efectivo
V-25859,2026-05-07,Bar La Esquina,Mouse inalambrico,20,2783.59,transferencia
V-25860,2026-05-08,Distribuidora Sur,Servicio de consultoria,1,2920.60,tarjeta
V-25861,2026-05-09,Panaderia Ortiz,Toner HP,2,3057.61,efectivo
V-25862,2026-05-10,Optica Vision,Servicio mensual,3,3194.62,transferencia
V-25863,2026-05-11,Tech Solutions,Cuaderno,4,3331.63,tarjeta
V-25864,2026-05-12,Farmacia Central,Mouse inalambrico,5,3468.64,efectivo
V-25865,2026-05-13,Hotel Plaza,Servicio de consultoria,6,3605.65,transferencia
V-25866,2026-05-14,Comercial Andrade,Toner HP,7,3742.66,tarjeta
V-25867,2026-05-15,Garcia SA,Servicio mensual,8,3879.67,efectivo
V-25868,2026-05-16,Juan Perez,Cuaderno,9,4016.68,transferencia
V-25869,2026-05-17,Marta Gomez,Mouse inalambrico,10,4153.69,tarjeta
V-25870,2026-05-18,Kiosco El Sol,Servicio de consultoria,11,4290.70,efectivo
V-25871,2026-05-19,Ferreteria Nuñez,Toner HP,12,4427.71,transferencia
V-25872,2026-05-20,Estudio Contable RyR,Servicio mensual,13,4564.72,tarjeta
V-25873,2026-05-21,Bar La Esquina,Cuaderno,14,4701.73,efectivo
V-25874,2026-05-22,Distribuidora Sur,Mouse inalambrico,15,4838.74,transferencia
V-25875,2026-05-23,Panaderia Ortiz,Servicio de consultoria,16,4975.75,tarjeta
V-25876,2026-05-24,Optica Vision,Toner HP,17,5112.76,efectivo
V-25877,2026-05-25,Tech Solutions,Servicio mensual,18,5249.77,transferencia
V-25878,2026-05-26,Farmacia Central,Cuaderno,19,5386.78,tarjeta
V-25879,2026-05-27,Hotel Plaza,Mouse inalambrico,20,5523.79,efectivo
V-25880,2026-05-28,Comercial Andrade,Servicio de consultoria,1,5660.80,transferencia
V-25881,2026-05-01,Garcia SA,Toner HP,2,5797.81,tarjeta
V-25882,2026-05-02,Juan Perez,Servicio mensual,3,5934.82,efectivo
V-25883,2026-05-03,Marta Gomez,Cuaderno,4,6071.83,transferencia
V-25884,2026-05-04,Kiosco El Sol,Mouse inalambrico,5,6208.84,tarjeta
V-25885,2026-05-05,Ferreteria Nuñez,Servicio de consultoria,6,6345.85,efectivo
V-25886,2026-05-06,Estudio Contable RyR,Toner HP,7,6482.86,transferencia
V-25887,2026-05-07,Bar La Esquina,Servicio mensual,8,6619.87,tarjeta
V-25888,2026-05-08,Distribuidora Sur,Cuaderno,9,6756.88,efectivo
V-25889,2026-05-09,Panaderia Ortiz,Mouse inalambrico,10,6893.89,transferencia
V-25890,2026-05-10,Optica Vision,Servicio de consultoria,11,7030.90,tarjeta
V-25891,2026-05-11,Tech Solutions,Toner HP,12,7167.91,efectivo
V-25892,2026-05-12,Farmacia Central,Servicio mensual,13,7304.92,transferencia
V-25893,2026-05-13,Hotel Plaza,Cuaderno,14,7441.93,tarjeta
V-25894,2026-05-14,Comercial Andrade,Mouse inalambrico,15,7578.94,efectivo
V-25895,2026-05-15,Garcia SA,Servicio de consultoria,16,7715.95,transferencia
V-25896,2026-05-16,Juan Perez,Toner HP,17,7852.96,tarjeta
V-25897,2026-05-17,Marta Gomez,Servicio mensual,18,7989.97,efectivo
V-25898,2026-05-18,Kiosco El Sol,Cuaderno,19,8126.98,transferencia
V-25899,2026-05-19,Ferreteria Nuñez,Mouse inalambrico,20,8263.99,tarjeta
V-25900,2026-05-20,Estudio Contable RyR,Servicio de consultoria,1,8400.00,efectivo
V-25901,2026-05-21,Bar La Esquina,Toner HP,2,8537.01,transferencia
V-25902,2026-05-22,Distribuidora Sur,Servicio mensual,3,8674.02,tarjeta
V-25903,2026-05-23,Panaderia Ortiz,Cuaderno,4,8811.03,efectivo
V-25904,2026-05-24,Optica Vision,Mouse inalambrico,5,8948.04,transferencia
V-25905,2026-05-25,Tech Solutions,Servicio de consultoria,6,9085.05,tarjeta
V-25906,2026-05-26,Farmacia Central,Toner HP,7,9222.06,efectivo
V-25907,2026-05-27,Hotel Plaza,Servicio mensual,8,9359.07,transferencia
V-25908,2026-05-28,Comercial Andrade,Cuaderno,9,9496.08,tarjeta
V-25909,2026-05-01,Garcia SA,Mouse inalambrico,10,9633.09,efectivo
V-25910,2026-05-02,Juan Perez,Servicio de consultoria,11,9770.10,transferencia
V-25911,2026-05-03,Marta Gomez,Toner HP,12,9907.11,tarjeta
V-25912,2026-05-04,Kiosco El Sol,Servicio mensual,13,10044.12,efectivo
V-25913,2026-05-05,Ferreteria Nuñez,Cuaderno,14,10181.13,transferencia
V-25914,2026-05-06,Estudio Contable RyR,Mouse inalambrico,15,10318.14,tarjeta
V-25915,2026-05-07,Bar La Esquina,Servicio de consultoria,16,10455.15,efectivo
V-25916,2026-05-08,Distribuidora Sur,Toner HP,17,10592.16,transferencia
V-25917,2026-05-09,Panaderia Ortiz,Servicio mensual,18,10729.17,tarjeta
V-25918,2026-05-10,Optica Vision,Cuaderno,19,10866.18,efectivo
V-25919,2026-05-11,Tech Solutions,Mouse inalambrico,20,11003.19,transferencia
V-25920,2026-05-12,Farmacia Central,Servicio de consultoria,1,11140.20,tarjeta
V-25921,2026-05-13,Hotel Plaza,Toner HP,2,11277.21,efectivo
V-25922,2026-05-14,Comercial Andrade,Servicio mensual,3,11414.22,transferencia
V-25923,2026-05-15,Garcia SA,Cuaderno,4,11551.23,tarjeta
V-25924,2026-05-16,Juan Perez,Mouse inalambrico,5,11688.24,efectivo
V-25925,2026-05-17,Marta Gomez,Servicio de consultoria,6,11825.25,transferencia
V-25926,2026-05-18,Kiosco El Sol,Toner HP,7,11962.26,tarjeta
V-25927,2026-05-19,Ferreteria Nuñez,Servicio mensual,8,12099.27,efectivo
V-25928,2026-05-20,Estudio Contable RyR,Cuaderno,9,12236.28,transferencia
V-25929,2026-05-21,Bar La Esquina,Mouse inalambrico,10,12373.29,tarjeta
V-25930,2026-05-22,Distribuidora Sur,Servicio de consultoria,11,12510.30,efectivo
V-25931,2026-05-23,Panaderia Ortiz,Toner HP,12,12647.31,transferencia
V-25932,2026-05-24,Optica Vision,Servicio mensual,13,12784.32,tarjeta
V-25933,2026-05-25,Tech Solutions,Cuaderno,14,12921.33,efectivo
V-25934,2026-05-26,Farmacia Central,Mouse inalambrico,15,13058.34,transferencia
V-25935,2026-05-27,Hotel Plaza,Servicio de consultoria,16,13195.35,tarjeta
V-25936,2026-05-28,Comercial Andrade,Toner HP,17,13332.36,efectivo
V-25937,2026-05-01,Garcia SA,Servicio mensual,18,13469.37,transferencia
V-25938,2026-05-02,Juan Perez,Cuaderno,19,13606.38,tarjeta
V-25939,2026-05-03,Marta Gomez,Mouse inalambrico,20,13743.39,efectivo
V-25940,2026-05-04,Kiosco El Sol,Servicio de consultoria,1,13880.40,transferencia
V-25941,2026-05-05,Ferreteria Nuñez,Toner HP,2,14017.41,tarjeta
V-25942,2026-05-06,Estudio Contable RyR,Servicio mensual,3,14154.42,efectivo
V-25943,2026-05-07,Bar La Esquina,Cuaderno,4,14291.43,transferencia
V-25944,2026-05-08,Distribuidora Sur,Mouse inalambrico,5,14428.44,tarjeta
V-25945,2026-05-09,Panaderia Ortiz,Servicio de consultoria,6,14565.45,efectivo
V-25946,2026-05-10,Optica Vision,Toner HP,7,14702.46,transferencia
V-25947,2026-05-11,Tech Solutions,Servicio mensual,8,14839.47,tarjeta
V-25948,2026-05-12,Farmacia Central,Cuaderno,9,14976.48,efectivo
V-25949,2026-05-13,Hotel Plaza,Mouse inalambrico,10,15113.49,transferencia
V-25950,2026-05-14,Comercial Andrade,Servicio de consultoria,11,15250.50,tarjeta
V-25951,2026-05-15,Garcia SA,Toner HP,12,15387.51,efectivo
V-25952,2026-05-16,Juan Perez,Servicio mensual,13,15524.52,transferencia
V-25953,2026-05-17,Marta Gomez,Cuaderno,14,15661.53,tarjeta
V-25954,2026-05-18,Kiosco El Sol,Mouse inalambrico,15,15798.54,efectivo
V-25955,2026-05-19,Ferreteria Nuñez,Servicio de consultoria,16,15935.55,transferencia
V-25956,2026-05-20,Estudio Contable RyR,Toner HP,17,16072.56,tarjeta
V-25957,2026-05-21,Bar La Esquina,Servicio mensual,18,16209.57,efectivo
V-25958,2026-05-22,Distribuidora Sur,Cuaderno,19,16346.58,transferencia
V-25959,2026-05-23,Panaderia Ortiz,Mouse inalambrico,20,16483.59,tarjeta
V-25960,2026-05-24,Optica Vision,Servicio de consultoria,1,16620.60,efectivo
V-25961,2026-05-25,Tech Solutions,Toner HP,2,16757.61,transferencia
V-25962,2026-05-26,Farmacia Central,Servicio mensual,3,16894.62,tarjeta
V-25963,2026-05-27,Hotel Plaza,Cuaderno,4,17031.63,efectivo
V-25964,2026-05-28,Comercial Andrade,Mouse inalambrico,5,17168.64,transferencia
V-25965,2026-05-01,Garcia SA,Servicio de consultoria,6,17305.65,tarjeta
V-25966,2026-05-02,Juan Perez,Toner HP,7,17442.66,efectivo
V-25967,2026-05-03,Marta Gomez,Servicio mensual,8,17579.67,transferencia
V-25968,2026-05-04,Kiosco El Sol,Cuaderno,9,17716.68,tarjeta
V-25969,2026-05-05,Ferreteria Nuñez,Mouse inalambrico,10,17853.69,efectivo
V-25970,2026-05-06,Estudio Contable RyR,Servicio de consultoria,11,17990.70,transferencia
V-25971,2026-05-07,Bar La Esquina,Toner HP,12,18127.71,tarjeta
V-25972,2026-05-08,Distribuidora Sur,Servicio mensual,13,18264.72,efectivo
V-25973,2026-05-09,Panaderia Ortiz,Cuaderno,14,18401.73,transferencia
V-25974,2026-05-10,Optica Vision,Mouse inalambrico,15,18538.74,tarjeta
V-25975,2026-05-11,Tech Solutions,Servicio de consultoria,16,18675.75,efectivo
V-25976,2026-05-12,Farmacia Central,Toner HP,17,18812.76,transferencia
V-25977,2026-05-13,Hotel Plaza,Servicio mensual,18,18949.77,tarjeta
V-25978,2026-05-14,Comercial Andrade,Cuaderno,19,19086.78,efectivo
V-25979,2026-05-15,Garcia SA,Mouse inalambrico,20,19223.79,transferencia
V-25980,2026-05-16,Juan Perez,Servicio de consultoria,1,19360.80,tarjeta
V-25981,2026-05-17,Marta Gomez,Toner HP,2,19497.81,efectivo
V-25982,2026-05-18,Kiosco El Sol,Servicio mensual,3,19634.82,transferencia
V-25983,2026-05-19,Ferreteria Nuñez,Cuaderno,4,19771.83,tarjeta
V-25984,2026-05-20,Estudio Contable RyR,Mouse inalambrico,5,19908.84,efectivo
V-25985,2026-05-21,Bar La Esquina,Servicio de consultoria,6,20045.85,transferencia
V-25986,2026-05-22,Distribuidora Sur,Toner HP,7,20182.86,tarjeta
V-25987,2026-05-23,Panaderia Ortiz,Servicio mensual,8,20319.87,efectivo
V-25988,2026-05-24,Optica Vision,Cuaderno,9,20456.88,transferencia
V-25989,2026-05-25,Tech Solutions,Mouse inalambrico,10,20593.89,tarjeta
V-25990,2026-05-26,Farmacia Central,Servicio de consultoria,11,20730.90,efectivo
V-25991,2026-05-27,Hotel Plaza,Toner HP,12,20867.91,transferencia
V-25992,2026-05-28,Comercial Andrade,Servicio mensual,13,21004.92,tarjeta
V-25993,2026-05-01,Garcia SA,Cuaderno,14,21141.93,efectivo
V-25994,2026-05-02,Juan Perez,Mouse inalambrico,15,21278.94,transferencia
V-25995,2026-05-03,Marta Gomez,Servicio de consultoria,16,21415.95,tarjeta
V-25996,2026-05-04,Kiosco El Sol,Toner HP,17,21552.96,efectivo
V-25997,2026-05-05,Ferreteria Nuñez,Servicio mensual,18,21689.97,transferencia
V-25998,2026-05-06,Estudio Contable RyR,Cuaderno,19,21826.98,tarjeta
V-25999,2026-05-07,Bar La Esquina,Mouse inalambrico,20,21963.99,efectivo
V-26000,2026-05-08,Distribuidora Sur,Servicio de consultoria,1,22100.00,transferencia
V-26001,2026-05-09,Panaderia Ortiz,Toner HP,2,22237.01,tarjeta
V-26002,2026-05-10,Optica Vision,Servicio mensual,3,22374.02,efectivo
V-26003,2026-05-11,Tech Solutions,Cuaderno,4,22511.03,transferencia
V-26004,2026-05-12,Farmacia Central,Mouse inalambrico,5,22648.04,tarjeta
V-26005,2026-05-13,Hotel Plaza,Servicio de consultoria,6,22785.05,efectivo
V-26006,2026-05-14,Comercial Andrade,Toner HP,7,22922.06,transferencia
V-26007,2026-05-15,Garcia SA,Servicio mensual,8,23059.07,tarjeta
V-26008,2026-05-16,Juan Perez,Cuaderno,9,23196.08,efectivo
V-26009,2026-05-17,Marta Gomez,Mouse inalambrico,10,23333.09,transferencia
V-26010,2026-05-18,Kiosco El Sol,Servicio de consultoria,11,23470.10,tarjeta
V-26011,2026-05-19,Ferreteria Nuñez,Toner HP,12,23607.11,efectivo
V-26012,2026-05-20,Estudio Contable RyR,Servicio mensual,13,23744.12,transferencia
V-26013,2026-05-21,Bar La Esquina,Cuaderno,14,23881.13,tarjeta
V-26014,2026-05-22,Distribuidora Sur,Mouse inalambrico,15,24018.14,efectivo
V-26015,2026-05-23,Panaderia Ortiz,Servicio de consultoria,16,24155.15,transferencia
V-26016,2026-05-24,Optica Vision,Toner HP,17,24292.16,tarjeta
V-26017,2026-05-25,Tech Solutions,Servicio mensual,18,24429.17,efectivo
V-26018,2026-05-26,Farmacia Central,Cuaderno,19,24566.18,transferencia
V-26019,2026-05-27,Hotel Plaza,Mouse inalambrico,20,24703.19,tarjeta
V-26020,2026-05-28,Comercial Andrade,Servicio de consultoria,1,24840.20,efectivo
V-26021,2026-05-01,Garcia SA,Toner HP,2,24977.21,transferencia
V-26022,2026-05-02,Juan Perez,Servicio mensual,3,25114.22,tarjeta
V-26023,2026-05-03,Marta Gomez,Cuaderno,4,25251.23,efectivo
V-26024,2026-05-04,Kiosco El Sol,Mouse inalambrico,5,25388.24,transferencia
V-26025,2026-05-05,Ferreteria Nuñez,Servicio de consultoria,6,25525.25,tarjeta
V-26026,2026-05-06,Estudio Contable RyR,Toner HP,7,25662.26,efectivo
V-26027,2026-05-07,Bar La Esquina,Servicio mensual,8,25799.27,transferencia
V-26028,2026-05-08,Distribuidora Sur,Cuaderno,9,25936.28,tarjeta
V-26029,2026-05-09,Panaderia Ortiz,Mouse inalambrico,10,26073.29,efectivo
V-26030,2026-05-10,Optica Vision,Servicio de consultoria,11,26210.30,transferencia
V-26031,2026-05-11,Tech Solutions,Toner HP,12,26347.31,tarjeta
V-26032,2026-05-12,Farmacia Central,Servicio mensual,13,26484.32,efectivo
V-26033,2026-05-13,Hotel Plaza,Cuaderno,14,26621.33,transferencia
V-26034,2026-05-14,Comercial Andrade,Mouse inalambrico,15,26758.34,tarjeta
V-26035,2026-05-15,Garcia SA,Servicio de consultoria,16,26895.35,efectivo
V-26036,2026-05-16,Juan Perez,Toner HP,17,27032.36,transferencia
V-26037,2026-05-17,Marta Gomez,Servicio mensual,18,27169.37,tarjeta
V-26038,2026-05-18,Kiosco El Sol,Cuaderno,19,27306.38,efectivo
V-26039,2026-05-19,Ferreteria Nuñez,Mouse inalambrico,20,27443.39,transferencia
V-26040,2026-05-20,Estudio Contable RyR,Servicio de consultoria,1,27580.40,tarjeta
V-26041,2026-05-21,Bar La Esquina,Toner HP,2,27717.41,efectivo
V-26042,2026-05-22,Distribuidora Sur,Servicio mensual,3,27854.42,transferencia
V-26043,2026-05-23,Panaderia Ortiz,Cuaderno,4,27991.43,tarjeta
V-26044,2026-05-24,Optica Vision,Mouse inalambrico,5,28128.44,efectivo
V-26045,2026-05-25,Tech Solutions,Servicio de consultoria,6,28265.45,transferencia
V-26046,2026-05-26,Farmacia Central,Toner HP,7,28402.46,tarjeta
V-26047,2026-05-27,Hotel Plaza,Servicio mensual,8,28539.47,efectivo
V-26048,2026-05-28,Comercial Andrade,Cuaderno,9,28676.48,transferencia
V-26049,2026-05-01,Garcia SA,Mouse inalambrico,10,28813.49,tarjeta
V-26050,2026-05-02,Juan Perez,Servicio de consultoria,11,28950.50,efectivo
V-26051,2026-05-03,Marta Gomez,Toner HP,12,29087.51,transferencia
V-26052,2026-05-04,Kiosco El Sol,Servicio mensual,13,29224.52,tarjeta
V-26053,2026-05-05,Ferreteria Nuñez,Cuaderno,14,29361.53,efectivo
V-26054,2026-05-06,Estudio Contable RyR,Mouse inalambrico,15,29498.54,transferencia
V-26055,2026-05-07,Bar La Esquina,Servicio de consultoria,16,29635.55,tarjeta
V-26056,2026-05-08,Distribuidora Sur,Toner HP,17,29772.56,efectivo
V-26057,2026-05-09,Panaderia Ortiz,Servicio mensual,18,29909.57,transferencia
V-26058,2026-05-10,Optica Vision,Cuaderno,19,30046.58,tarjeta
V-26059,2026-05-11,Tech Solutions,Mouse inalambrico,20,30183.59,efectivo
V-26060,2026-05-12,Farmacia Central,Servicio de consultoria,1,30320.60,transferencia
V-26061,2026-05-13,Hotel Plaza,Toner HP,2,30457.61,tarjeta
V-26062,2026-05-14,Comercial Andrade,Servicio mensual,3,30594.62,efectivo
V-26063,2026-05-15,Garcia SA,Cuaderno,4,30731.63,transferencia
V-26064,2026-05-16,Juan Perez,Mouse inalambrico,5,30868.64,tarjeta
V-26065,2026-05-17,Marta Gomez,Servicio de consultoria,6,31005.65,efectivo
V-26066,2026-05-18,Kiosco El Sol,Toner HP,7,31142.66,transferencia
V-26067,2026-05-19,Ferreteria Nuñez,Servicio mensual,8,31279.67,tarjeta
V-26068,2026-05-20,Estudio Contable RyR,Cuaderno,9,31416.68,efectivo
V-26069,2026-05-21,Bar La Esquina,Mouse inalambrico,10,31553.69,transferencia
V-26070,2026-05-22,Distribuidora Sur,Servicio de consultoria,11,31690.70,tarjeta
V-26071,2026-05-23,Panaderia Ortiz,Toner HP,12,31827.71,efectivo
V-26072,2026-05-24,Optica Vision,Servicio mensual,13,31964.72,transferencia
V-26073,2026-05-25,Tech Solutions,Cuaderno,14,32101.73,tarjeta
V-26074,2026-05-26,Farmacia Central,Mouse inalambrico,15,32238.74,efectivo
V-26075,2026-05-27,Hotel Plaza,Servicio de consultoria,16,32375.75,transferencia
V-26076,2026-05-28,Comercial Andrade,Toner HP,17,32512.76,tarjeta
V-26077,2026-05-01,Garcia SA,Servicio mensual,18,32649.77,efectivo
V-26078,2026-05-02,Juan Perez,Cuaderno,19,32786.78,transferencia
V-26079,2026-05-03,Marta Gomez,Mouse inalambrico,20,32923.79,tarjeta
V-26080,2026-05-04,Kiosco El Sol,Servicio de consultoria,1,33060.80,efectivo
V-26081,2026-05-05,Ferreteria Nuñez,Toner HP,2,33197.81,transferencia
V-26082,2026-05-06,Estudio Contable RyR,Servicio mensual,3,33334.82,tarjeta
V-26083,2026-05-07,Bar La Esquina,Cuaderno,4,33471.83,efectivo
V-26084,2026-05-08,Distribuidora Sur,Mouse inalambrico,5,33608.84,transferencia
V-26085,2026-05-09,Panaderia Ortiz,Servicio de consultoria,6,33745.85,tarjeta
V-26086,2026-05-10,Optica Vision,Toner HP,7,33882.86,efectivo
V-26087,2026-05-11,Tech Solutions,Servicio mensual,8,34019.87,transferencia
V-26088,2026-05-12,Farmacia Central,Cuaderno,9,34156.88,tarjeta
V-26089,2026-05-13,Hotel Plaza,Mouse inalambrico,10,34293.89,efectivo
V-26090,2026-05-14,Comercial Andrade,Servicio de consultoria,11,34430.90,transferencia
V-26091,2026-05-15,Garcia SA,Toner HP,12,34567.91,tarjeta
V-26092,2026-05-16,Juan Perez,Servicio mensual,13,34704.92,efectivo
V-26093,2026-05-17,Marta Gomez,Cuaderno,14,34841.93,transferencia
V-26094,2026-05-18,Kiosco El Sol,Mouse inalambrico,15,34978.94,tarjeta
V-26095,2026-05-19,Ferreteria Nuñez,Servicio de consultoria,16,35115.95,efectivo
V-26096,2026-05-20,Estudio Contable RyR,Toner HP,17,35252.96,transferencia
V-26097,2026-05-21,Bar La Esquina,Servicio mensual,18,35389.97,tarjeta
V-26098,2026-05-22,Distribuidora Sur,Cuaderno,19,35526.98,efectivo
V-26099,2026-05-23,Panaderia Ortiz,Mouse inalambrico,20,35663.99,transferencia
V-26100,2026-05-24,Optica Vision,Servicio de consultoria,1,35800.00,tarjeta
V-26101,2026-05-25,Tech Solutions,Toner HP,2,35937.01,efectivo
V-26102,2026-05-26,Farmacia Central,Servicio mensual,3,36074.02,transferencia
V-26103,2026-05-27,Hotel Plaza,Cuaderno,4,36211.03,tarjeta
V-26104,2026-05-28,Comercial Andrade,Mouse inalambrico,5,36348.04,efectivo
V-26105,2026-05-01,Garcia SA,Servicio de consultoria,6,36485.05,transferencia
V-26106,2026-05-02,Juan Perez,Toner HP,7,36622.06,tarjeta
V-26107,2026-05-03,Marta Gomez,Servicio mensual,8,36759.07,efectivo
V-26108,2026-05-04,Kiosco El Sol,Cuaderno,9,36896.08,transferencia
V-26109,2026-05-05,Ferreteria Nuñez,Mouse inalambrico,10,37033.09,tarjeta
V-26110,2026-05-06,Estudio Contable RyR,Servicio de consultoria,11,37170.10,efectivo
V-26111,2026-05-07,Bar La Esquina,Toner HP,12,37307.11,transferencia
V-26112,2026-05-08,Distribuidora Sur,Servicio mensual,13,37444.12,tarjeta
V-26113,2026-05-09,Panaderia Ortiz,Cuaderno,14,37581.13,efectivo
V-26114,2026-05-10,Optica Vision,Mouse inalambrico,15,37718.14,transferencia
V-26115,2026-05-11,Tech Solutions,Servicio de consultoria,16,37855.15,tarjeta
V-26116,2026-05-12,Farmacia Central,Toner HP,17,37992.16,efectivo
V-26117,2026-05-13,Hotel Plaza,Servicio mensual,18,38129.17,transferencia
V-26118,2026-05-14,Comercial Andrade,Cuaderno,19,38266.18,tarjeta
V-26119,2026-05-15,Garcia SA,Mouse inalambrico,20,38403.19,efectivo
V-26120,2026-05-16,Juan Perez,Servicio de consultoria,1,38540.20,transferencia
V-26121,2026-05-17,Marta Gomez,Toner HP,2,38677.21,tarjeta
V-26122,2026-05-18,Kiosco El Sol,Servicio mensual,3,38814.22,efectivo
V-26123,2026-05-19,Ferreteria Nuñez,Cuaderno,4,38951.23,transferencia
V-26124,2026-05-20,Estudio Contable RyR,Mouse inalambrico,5,39088.24,tarjeta
V-26125,2026-05-21,Bar La Esquina,Servicio de consultoria,6,39225.25,efectivo
V-26126,2026-05-22,Distribuidora Sur,Toner HP,7,39362.26,transferencia
V-26127,2026-05-23,Panaderia Ortiz,Servicio mensual,8,39499.27,tarjeta
V-26128,2026-05-24,Optica Vision,Cuaderno,9,39636.28,efectivo
V-26129,2026-05-25,Tech Solutions,Mouse inalambrico,10,39773.29,transferencia
V-26130,2026-05-26,Farmacia Central,Servicio de consultoria,11,39910.30,tarjeta
V-26131,2026-05-27,Hotel Plaza,Toner HP,12,40047.31,efectivo
V-26132,2026-05-28,Comercial Andrade,Servicio mensual,13,40184.32,transferencia
V-26133,2026-05-01,Garcia SA,Cuaderno,14,40321.33,tarjeta
V-26134,2026-05-02,Juan Perez,Mouse inalambrico,15,40458.34,efectivo
V-26135,2026-05-03,Marta Gomez,Servicio de consultoria,16,40595.35,transferencia
V-26136,2026-05-04,Kiosco El Sol,Toner HP,17,40732.36,tarjeta
V-26137,2026-05-05,Ferreteria Nuñez,Servicio mensual,18,40869.37,efectivo
V-26138,2026-05-06,Estudio Contable RyR,Cuaderno,19,41006.38,transferencia
V-26139,2026-05-07,Bar La Esquina,Mouse inalambrico,20,41143.39,tarjeta
V-26140,2026-05-08,Distribuidora Sur,Servicio de consultoria,1,41280.40,efectivo
V-26141,2026-05-09,Panaderia Ortiz,Toner HP,2,41417.41,transferencia
V-26142,2026-05-10,Optica Vision,Servicio mensual,3,41554.42,tarjeta
V-26143,2026-05-11,Tech Solutions,Cuaderno,4,41691.43,efectivo
V-26144,2026-05-12,Farmacia Central,Mouse inalambrico,5,41828.44,transferencia
V-26145,2026-05-13,Hotel Plaza,Servicio de consultoria,6,41965.45,tarjeta
V-26146,2026-05-14,Comercial Andrade,Toner HP,7,42102.46,efectivo
V-26147,2026-05-15,Garcia SA,Servicio mensual,8,42239.47,transferencia
V-26148,2026-05-16,Juan Perez,Cuaderno,9,42376.48,tarjeta
V-26149,2026-05-17,Marta Gomez,Mouse inalambrico,10,42513.49,efectivo
V-26150,2026-05-18,Kiosco El Sol,Servicio de consultoria,11,42650.50,transferencia
V-26151,2026-05-19,Ferreteria Nuñez,Toner HP,12,42787.51,tarjeta
V-26152,2026-05-20,Estudio Contable RyR,Servicio mensual,13,42924.52,efectivo
V-26153,2026-05-21,Bar La Esquina,Cuaderno,14,43061.53,transferencia
V-26154,2026-05-22,Distribuidora Sur,Mouse inalambrico,15,43198.54,tarjeta
V-26155,2026-05-23,Panaderia Ortiz,Servicio de consultoria,16,43335.55,efectivo
V-26156,2026-05-24,Optica Vision,Toner HP,17,43472.56,transferencia
V-26157,2026-05-25,Tech Solutions,Servicio mensual,18,43609.57,tarjeta
V-26158,2026-05-26,Farmacia Central,Cuaderno,19,43746.58,efectivo
V-26159,2026-05-27,Hotel Plaza,Mouse inalambrico,20,43883.59,transferencia
V-26160,2026-05-28,Comercial Andrade,Servicio de consultoria,1,44020.60,tarjeta
V-26161,2026-05-01,Garcia SA,Toner HP,2,44157.61,efectivo
V-26162,2026-05-02,Juan Perez,Servicio mensual,3,44294.62,transferencia
V-26163,2026-05-03,Marta Gomez,Cuaderno,4,44431.63,tarjeta
V-26164,2026-05-04,Kiosco El Sol,Mouse inalambrico,5,44568.64,efectivo
V-26165,2026-05-05,Ferreteria Nuñez,Servicio de consultoria,6,44705.65,transferencia
V-26166,2026-05-06,Estudio Contable RyR,Toner HP,7,44842.66,tarjeta
V-26167,2026-05-07,Bar La Esquina,Servicio mensual,8,44979.67,efectivo
V-26168,2026-05-08,Distribuidora Sur,Cuaderno,9,45116.68,transferencia
V-26169,2026-05-09,Panaderia Ortiz,Mouse inalambrico,10,45253.69,tarjeta
V-26170,2026-05-10,Optica Vision,Servicio de consultoria,11,45390.70,efectivo
V-26171,2026-05-11,Tech Solutions,Toner HP,12,45527.71,transferencia
V-26172,2026-05-12,Farmacia Central,Servicio mensual,13,45664.72,tarjeta
V-26173,2026-05-13,Hotel Plaza,Cuaderno,14,45801.73,efectivo
V-26174,2026-05-14,Comercial Andrade,Mouse inalambrico,15,45938.74,transferencia
V-26175,2026-05-15,Garcia SA,Servicio de consultoria,16,46075.75,tarjeta
V-26176,2026-05-16,Juan Perez,Toner HP,17,46212.76,efectivo
V-26177,2026-05-17,Marta Gomez,Servicio mensual,18,46349.77,transferencia
V-26178,2026-05-18,Kiosco El Sol,Cuaderno,19,46486.78,tarjeta
V-26179,2026-05-19,Ferreteria Nuñez,Mouse inalambrico,20,46623.79,efectivo
V-26180,2026-05-20,Estudio Contable RyR,Servicio de consultoria,1,46760.80,transferencia
V-26181,2026-05-21,Bar La Esquina,Toner HP,2,46897.81,tarjeta
V-26182,2026-05-22,Distribuidora Sur,Servicio mensual,3,47034.82,efectivo
V-26183,2026-05-23,Panaderia Ortiz,Cuaderno,4,47171.83,transferencia
V-26184,2026-05-24,Optica Vision,Mouse inalambrico,5,47308.84,tarjeta
V-26185,2026-05-25,Tech Solutions,Servicio de consultoria,6,47445.85,efectivo
V-26186,2026-05-26,Farmacia Central,Toner HP,7,47582.86,transferencia
V-26187,2026-05-27,Hotel Plaza,Servicio mensual,8,47719.87,tarjeta
V-26188,2026-05-28,Comercial Andrade,Cuaderno,9,47856.88,efectivo
V-26189,2026-05-01,Garcia SA,Mouse inalambrico,10,47993.89,transferencia
V-26190,2026-05-02,Juan Perez,Servicio de consultoria,11,48130.90,tarjeta
V-26191,2026-05-03,Marta Gomez,Toner HP,12,48267.91,efectivo
V-26192,2026-05-04,Kiosco El Sol,Servicio mensual,13,48404.92,transferencia
V-26193,2026-05-05,Ferreteria Nuñez,Cuaderno,14,48541.93,tarjeta
V-26194,2026-05-06,Estudio Contable RyR,Mouse inalambrico,15,48678.94,efectivo
V-26195,2026-05-07,Bar La Esquina,Servicio de consultoria,16,48815.95,transferencia
V-26196,2026-05-08,Distribuidora Sur,Toner HP,17,48952.96,tarjeta
V-26197,2026-05-09,Panaderia Ortiz,Servicio mensual,18,49089.97,efectivo
V-26198,2026-05-10,Optica Vision,Cuaderno,19,49226.98,transferencia
V-26199,2026-05-11,Tech Solutions,Mouse inalambrico,20,49363.99,tarjeta
V-26200,2026-05-12,Farmacia Central,Servicio de consultoria,1,49500.00,efectivo
V-26201,2026-05-13,Hotel Plaza,Toner HP,2,49637.01,transferencia
V-26202,2026-05-14,Comercial Andrade,Servicio mensual,3,49774.02,tarjeta
V-26203,2026-05-15,Garcia SA,Cuaderno,4,49911.03,efectivo
V-26204,2026-05-16,Juan Perez,Mouse inalambrico,5,50048.04,transferencia
V-26205,2026-05-17,Marta Gomez,Servicio de consultoria,6,185.05,tarjeta
V-26206,2026-05-18,Kiosco El Sol,Toner HP,7,322.06,efectivo
V-26207,2026-05-19,Ferreteria Nuñez,Servicio mensual,8,459.07,transferencia
V-26208,2026-05-20,Estudio Contable RyR,Cuaderno,9,596.08,tarjeta
V-26209,2026-05-21,Bar La Esquina,Mouse inalambrico,10,733.09,efectivo
V-26210,2026-05-22,Distribuidora Sur,Servicio de consultoria,11,870.10,transferencia
V-26211,2026-05-23,Panaderia Ortiz,Toner HP,12,1007.11,tarjeta
V-26212,2026-05-24,Optica Vision,Servicio mensual,13,1144.12,efectivo
V-26213,2026-05-25,Tech Solutions,Cuaderno,14,1281.13,transferencia
V-26214,2026-05-26,Farmacia Central,Mouse inalambrico,15,1418.14,tarjeta
V-26215,2026-05-27,Hotel Plaza,Servicio de consultoria,16,1555.15,efectivo
V-26216,2026-05-28,Comercial Andrade,Toner HP,17,1692.16,transferencia
V-26217,2026-05-01,Garcia SA,Servicio mensual,18,1829.17,tarjeta
V-26218,2026-05-02,Juan Perez,Cuaderno,19,1966.18,efectivo
V-26219,2026-05-03,Marta Gomez,Mouse inalambrico,20,2103.19,transferencia
V-26220,2026-05-04,Kiosco El Sol,Servicio de consultoria,1,2240.20,tarjeta
V-26221,2026-05-05,Ferreteria Nuñez,Toner HP,2,2377.21,efectivo
V-26222,2026-05-06,Estudio Contable RyR,Servicio mensual,3,2514.22,transferencia
V-26223,2026-05-07,Bar La Esquina,Cuaderno,4,2651.23,tarjeta
V-26224,2026-05-08,Distribuidora Sur,Mouse inalambrico,5,2788.24,efectivo
V-26225,2026-05-09,Panaderia Ortiz,Servicio de consultoria,6,2925.25,transferencia
V-26226,2026-05-10,Optica Vision,Toner HP,7,3062.26,tarjeta
V-26227,2026-05-11,Tech Solutions,Servicio mensual,8,3199.27,efectivo
V-26228,2026-05-12,Farmacia Central,Cuaderno,9,3336.28,transferencia
V-26229,2026-05-13,Hotel Plaza,Mouse inalambrico,10,3473.29,tarjeta
V-26230,2026-05-14,Comercial Andrade,Servicio de consultoria,11,3610.30,efectivo
V-26231,2026-05-15,Garcia SA,Toner HP,12,3747.31,transferencia
V-26232,2026-05-16,Juan Perez,Servicio mensual,13,3884.32,tarjeta
V-26233,2026-05-17,Marta Gomez,Cuaderno,14,4021.33,efectivo
V-26234,2026-05-18,Kiosco El Sol,Mouse inalambrico,15,4158.34,transferencia
V-26235,2026-05-19,Ferreteria Nuñez,Servicio de consultoria,16,4295.35,tarjeta
V-26236,2026-05-20,Estudio Contable RyR,Toner HP,17,4432.36,efectivo
V-26237,2026-05-21,Bar La Esquina,Servicio mensual,18,4569.37,transferencia
V-26238,2026-05-22,Distribuidora Sur,Cuaderno,19,4706.38,tarjeta
V-26239,2026-05-23,Panaderia Ortiz,Mouse inalambrico,20,4843.39,efectivo
V-26240,2026-05-24,Optica Vision,Servicio de consultoria,1,4980.40,transferencia
V-26241,2026-05-25,Tech Solutions,Toner HP,2,5117.41,tarjeta
V-26242,2026-05-26,Farmacia Central,Servicio mensual,3,5254.42,efectivo
V-26243,2026-05-27,Hotel Plaza,Cuaderno,4,5391.43,transferencia
V-26244,2026-05-28,Comercial Andrade,Mouse inalambrico,5,5528.44,tarjeta
V-26245,2026-05-01,Garcia SA,Servicio de consultoria,6,5665.45,efectivo
V-26246,2026-05-02,Juan Perez,Toner HP,7,5802.46,transferencia
V-26247,2026-05-03,Marta Gomez,Servicio mensual,8,5939.47,tarjeta
V-26248,2026-05-04,Kiosco El Sol,Cuaderno,9,6076.48,efectivo
V-26249,2026-05-05,Ferreteria Nuñez,Mouse inalambrico,10,6213.49,transferencia
V-26250,2026-05-06,Estudio Contable RyR,Servicio de consultoria,11,6350.50,tarjeta
V-26251,2026-05-07,Bar La Esquina,Toner HP,12,6487.51,efectivo
V-26252,2026-05-08,Distribuidora Sur,Servicio mensual,13,6624.52,transferencia
V-26253,2026-05-09,Panaderia Ortiz,Cuaderno,14,6761.53,tarjeta
V-26254,2026-05-10,Optica Vision,Mouse inalambrico,15,6898.54,efectivo
V-26255,2026-05-11,Tech Solutions,Servicio de consultoria,16,7035.55,transferencia
V-26256,2026-05-12,Farmacia Central,Toner HP,17,7172.56,tarjeta
V-26257,2026-05-13,Hotel Plaza,Servicio mensual,18,7309.57,efectivo
V-26258,2026-05-14,Comercial Andrade,Cuaderno,19,7446.58,transferencia
V-26259,2026-05-15,Garcia SA,Mouse inalambrico,20,7583.59,tarjeta
V-26260,2026-05-16,Juan Perez,Servicio de consultoria,1,7720.60,efectivo
V-26261,2026-05-17,Marta Gomez,Toner HP,2,7857.61,transferencia
V-26262,2026-05-18,Kiosco El Sol,Servicio mensual,3,7994.62,tarjeta
V-26263,2026-05-19,Ferreteria Nuñez,Cuaderno,4,8131.63,efectivo
V-26264,2026-05-20,Estudio Contable RyR,Mouse inalambrico,5,8268.64,transferencia
V-26265,2026-05-21,Bar La Esquina,Servicio de consultoria,6,8405.65,tarjeta
V-26266,2026-05-22,Distribuidora Sur,Toner HP,7,8542.66,efectivo
V-26267,2026-05-23,Panaderia Ortiz,Servicio mensual,8,8679.67,transferencia
V-26268,2026-05-24,Optica Vision,Cuaderno,9,8816.68,tarjeta
V-26269,2026-05-25,Tech Solutions,Mouse inalambrico,10,8953.69,efectivo
V-26270,2026-05-26,Farmacia Central,Servicio de consultoria,11,9090.70,transferencia
V-26271,2026-05-27,Hotel Plaza,Toner HP,12,9227.71,tarjeta
V-26272,2026-05-28,Comercial Andrade,Servicio mensual,13,9364.72,efectivo
V-26273,2026-05-01,Garcia SA,Cuaderno,14,9501.73,transferencia
V-26274,2026-05-02,Juan Perez,Mouse inalambrico,15,9638.74,tarjeta
V-26275,2026-05-03,Marta Gomez,Servicio de consultoria,16,9775.75,efectivo
V-26276,2026-05-04,Kiosco El Sol,Toner HP,17,9912.76,transferencia
V-26277,2026-05-05,Ferreteria Nuñez,Servicio mensual,18,10049.77,tarjeta
V-26278,2026-05-06,Estudio Contable RyR,Cuaderno,19,10186.78,efectivo
V-26279,2026-05-07,Bar La Esquina,Mouse inalambrico,20,10323.79,transferencia
V-26280,2026-05-08,Distribuidora Sur,Servicio de consultoria,1,10460.80,tarjeta
V-26281,2026-05-09,Panaderia Ortiz,Toner HP,2,10597.81,efectivo
V-26282,2026-05-10,Optica Vision,Servicio mensual,3,10734.82,transferencia
V-26283,2026-05-11,Tech Solutions,Cuaderno,4,10871.83,tarjeta
V-26284,2026-05-12,Farmacia Central,Mouse inalambrico,5,11008.84,efectivo
V-26285,2026-05-13,Hotel Plaza,Servicio de consultoria,6,11145.85,transferencia
V-26286,2026-05-14,Comercial Andrade,Toner HP,7,11282.86,tarjeta
V-26287,2026-05-15,Garcia SA,Servicio mensual,8,11419.87,efectivo
V-26288,2026-05-16,Juan Perez,Cuaderno,9,11556.88,transferencia
V-26289,2026-05-17,Marta Gomez,Mouse inalambrico,10,11693.89,tarjeta
V-26290,2026-05-18,Kiosco El Sol,Servicio de consultoria,11,11830.90,efectivo
V-26291,2026-05-19,Ferreteria Nuñez,Toner HP,12,11967.91,transferencia
V-26292,2026-05-20,Estudio Contable RyR,Servicio mensual,13,12104.92,tarjeta
V-26293,2026-05-21,Bar La Esquina,Cuaderno,14,12241.93,efectivo
V-26294,2026-05-22,Distribuidora Sur,Mouse inalambrico,15,12378.94,transferencia
V-26295,2026-05-23,Panaderia Ortiz,Servicio de consultoria,16,12515.95,tarjeta
V-26296,2026-05-24,Optica Vision,Toner HP,17,12652.96,efectivo
V-26297,2026-05-25,Tech Solutions,Servicio mensual,18,12789.97,transferencia
V-26298,2026-05-26,Farmacia Central,Cuaderno,19,12926.98,tarjeta
V-26299,2026-05-27,Hotel Plaza,Mouse inalambrico,20,13063.99,efectivo
V-26300,2026-05-28,Comercial Andrade,Servicio de consultoria,1,13200.00,transferencia
V-26301,2026-05-01,Garcia SA,Toner HP,2,13337.01,tarjeta
V-26302,2026-05-02,Juan Perez,Servicio mensual,3,13474.02,efectivo
V-26303,2026-05-03,Marta Gomez,Cuaderno,4,13611.03,transferencia
V-26304,2026-05-04,Kiosco El Sol,Mouse inalambrico,5,13748.04,tarjeta
V-26305,2026-05-05,Ferreteria Nuñez,Servicio de consultoria,6,13885.05,efectivo
V-26306,2026-05-06,Estudio Contable RyR,Toner HP,7,14022.06,transferencia
V-26307,2026-05-07,Bar La Esquina,Servicio mensual,8,14159.07,tarjeta
V-26308,2026-05-08,Distribuidora Sur,Cuaderno,9,14296.08,efectivo
V-26309,2026-05-09,Panaderia Ortiz,Mouse inalambrico,10,14433.09,transferencia
V-26310,2026-05-10,Optica Vision,Servicio de consultoria,11,14570.10,tarjeta
V-26311,2026-05-11,Tech Solutions,Toner HP,12,14707.11,efectivo
V-26312,2026-05-12,Farmacia Central,Servicio mensual,13,14844.12,transferencia
V-26313,2026-05-13,Hotel Plaza,Cuaderno,14,14981.13,tarjeta
V-26314,2026-05-14,Comercial Andrade,Mouse inalambrico,15,15118.14,efectivo
V-26315,2026-05-15,Garcia SA,Servicio de consultoria,16,15255.15,transferencia
V-26316,2026-05-16,Juan Perez,Toner HP,17,15392.16,tarjeta
V-26317,2026-05-17,Marta Gomez,Servicio mensual,18,15529.17,efectivo
V-26318,2026-05-18,Kiosco El Sol,Cuaderno,19,15666.18,transferencia
V-26319,2026-05-19,Ferreteria Nuñez,Mouse inalambrico,20,15803.19,tarjeta
V-26320,2026-05-20,Estudio Contable RyR,Servicio de consultoria,1,15940.20,efectivo
V-26321,2026-05-21,Bar La Esquina,Toner HP,2,16077.21,transferencia
V-26322,2026-05-22,Distribuidora Sur,Servicio mensual,3,16214.22,tarjeta
V-26323,2026-05-23,Panaderia Ortiz,Cuaderno,4,16351.23,efectivo
V-26324,2026-05-24,Optica Vision,Mouse inalambrico,5,16488.24,transferencia
V-26325,2026-05-25,Tech Solutions,Servicio de consultoria,6,16625.25,tarjeta
V-26326,2026-05-26,Farmacia Central,Toner HP,7,16762.26,efectivo
V-26327,2026-05-27,Hotel Plaza,Servicio mensual,8,16899.27,transferencia
V-26328,2026-05-28,Comercial Andrade,Cuaderno,9,17036.28,tarjeta
V-26329,2026-05-01,Garcia SA,Mouse inalambrico,10,17173.29,efectivo
V-26330,2026-05-02,Juan Perez,Servicio de consultoria,11,17310.30,transferencia
V-26331,2026-05-03,Marta Gomez,Toner HP,12,17447.31,tarjeta
V-26332,2026-05-04,Kiosco El Sol,Servicio mensual,13,17584.32,efectivo
V-26333,2026-05-05,Ferreteria Nuñez,Cuaderno,14,17721.33,transferencia
V-26334,2026-05-06,Estudio Contable RyR,Mouse inalambrico,15,17858.34,tarjeta
V-26335,2026-05-07,Bar La Esquina,Servicio de consultoria,16,17995.35,efectivo
V-26336,2026-05-08,Distribuidora Sur,Toner HP,17,18132.36,transferencia
V-26337,2026-05-09,Panaderia Ortiz,Servicio mensual,18,18269.37,tarjeta
V-26338,2026-05-10,Optica Vision,Cuaderno,19,18406.38,efectivo
V-26339,2026-05-11,Tech Solutions,Mouse inalambrico,20,18543.39,transferencia
V-26340,2026-05-12,Farmacia Central,Servicio de consultoria,1,18680.40,tarjeta
V-26341,2026-05-13,Hotel Plaza,Toner HP,2,18817.41,efectivo
V-26342,2026-05-14,Comercial Andrade,Servicio mensual,3,18954.42,transferencia
V-26343,2026-05-15,Garcia SA,Cuaderno,4,19091.43,tarjeta
V-26344,2026-05-16,Juan Perez,Mouse inalambrico,5,19228.44,efectivo
V-26345,2026-05-17,Marta Gomez,Servicio de consultoria,6,19365.45,transferencia
V-26346,2026-05-18,Kiosco El Sol,Toner HP,7,19502.46,tarjeta
V-26347,2026-05-19,Ferreteria Nuñez,Servicio mensual,8,19639.47,efectivo
V-26348,2026-05-20,Estudio Contable RyR,Cuaderno,9,19776.48,transferencia
V-26349,2026-05-21,Bar La Esquina,Mouse inalambrico,10,19913.49,tarjeta
V-26350,2026-05-22,Distribuidora Sur,Servicio de consultoria,11,20050.50,efectivo
V-26351,2026-05-23,Panaderia Ortiz,Toner HP,12,20187.51,transferencia
V-26352,2026-05-24,Optica Vision,Servicio mensual,13,20324.52,tarjeta
V-26353,2026-05-25,Tech Solutions,Cuaderno,14,20461.53,efectivo
V-26354,2026-05-26,Farmacia Central,Mouse inalambrico,15,20598.54,transferencia
V-26355,2026-05-27,Hotel Plaza,Servicio de consultoria,16,20735.55,tarjeta
V-26356,2026-05-28,Comercial Andrade,Toner HP,17,20872.56,efectivo
V-26357,2026-05-01,Garcia SA,Servicio mensual,18,21009.57,transferencia
V-26358,2026-05-02,Juan Perez,Cuaderno,19,21146.58,tarjeta
V-26359,2026-05-03,Marta Gomez,Mouse inalambrico,20,21283.59,efectivo
V-26360,2026-05-04,Kiosco El Sol,Servicio de consultoria,1,21420.60,transferencia
V-26361,2026-05-05,Ferreteria Nuñez,Toner HP,2,21557.61,tarjeta
V-26362,2026-05-06,Estudio Contable RyR,Servicio mensual,3,21694.62,efectivo
V-26363,2026-05-07,Bar La Esquina,Cuaderno,4,21831.63,transferencia
V-26364,2026-05-08,Distribuidora Sur,Mouse inalambrico,5,21968.64,tarjeta
V-26365,2026-05-09,Panaderia Ortiz,Servicio de consultoria,6,22105.65,efectivo
V-26366,2026-05-10,Optica Vision,Toner HP,7,22242.66,transferencia
V-26367,2026-05-11,Tech Solutions,Servicio mensual,8,22379.67,tarjeta
V-26368,2026-05-12,Farmacia Central,Cuaderno,9,22516.68,efectivo
V-26369,2026-05-13,Hotel Plaza,Mouse inalambrico,10,22653.69,transferencia
V-26370,2026-05-14,Comercial Andrade,Servicio de consultoria,11,22790.70,tarjeta
V-26371,2026-05-15,Garcia SA,Toner HP,12,22927.71,efectivo
V-26372,2026-05-16,Juan Perez,Servicio mensual,13,23064.72,transferencia
V-26373,2026-05-17,Marta Gomez,Cuaderno,14,23201.73,tarjeta
V-26374,2026-05-18,Kiosco El Sol,Mouse inalambrico,15,23338.74,efectivo
V-26375,2026-05-19,Ferreteria Nuñez,Servicio de consultoria,16,23475.75,transferencia
V-26376,2026-05-20,Estudio Contable RyR,Toner HP,17,23612.76,tarjeta
V-26377,2026-05-21,Bar La Esquina,Servicio mensual,18,23749.77,efectivo
V-26378,2026-05-22,Distribuidora Sur,Cuaderno,19,23886.78,transferencia
V-26379,2026-05-23,Panaderia Ortiz,Mouse inalambrico,20,24023.79,tarjeta
V-26380,2026-05-24,Optica Vision,Servicio de consultoria,1,24160.80,efectivo
V-26381,2026-05-25,Tech Solutions,Toner HP,2,24297.81,transferencia
V-26382,2026-05-26,Farmacia Central,Servicio mensual,3,24434.82,tarjeta
V-26383,2026-05-27,Hotel Plaza,Cuaderno,4,24571.83,efectivo
V-26384,2026-05-28,Comercial Andrade,Mouse inalambrico,5,24708.84,transferencia
V-26385,2026-05-01,Garcia SA,Servicio de consultoria,6,24845.85,tarjeta
V-26386,2026-05-02,Juan Perez,Toner HP,7,24982.86,efectivo
V-26387,2026-05-03,Marta Gomez,Servicio mensual,8,25119.87,transferencia
V-26388,2026-05-04,Kiosco El Sol,Cuaderno,9,25256.88,tarjeta
V-26389,2026-05-05,Ferreteria Nuñez,Mouse inalambrico,10,25393.89,efectivo
V-26390,2026-05-06,Estudio Contable RyR,Servicio de consultoria,11,25530.90,transferencia
V-26391,2026-05-07,Bar La Esquina,Toner HP,12,25667.91,tarjeta
V-26392,2026-05-08,Distribuidora Sur,Servicio mensual,13,25804.92,efectivo
V-26393,2026-05-09,Panaderia Ortiz,Cuaderno,14,25941.93,transferencia
V-26394,2026-05-10,Optica Vision,Mouse inalambrico,15,26078.94,tarjeta
V-26395,2026-05-11,Tech Solutions,Servicio de consultoria,16,26215.95,efectivo
V-26396,2026-05-12,Farmacia Central,Toner HP,17,26352.96,transferencia
V-26397,2026-05-13,Hotel Plaza,Servicio mensual,18,26489.97,tarjeta
V-26398,2026-05-14,Comercial Andrade,Cuaderno,19,26626.98,efectivo
V-26399,2026-05-15,Garcia SA,Mouse inalambrico,20,26763.99,transferencia
V-26400,2026-05-16,Juan Perez,Servicio de consultoria,1,26900.00,tarjeta
V-26401,2026-05-17,Marta Gomez,Toner HP,2,27037.01,efectivo
V-26402,2026-05-18,Kiosco El Sol,Servicio mensual,3,27174.02,transferencia
V-26403,2026-05-19,Ferreteria Nuñez,Cuaderno,4,27311.03,tarjeta
V-26404,2026-05-20,Estudio Contable RyR,Mouse inalambrico,5,27448.04,efectivo
V-26405,2026-05-21,Bar La Esquina,Servicio de consultoria,6,27585.05,transferencia
V-26406,2026-05-22,Distribuidora Sur,Toner HP,7,27722.06,tarjeta
V-26407,2026-05-23,Panaderia Ortiz,Servicio mensual,8,27859.07,efectivo
V-26408,2026-05-24,Optica Vision,Cuaderno,9,27996.08,transferencia
V-26409,2026-05-25,Tech Solutions,Mouse inalambrico,10,28133.09,tarjeta
V-26410,2026-05-26,Farmacia Central,Servicio de consultoria,11,28270.10,efectivo
V-26411,2026-05-27,Hotel Plaza,Toner HP,12,28407.11,transferencia
V-26412,2026-05-28,Comercial Andrade,Servicio mensual,13,28544.12,tarjeta
V-26413,2026-05-01,Garcia SA,Cuaderno,14,28681.13,efectivo
V-26414,2026-05-02,Juan Perez,Mouse inalambrico,15,28818.14,transferencia
V-26415,2026-05-03,Marta Gomez,Servicio de consultoria,16,28955.15,tarjeta
V-26416,2026-05-04,Kiosco El Sol,Toner HP,17,29092.16,efectivo
V-26417,2026-05-05,Ferreteria Nuñez,Servicio mensual,18,29229.17,transferencia
V-26418,2026-05-06,Estudio Contable RyR,Cuaderno,19,29366.18,tarjeta
V-26419,2026-05-07,Bar La Esquina,Mouse inalambrico,20,29503.19,efectivo
V-26420,2026-05-08,Distribuidora Sur,Servicio de consultoria,1,29640.20,transferencia
V-26421,2026-05-09,Panaderia Ortiz,Toner HP,2,29777.21,tarjeta
V-26422,2026-05-10,Optica Vision,Servicio mensual,3,29914.22,efectivo
V-26423,2026-05-11,Tech Solutions,Cuaderno,4,30051.23,transferencia
V-26424,2026-05-12,Farmacia Central,Mouse inalambrico,5,30188.24,tarjeta
V-26425,2026-05-13,Hotel Plaza,Servicio de consultoria,6,30325.25,efectivo
V-26426,2026-05-14,Comercial Andrade,Toner HP,7,30462.26,transferencia
V-26427,2026-05-15,Garcia SA,Servicio mensual,8,30599.27,tarjeta
V-26428,2026-05-16,Juan Perez,Cuaderno,9,30736.28,efectivo
V-26429,2026-05-17,Marta Gomez,Mouse inalambrico,10,30873.29,transferencia
V-26430,2026-05-18,Kiosco El Sol,Servicio de consultoria,11,31010.30,tarjeta
V-26431,2026-05-19,Ferreteria Nuñez,Toner HP,12,31147.31,efectivo
V-26432,2026-05-20,Estudio Contable RyR,Servicio mensual,13,31284.32,transferencia
V-26433,2026-05-21,Bar La Esquina,Cuaderno,14,31421.33,tarjeta
V-26434,2026-05-22,Distribuidora Sur,Mouse inalambrico,15,31558.34,efectivo
V-26435,2026-05-23,Panaderia Ortiz,Servicio de consultoria,16,31695.35,transferencia
V-26436,2026-05-24,Optica Vision,Toner HP,17,31832.36,tarjeta
V-26437,2026-05-25,Tech Solutions,Servicio mensual,18,31969.37,efectivo
V-26438,2026-05-26,Farmacia Central,Cuaderno,19,32106.38,transferencia
V-26439,2026-05-27,Hotel Plaza,Mouse inalambrico,20,32243.39,tarjeta
V-26440,2026-05-28,Comercial Andrade,Servicio de consultoria,1,32380.40,efectivo
V-26441,2026-05-01,Garcia SA,Toner HP,2,32517.41,transferencia
V-26442,2026-05-02,Juan Perez,Servicio mensual,3,32654.42,tarjeta
V-26443,2026-05-03,Marta Gomez,Cuaderno,4,32791.43,efectivo
V-26444,2026-05-04,Kiosco El Sol,Mouse inalambrico,5,32928.44,transferencia
V-26445,2026-05-05,Ferreteria Nuñez,Servicio de consultoria,6,33065.45,tarjeta
V-26446,2026-05-06,Estudio Contable RyR,Toner HP,7,33202.46,efectivo
V-26447,2026-05-07,Bar La Esquina,Servicio mensual,8,33339.47,transferencia
V-26448,2026-05-08,Distribuidora Sur,Cuaderno,9,33476.48,tarjeta
V-26449,2026-05-09,Panaderia Ortiz,Mouse inalambrico,10,33613.49,efectivo
V-26450,2026-05-10,Optica Vision,Servicio de consultoria,11,33750.50,transferencia
V-26451,2026-05-11,Tech Solutions,Toner HP,12,33887.51,tarjeta
V-26452,2026-05-12,Farmacia Central,Servicio mensual,13,34024.52,efectivo
V-26453,2026-05-13,Hotel Plaza,Cuaderno,14,34161.53,transferencia
V-26454,2026-05-14,Comercial Andrade,Mouse inalambrico,15,34298.54,tarjeta
V-26455,2026-05-15,Garcia SA,Servicio de consultoria,16,34435.55,efectivo
V-26456,2026-05-16,Juan Perez,Toner HP,17,34572.56,transferencia
V-26457,2026-05-17,Marta Gomez,Servicio mensual,18,34709.57,tarjeta
V-26458,2026-05-18,Kiosco El Sol,Cuaderno,19,34846.58,efectivo
V-26459,2026-05-19,Ferreteria Nuñez,Mouse inalambrico,20,34983.59,transferencia
V-26460,2026-05-20,Estudio Contable RyR,Servicio de consultoria,1,35120.60,tarjeta
V-26461,2026-05-21,Bar La Esquina,Toner HP,2,35257.61,efectivo
V-26462,2026-05-22,Distribuidora Sur,Servicio mensual,3,35394.62,transferencia
V-26463,2026-05-23,Panaderia Ortiz,Cuaderno,4,35531.63,tarjeta
V-26464,2026-05-24,Optica Vision,Mouse inalambrico,5,35668.64,efectivo
V-26465,2026-05-25,Tech Solutions,Servicio de consultoria,6,35805.65,transferencia
V-26466,2026-05-26,Farmacia Central,Toner HP,7,35942.66,tarjeta
V-26467,2026-05-27,Hotel Plaza,Servicio mensual,8,36079.67,efectivo
V-26468,2026-05-28,Comercial Andrade,Cuaderno,9,36216.68,transferencia
V-26469,2026-05-01,Garcia SA,Mouse inalambrico,10,36353.69,tarjeta
V-26470,2026-05-02,Juan Perez,Servicio de consultoria,11,36490.70,efectivo
V-26471,2026-05-03,Marta Gomez,Toner HP,12,36627.71,transferencia
V-26472,2026-05-04,Kiosco El Sol,Servicio mensual,13,36764.72,tarjeta
V-26473,2026-05-05,Ferreteria Nuñez,Cuaderno,14,36901.73,efectivo
V-26474,2026-05-06,Estudio Contable RyR,Mouse inalambrico,15,37038.74,transferencia
V-26475,2026-05-07,Bar La Esquina,Servicio de consultoria,16,37175.75,tarjeta
V-26476,2026-05-08,Distribuidora Sur,Toner HP,17,37312.76,efectivo
V-26477,2026-05-09,Panaderia Ortiz,Servicio mensual,18,37449.77,transferencia
V-26478,2026-05-10,Optica Vision,Cuaderno,19,37586.78,tarjeta
V-26479,2026-05-11,Tech Solutions,Mouse inalambrico,20,37723.79,efectivo
V-26480,2026-05-12,Farmacia Central,Servicio de consultoria,1,37860.80,transferencia
V-26481,2026-05-13,Hotel Plaza,Toner HP,2,37997.81,tarjeta
V-26482,2026-05-14,Comercial Andrade,Servicio mensual,3,38134.82,efectivo
V-26483,2026-05-15,Garcia SA,Cuaderno,4,38271.83,transferencia
V-26484,2026-05-16,Juan Perez,Mouse inalambrico,5,38408.84,tarjeta
V-26485,2026-05-17,Marta Gomez,Servicio de consultoria,6,38545.85,efectivo
V-26486,2026-05-18,Kiosco El Sol,Toner HP,7,38682.86,transferencia
V-26487,2026-05-19,Ferreteria Nuñez,Servicio mensual,8,38819.87,tarjeta
V-26488,2026-05-20,Estudio Contable RyR,Cuaderno,9,38956.88,efectivo
V-26489,2026-05-21,Bar La Esquina,Mouse inalambrico,10,39093.89,transferencia
V-26490,2026-05-22,Distribuidora Sur,Servicio de consultoria,11,39230.90,tarjeta
V-26491,2026-05-23,Panaderia Ortiz,Toner HP,12,39367.91,efectivo
V-26492,2026-05-24,Optica Vision,Servicio mensual,13,39504.92,transferencia
V-26493,2026-05-25,Tech Solutions,Cuaderno,14,39641.93,tarjeta
V-26494,2026-05-26,Farmacia Central,Mouse inalambrico,15,39778.94,efectivo
V-26495,2026-05-27,Hotel Plaza,Servicio de consultoria,16,39915.95,transferencia
V-26496,2026-05-28,Comercial Andrade,Toner HP,17,40052.96,tarjeta
V-26497,2026-05-01,Garcia SA,Servicio mensual,18,40189.97,efectivo
V-26498,2026-05-02,Juan Perez,Cuaderno,19,40326.98,transferencia
V-26499,2026-05-03,Marta Gomez,Mouse inalambrico,20,40463.99,tarjeta
V-26500,2026-05-04,Kiosco El Sol,Servicio de consultoria,1,40600.00,efectivo
V-26501,2026-05-05,Ferreteria Nuñez,Toner HP,2,40737.01,transferencia
V-26502,2026-05-06,Estudio Contable RyR,Servicio mensual,3,40874.02,tarjeta
V-26503,2026-05-07,Bar La Esquina,Cuaderno,4,41011.03,efectivo
V-26504,2026-05-08,Distribuidora Sur,Mouse inalambrico,5,41148.04,transferencia
V-26505,2026-05-09,Panaderia Ortiz,Servicio de consultoria,6,41285.05,tarjeta
V-26506,2026-05-10,Optica Vision,Toner HP,7,41422.06,efectivo
V-26507,2026-05-11,Tech Solutions,Servicio mensual,8,41559.07,transferencia
V-26508,2026-05-12,Farmacia Central,Cuaderno,9,41696.08,tarjeta
V-26509,2026-05-13,Hotel Plaza,Mouse inalambrico,10,41833.09,efectivo
V-26510,2026-05-14,Comercial Andrade,Servicio de consultoria,11,41970.10,transferencia
V-26511,2026-05-15,Garcia SA,Toner HP,12,42107.11,tarjeta
V-26512,2026-05-16,Juan Perez,Servicio mensual,13,42244.12,efectivo
V-26513,2026-05-17,Marta Gomez,Cuaderno,14,42381.13,transferencia
V-26514,2026-05-18,Kiosco El Sol,Mouse inalambrico,15,42518.14,tarjeta
V-26515,2026-05-19,Ferreteria Nuñez,Servicio de consultoria,16,42655.15,efectivo
V-26516,2026-05-20,Estudio Contable RyR,Toner HP,17,42792.16,transferencia
V-26517,2026-05-21,Bar La Esquina,Servicio mensual,18,42929.17,tarjeta
V-26518,2026-05-22,Distribuidora Sur,Cuaderno,19,43066.18,efectivo
V-26519,2026-05-23,Panaderia Ortiz,Mouse inalambrico,20,43203.19,transferencia
V-26520,2026-05-24,Optica Vision,Servicio de consultoria,1,43340.20,tarjeta
V-26521,2026-05-25,Tech Solutions,Toner HP,2,43477.21,efectivo
V-26522,2026-05-26,Farmacia Central,Servicio mensual,3,43614.22,transferencia
V-26523,2026-05-27,Hotel Plaza,Cuaderno,4,43751.23,tarjeta
V-26524,2026-05-28,Comercial Andrade,Mouse inalambrico,5,43888.24,efectivo
V-26525,2026-05-01,Garcia SA,Servicio de consultoria,6,44025.25,transferencia
V-26526,2026-05-02,Juan Perez,Toner HP,7,44162.26,tarjeta
V-26527,2026-05-03,Marta Gomez,Servicio mensual,8,44299.27,efectivo
V-26528,2026-05-04,Kiosco El Sol,Cuaderno,9,44436.28,transferencia
V-26529,2026-05-05,Ferreteria Nuñez,Mouse inalambrico,10,44573.29,tarjeta
V-26530,2026-05-06,Estudio Contable RyR,Servicio de consultoria,11,44710.30,efectivo
V-26531,2026-05-07,Bar La Esquina,Toner HP,12,44847.31,transferencia
V-26532,2026-05-08,Distribuidora Sur,Servicio mensual,13,44984.32,tarjeta
V-26533,2026-05-09,Panaderia Ortiz,Cuaderno,14,45121.33,efectivo
V-26534,2026-05-10,Optica Vision,Mouse inalambrico,15,45258.34,transferencia
V-26535,2026-05-11,Tech Solutions,Servicio de consultoria,16,45395.35,tarjeta
V-26536,2026-05-12,Farmacia Central,Toner HP,17,45532.36,efectivo
V-26537,2026-05-13,Hotel Plaza,Servicio mensual,18,45669.37,transferencia
V-26538,2026-05-14,Comercial Andrade,Cuaderno,19,45806.38,tarjeta
V-26539,2026-05-15,Garcia SA,Mouse inalambrico,20,45943.39,efectivo
V-26540,2026-05-16,Juan Perez,Servicio de consultoria,1,46080.40,transferencia
V-26541,2026-05-17,Marta Gomez,Toner HP,2,46217.41,tarjeta
V-26542,2026-05-18,Kiosco El Sol,Servicio mensual,3,46354.42,efectivo
V-26543,2026-05-19,Ferreteria Nuñez,Cuaderno,4,46491.43,transferencia
V-26544,2026-05-20,Estudio Contable RyR,Mouse inalambrico,5,46628.44,tarjeta
V-26545,2026-05-21,Bar La Esquina,Servicio de consultoria,6,46765.45,efectivo
V-26546,2026-05-22,Distribuidora Sur,Toner HP,7,46902.46,transferencia
V-26547,2026-05-23,Panaderia Ortiz,Servicio mensual,8,47039.47,tarjeta
V-26548,2026-05-24,Optica Vision,Cuaderno,9,47176.48,efectivo
V-26549,2026-05-25,Tech Solutions,Mouse inalambrico,10,47313.49,transferencia
V-26550,2026-05-26,Farmacia Central,Servicio de consultoria,11,47450.50,tarjeta
V-26551,2026-05-27,Hotel Plaza,Toner HP,12,47587.51,efectivo
V-26552,2026-05-28,Comercial Andrade,Servicio mensual,13,47724.52,transferencia
V-26553,2026-05-01,Garcia SA,Cuaderno,14,47861.53,tarjeta
V-26554,2026-05-02,Juan Perez,Mouse inalambrico,15,47998.54,efectivo
V-26555,2026-05-03,Marta Gomez,Servicio de consultoria,16,48135.55,transferencia
V-26556,2026-05-04,Kiosco El Sol,Toner HP,17,48272.56,tarjeta
V-26557,2026-05-05,Ferreteria Nuñez,Servicio mensual,18,48409.57,efectivo
V-26558,2026-05-06,Estudio Contable RyR,Cuaderno,19,48546.58,transferencia
V-26559,2026-05-07,Bar La Esquina,Mouse inalambrico,20,48683.59,tarjeta
V-26560,2026-05-08,Distribuidora Sur,Servicio de consultoria,1,48820.60,efectivo
V-26561,2026-05-09,Panaderia Ortiz,Toner HP,2,48957.61,transferencia
V-26562,2026-05-10,Optica Vision,Servicio mensual,3,49094.62,tarjeta
V-26563,2026-05-11,Tech Solutions,Cuaderno,4,49231.63,efectivo
V-26564,2026-05-12,Farmacia Central,Mouse inalambrico,5,49368.64,transferencia
V-26565,2026-05-13,Hotel Plaza,Servicio de consultoria,6,49505.65,tarjeta
V-26566,2026-05-14,Comercial Andrade,Toner HP,7,49642.66,efectivo
V-26567,2026-05-15,Garcia SA,Servicio mensual,8,49779.67,transferencia
V-26568,2026-05-16,Juan Perez,Cuaderno,9,49916.68,tarjeta
V-26569,2026-05-17,Marta Gomez,Mouse inalambrico,10,50053.69,efectivo
V-26570,2026-05-18,Kiosco El Sol,Servicio de consultoria,11,190.70,transferencia
V-26571,2026-05-19,Ferreteria Nuñez,Toner HP,12,327.71,tarjeta
V-26572,2026-05-20,Estudio Contable RyR,Servicio mensual,13,464.72,efectivo
V-26573,2026-05-21,Bar La Esquina,Cuaderno,14,601.73,transferencia
V-26574,2026-05-22,Distribuidora Sur,Mouse inalambrico,15,738.74,tarjeta
V-26575,2026-05-23,Panaderia Ortiz,Servicio de consultoria,16,875.75,efectivo
V-26576,2026-05-24,Optica Vision,Toner HP,17,1012.76,transferencia
V-26577,2026-05-25,Tech Solutions,Servicio mensual,18,1149.77,tarjeta
V-26578,2026-05-26,Farmacia Central,Cuaderno,19,1286.78,efectivo
V-26579,2026-05-27,Hotel Plaza,Mouse inalambrico,20,1423.79,transferencia
V-26580,2026-05-28,Comercial Andrade,Servicio de consultoria,1,1560.80,tarjeta
V-26581,2026-05-01,Garcia SA,Toner HP,2,1697.81,efectivo
V-26582,2026-05-02,Juan Perez,Servicio mensual,3,1834.82,transferencia
V-26583,2026-05-03,Marta Gomez,Cuaderno,4,1971.83,tarjeta
V-26584,2026-05-04,Kiosco El Sol,Mouse inalambrico,5,2108.84,efectivo
V-26585,2026-05-05,Ferreteria Nuñez,Servicio de consultoria,6,2245.85,transferencia
V-26586,2026-05-06,Estudio Contable RyR,Toner HP,7,2382.86,tarjeta
V-26587,2026-05-07,Bar La Esquina,Servicio mensual,8,2519.87,efectivo
V-26588,2026-05-08,Distribuidora Sur,Cuaderno,9,2656.88,transferencia
V-26589,2026-05-09,Panaderia Ortiz,Mouse inalambrico,10,2793.89,tarjeta
V-26590,2026-05-10,Optica Vision,Servicio de consultoria,11,2930.90,efectivo
V-26591,2026-05-11,Tech Solutions,Toner HP,12,3067.91,transferencia
V-26592,2026-05-12,Farmacia Central,Servicio mensual,13,3204.92,tarjeta
V-26593,2026-05-13,Hotel Plaza,Cuaderno,14,3341.93,efectivo
V-26594,2026-05-14,Comercial Andrade,Mouse inalambrico,15,3478.94,transferencia
V-26595,2026-05-15,Garcia SA,Servicio de consultoria,16,3615.95,tarjeta
V-26596,2026-05-16,Juan Perez,Toner HP,17,3752.96,efectivo
V-26597,2026-05-17,Marta Gomez,Servicio mensual,18,3889.97,transferencia
V-26598,2026-05-18,Kiosco El Sol,Cuaderno,19,4026.98,tarjeta
V-26599,2026-05-19,Ferreteria Nuñez,Mouse inalambrico,20,4163.99,efectivo
V-26600,2026-05-20,Estudio Contable RyR,Servicio de consultoria,1,4300.00,transferencia
V-26601,2026-05-21,Bar La Esquina,Toner HP,2,4437.01,tarjeta
V-26602,2026-05-22,Distribuidora Sur,Servicio mensual,3,4574.02,efectivo
V-26603,2026-05-23,Panaderia Ortiz,Cuaderno,4,4711.03,transferencia
V-26604,2026-05-24,Optica Vision,Mouse inalambrico,5,4848.04,tarjeta
V-26605,2026-05-25,Tech Solutions,Servicio de consultoria,6,4985.05,efectivo
V-26606,2026-05-26,Farmacia Central,Toner HP,7,5122.06,transferencia
V-26607,2026-05-27,Hotel Plaza,Servicio mensual,8,5259.07,tarjeta
V-26608,2026-05-28,Comercial Andrade,Cuaderno,9,5396.08,efectivo
V-26609,2026-05-01,Garcia SA,Mouse inalambrico,10,5533.09,transferencia
V-26610,2026-05-02,Juan Perez,Servicio de consultoria,11,5670.10,tarjeta
V-26611,2026-05-03,Marta Gomez,Toner HP,12,5807.11,efectivo
V-26612,2026-05-04,Kiosco El Sol,Servicio mensual,13,5944.12,transferencia
V-26613,2026-05-05,Ferreteria Nuñez,Cuaderno,14,6081.13,tarjeta
V-26614,2026-05-06,Estudio Contable RyR,Mouse inalambrico,15,6218.14,efectivo
V-26615,2026-05-07,Bar La Esquina,Servicio de consultoria,16,6355.15,transferencia
V-26616,2026-05-08,Distribuidora Sur,Toner HP,17,6492.16,tarjeta
V-26617,2026-05-09,Panaderia Ortiz,Servicio mensual,18,6629.17,efectivo
V-26618,2026-05-10,Optica Vision,Cuaderno,19,6766.18,transferencia
V-26619,2026-05-11,Tech Solutions,Mouse inalambrico,20,6903.19,tarjeta
V-26620,2026-05-12,Farmacia Central,Servicio de consultoria,1,7040.20,efectivo
V-26621,2026-05-13,Hotel Plaza,Toner HP,2,7177.21,transferencia
V-26622,2026-05-14,Comercial Andrade,Servicio mensual,3,7314.22,tarjeta
V-26623,2026-05-15,Garcia SA,Cuaderno,4,7451.23,efectivo
V-26624,2026-05-16,Juan Perez,Mouse inalambrico,5,7588.24,transferencia
V-26625,2026-05-17,Marta Gomez,Servicio de consultoria,6,7725.25,tarjeta
V-26626,2026-05-18,Kiosco El Sol,Toner HP,7,7862.26,efectivo
V-26627,2026-05-19,Ferreteria Nuñez,Servicio mensual,8,7999.27,transferencia
V-26628,2026-05-20,Estudio Contable RyR,Cuaderno,9,8136.28,tarjeta
V-26629,2026-05-21,Bar La Esquina,Mouse inalambrico,10,8273.29,efectivo
V-26630,2026-05-22,Distribuidora Sur,Servicio de consultoria,11,8410.30,transferencia
V-26631,2026-05-23,Panaderia Ortiz,Toner HP,12,8547.31,tarjeta
V-26632,2026-05-24,Optica Vision,Servicio mensual,13,8684.32,efectivo
V-26633,2026-05-25,Tech Solutions,Cuaderno,14,8821.33,transferencia
V-26634,2026-05-26,Farmacia Central,Mouse inalambrico,15,8958.34,tarjeta
V-26635,2026-05-27,Hotel Plaza,Servicio de consultoria,16,9095.35,efectivo
V-26636,2026-05-28,Comercial Andrade,Toner HP,17,9232.36,transferencia
V-26637,2026-05-01,Garcia SA,Servicio mensual,18,9369.37,tarjeta
V-26638,2026-05-02,Juan Perez,Cuaderno,19,9506.38,efectivo
V-26639,2026-05-03,Marta Gomez,Mouse inalambrico,20,9643.39,transferencia
V-26640,2026-05-04,Kiosco El Sol,Servicio de consultoria,1,9780.40,tarjeta
V-26641,2026-05-05,Ferreteria Nuñez,Toner HP,2,9917.41,efectivo
V-26642,2026-05-06,Estudio Contable RyR,Servicio mensual,3,10054.42,transferencia
V-26643,2026-05-07,Bar La Esquina,Cuaderno,4,10191.43,tarjeta
V-26644,2026-05-08,Distribuidora Sur,Mouse inalambrico,5,10328.44,efectivo
V-26645,2026-05-09,Panaderia Ortiz,Servicio de consultoria,6,10465.45,transferencia
V-26646,2026-05-10,Optica Vision,Toner HP,7,10602.46,tarjeta
V-26647,2026-05-11,Tech Solutions,Servicio mensual,8,10739.47,efectivo
V-26648,2026-05-12,Farmacia Central,Cuaderno,9,10876.48,transferencia
V-26649,2026-05-13,Hotel Plaza,Mouse inalambrico,10,11013.49,tarjeta
V-26650,2026-05-14,Comercial Andrade,Servicio de consultoria,11,11150.50,efectivo
V-26651,2026-05-15,Garcia SA,Toner HP,12,11287.51,transferencia
V-26652,2026-05-16,Juan Perez,Servicio mensual,13,11424.52,tarjeta
V-26653,2026-05-17,Marta Gomez,Cuaderno,14,11561.53,efectivo
V-26654,2026-05-18,Kiosco El Sol,Mouse inalambrico,15,11698.54,transferencia
V-26655,2026-05-19,Ferreteria Nuñez,Servicio de consultoria,16,11835.55,tarjeta
V-26656,2026-05-20,Estudio Contable RyR,Toner HP,17,11972.56,efectivo
V-26657,2026-05-21,Bar La Esquina,Servicio mensual,18,12109.57,transferencia
V-26658,2026-05-22,Distribuidora Sur,Cuaderno,19,12246.58,tarjeta
V-26659,2026-05-23,Panaderia Ortiz,Mouse inalambrico,20,12383.59,efectivo
V-26660,2026-05-24,Optica Vision,Servicio de consultoria,1,12520.60,transferencia
V-26661,2026-05-25,Tech Solutions,Toner HP,2,12657.61,tarjeta
V-26662,2026-05-26,Farmacia Central,Servicio mensual,3,12794.62,efectivo
V-26663,2026-05-27,Hotel Plaza,Cuaderno,4,12931.63,transferencia
V-26664,2026-05-28,Comercial Andrade,Mouse inalambrico,5,13068.64,tarjeta
V-26665,2026-05-01,Garcia SA,Servicio de consultoria,6,13205.65,efectivo
V-26666,2026-05-02,Juan Perez,Toner HP,7,13342.66,transferencia
V-26667,2026-05-03,Marta Gomez,Servicio mensual,8,13479.67,tarjeta
V-26668,2026-05-04,Kiosco El Sol,Cuaderno,9,13616.68,efectivo
V-26669,2026-05-05,Ferreteria Nuñez,Mouse inalambrico,10,13753.69,transferencia
V-26670,2026-05-06,Estudio Contable RyR,Servicio de consultoria,11,13890.70,tarjeta
V-26671,2026-05-07,Bar La Esquina,Toner HP,12,14027.71,efectivo
V-26672,2026-05-08,Distribuidora Sur,Servicio mensual,13,14164.72,transferencia
V-26673,2026-05-09,Panaderia Ortiz,Cuaderno,14,14301.73,tarjeta
V-26674,2026-05-10,Optica Vision,Mouse inalambrico,15,14438.74,efectivo
V-26675,2026-05-11,Tech Solutions,Servicio de consultoria,16,14575.75,transferencia
V-26676,2026-05-12,Farmacia Central,Toner HP,17,14712.76,tarjeta
V-26677,2026-05-13,Hotel Plaza,Servicio mensual,18,14849.77,efectivo
V-26678,2026-05-14,Comercial Andrade,Cuaderno,19,14986.78,transferencia
V-26679,2026-05-15,Garcia SA,Mouse inalambrico,20,15123.79,tarjeta
V-26680,2026-05-16,Juan Perez,Servicio de consultoria,1,15260.80,efectivo
V-26681,2026-05-17,Marta Gomez,Toner HP,2,15397.81,transferencia
V-26682,2026-05-18,Kiosco El Sol,Servicio mensual,3,15534.82,tarjeta
V-26683,2026-05-19,Ferreteria Nuñez,Cuaderno,4,15671.83,efectivo
V-26684,2026-05-20,Estudio Contable RyR,Mouse inalambrico,5,15808.84,transferencia
V-26685,2026-05-21,Bar La Esquina,Servicio de consultoria,6,15945.85,tarjeta
V-26686,2026-05-22,Distribuidora Sur,Toner HP,7,16082.86,efectivo
V-26687,2026-05-23,Panaderia Ortiz,Servicio mensual,8,16219.87,transferencia
V-26688,2026-05-24,Optica Vision,Cuaderno,9,16356.88,tarjeta
V-26689,2026-05-25,Tech Solutions,Mouse inalambrico,10,16493.89,efectivo
V-26690,2026-05-26,Farmacia Central,Servicio de consultoria,11,16630.90,transferencia
V-26691,2026-05-27,Hotel Plaza,Toner HP,12,16767.91,tarjeta
V-26692,2026-05-28,Comercial Andrade,Servicio mensual,13,16904.92,efectivo
V-26693,2026-05-01,Garcia SA,Cuaderno,14,17041.93,transferencia
V-26694,2026-05-02,Juan Perez,Mouse inalambrico,15,17178.94,tarjeta
V-26695,2026-05-03,Marta Gomez,Servicio de consultoria,16,17315.95,efectivo
V-26696,2026-05-04,Kiosco El Sol,Toner HP,17,17452.96,transferencia
V-26697,2026-05-05,Ferreteria Nuñez,Servicio mensual,18,17589.97,tarjeta
V-26698,2026-05-06,Estudio Contable RyR,Cuaderno,19,17726.98,efectivo
V-26699,2026-05-07,Bar La Esquina,Mouse inalambrico,20,17863.99,transferencia
V-26700,2026-05-08,Distribuidora Sur,Servicio de consultoria,1,18000.00,tarjeta
V-26701,2026-05-09,Panaderia Ortiz,Toner HP,2,18137.01,efectivo
V-26702,2026-05-10,Optica Vision,Servicio mensual,3,18274.02,transferencia
V-26703,2026-05-11,Tech Solutions,Cuaderno,4,18411.03,tarjeta
V-26704,2026-05-12,Farmacia Central,Mouse inalambrico,5,18548.04,efectivo
V-26705,2026-05-13,Hotel Plaza,Servicio de consultoria,6,18685.05,transferencia
V-26706,2026-05-14,Comercial Andrade,Toner HP,7,18822.06,tarjeta
V-26707,2026-05-15,Garcia SA,Servicio mensual,8,18959.07,efectivo
V-26708,2026-05-16,Juan Perez,Cuaderno,9,19096.08,transferencia
V-26709,2026-05-17,Marta Gomez,Mouse inalambrico,10,19233.09,tarjeta
V-26710,2026-05-18,Kiosco El Sol,Servicio de consultoria,11,19370.10,efectivo
V-26711,2026-05-19,Ferreteria Nuñez,Toner HP,12,19507.11,transferencia
V-26712,2026-05-20,Estudio Contable RyR,Servicio mensual,13,19644.12,tarjeta
V-26713,2026-05-21,Bar La Esquina,Cuaderno,14,19781.13,efectivo
V-26714,2026-05-22,Distribuidora Sur,Mouse inalambrico,15,19918.14,transferencia
V-26715,2026-05-23,Panaderia Ortiz,Servicio de consultoria,16,20055.15,tarjeta
V-26716,2026-05-24,Optica Vision,Toner HP,17,20192.16,efectivo
V-26717,2026-05-25,Tech Solutions,Servicio mensual,18,20329.17,transferencia
V-26718,2026-05-26,Farmacia Central,Cuaderno,19,20466.18,tarjeta
V-26719,2026-05-27,Hotel Plaza,Mouse inalambrico,20,20603.19,efectivo
V-26720,2026-05-28,Comercial Andrade,Servicio de consultoria,1,20740.20,transferencia
V-26721,2026-05-01,Garcia SA,Toner HP,2,20877.21,tarjeta
V-26722,2026-05-02,Juan Perez,Servicio mensual,3,21014.22,efectivo
V-26723,2026-05-03,Marta Gomez,Cuaderno,4,21151.23,transferencia
V-26724,2026-05-04,Kiosco El Sol,Mouse inalambrico,5,21288.24,tarjeta
V-26725,2026-05-05,Ferreteria Nuñez,Servicio de consultoria,6,21425.25,efectivo
V-26726,2026-05-06,Estudio Contable RyR,Toner HP,7,21562.26,transferencia
V-26727,2026-05-07,Bar La Esquina,Servicio mensual,8,21699.27,tarjeta
V-26728,2026-05-08,Distribuidora Sur,Cuaderno,9,21836.28,efectivo
V-26729,2026-05-09,Panaderia Ortiz,Mouse inalambrico,10,21973.29,transferencia
V-26730,2026-05-10,Optica Vision,Servicio de consultoria,11,22110.30,tarjeta
V-26731,2026-05-11,Tech Solutions,Toner HP,12,22247.31,efectivo
V-26732,2026-05-12,Farmacia Central,Servicio mensual,13,22384.32,transferencia
V-26733,2026-05-13,Hotel Plaza,Cuaderno,14,22521.33,tarjeta
V-26734,2026-05-14,Comercial Andrade,Mouse inalambrico,15,22658.34,efectivo
V-26735,2026-05-15,Garcia SA,Servicio de consultoria,16,22795.35,transferencia
V-26736,2026-05-16,Juan Perez,Toner HP,17,22932.36,tarjeta
V-26737,2026-05-17,Marta Gomez,Servicio mensual,18,23069.37,efectivo
V-26738,2026-05-18,Kiosco El Sol,Cuaderno,19,23206.38,transferencia
V-26739,2026-05-19,Ferreteria Nuñez,Mouse inalambrico,20,23343.39,tarjeta
V-26740,2026-05-20,Estudio Contable RyR,Servicio de consultoria,1,23480.40,efectivo
V-26741,2026-05-21,Bar La Esquina,Toner HP,2,23617.41,transferencia
V-26742,2026-05-22,Distribuidora Sur,Servicio mensual,3,23754.42,tarjeta
V-26743,2026-05-23,Panaderia Ortiz,Cuaderno,4,23891.43,efectivo
V-26744,2026-05-24,Optica Vision,Mouse inalambrico,5,24028.44,transferencia
V-26745,2026-05-25,Tech Solutions,Servicio de consultoria,6,24165.45,tarjeta
V-26746,2026-05-26,Farmacia Central,Toner HP,7,24302.46,efectivo
V-26747,2026-05-27,Hotel Plaza,Servicio mensual,8,24439.47,transferencia
V-26748,2026-05-28,Comercial Andrade,Cuaderno,9,24576.48,tarjeta
V-26749,2026-05-01,Garcia SA,Mouse inalambrico,10,24713.49,efectivo
V-26750,2026-05-02,Juan Perez,Servicio de consultoria,11,24850.50,transferencia
V-26751,2026-05-03,Marta Gomez,Toner HP,12,24987.51,tarjeta
V-26752,2026-05-04,Kiosco El Sol,Servicio mensual,13,25124.52,efectivo
V-26753,2026-05-05,Ferreteria Nuñez,Cuaderno,14,25261.53,transferencia
V-26754,2026-05-06,Estudio Contable RyR,Mouse inalambrico,15,25398.54,tarjeta
V-26755,2026-05-07,Bar La Esquina,Servicio de consultoria,16,25535.55,efectivo
V-26756,2026-05-08,Distribuidora Sur,Toner HP,17,25672.56,transferencia
V-26757,2026-05-09,Panaderia Ortiz,Servicio mensual,18,25809.57,tarjeta
V-26758,2026-05-10,Optica Vision,Cuaderno,19,25946.58,efectivo
V-26759,2026-05-11,Tech Solutions,Mouse inalambrico,20,26083.59,transferencia
V-26760,2026-05-12,Farmacia Central,Servicio de consultoria,1,26220.60,tarjeta
V-26761,2026-05-13,Hotel Plaza,Toner HP,2,26357.61,efectivo
V-26762,2026-05-14,Comercial Andrade,Servicio mensual,3,26494.62,transferencia
V-26763,2026-05-15,Garcia SA,Cuaderno,4,26631.63,tarjeta
V-26764,2026-05-16,Juan Perez,Mouse inalambrico,5,26768.64,efectivo
V-26765,2026-05-17,Marta Gomez,Servicio de consultoria,6,26905.65,transferencia
V-26766,2026-05-18,Kiosco El Sol,Toner HP,7,27042.66,tarjeta
V-26767,2026-05-19,Ferreteria Nuñez,Servicio mensual,8,27179.67,efectivo
V-26768,2026-05-20,Estudio Contable RyR,Cuaderno,9,27316.68,transferencia
V-26769,2026-05-21,Bar La Esquina,Mouse inalambrico,10,27453.69,tarjeta
V-26770,2026-05-22,Distribuidora Sur,Servicio de consultoria,11,27590.70,efectivo
V-26771,2026-05-23,Panaderia Ortiz,Toner HP,12,27727.71,transferencia
V-26772,2026-05-24,Optica Vision,Servicio mensual,13,27864.72,tarjeta
V-26773,2026-05-25,Tech Solutions,Cuaderno,14,28001.73,efectivo
V-26774,2026-05-26,Farmacia Central,Mouse inalambrico,15,28138.74,transferencia
V-26775,2026-05-27,Hotel Plaza,Servicio de consultoria,16,28275.75,tarjeta
V-26776,2026-05-28,Comercial Andrade,Toner HP,17,28412.76,efectivo
V-26777,2026-05-01,Garcia SA,Servicio mensual,18,28549.77,transferencia
V-26778,2026-05-02,Juan Perez,Cuaderno,19,28686.78,tarjeta
V-26779,2026-05-03,Marta Gomez,Mouse inalambrico,20,28823.79,efectivo
V-26780,2026-05-04,Kiosco El Sol,Servicio de consultoria,1,28960.80,transferencia
V-26781,2026-05-05,Ferreteria Nuñez,Toner HP,2,29097.81,tarjeta
V-26782,2026-05-06,Estudio Contable RyR,Servicio mensual,3,29234.82,efectivo
V-26783,2026-05-07,Bar La Esquina,Cuaderno,4,29371.83,transferencia
V-26784,2026-05-08,Distribuidora Sur,Mouse inalambrico,5,29508.84,tarjeta
V-26785,2026-05-09,Panaderia Ortiz,Servicio de consultoria,6,29645.85,efectivo
V-26786,2026-05-10,Optica Vision,Toner HP,7,29782.86,transferencia
V-26787,2026-05-11,Tech Solutions,Servicio mensual,8,29919.87,tarjeta
V-26788,2026-05-12,Farmacia Central,Cuaderno,9,30056.88,efectivo
V-26789,2026-05-13,Hotel Plaza,Mouse inalambrico,10,30193.89,transferencia
V-26790,2026-05-14,Comercial Andrade,Servicio de consultoria,11,30330.90,tarjeta
V-26791,2026-05-15,Garcia SA,Toner HP,12,30467.91,efectivo
V-26792,2026-05-16,Juan Perez,Servicio mensual,13,30604.92,transferencia
V-26793,2026-05-17,Marta Gomez,Cuaderno,14,30741.93,tarjeta
V-26794,2026-05-18,Kiosco El Sol,Mouse inalambrico,15,30878.94,efectivo
V-26795,2026-05-19,Ferreteria Nuñez,Servicio de consultoria,16,31015.95,transferencia
V-26796,2026-05-20,Estudio Contable RyR,Toner HP,17,31152.96,tarjeta
V-26797,2026-05-21,Bar La Esquina,Servicio mensual,18,31289.97,efectivo
V-26798,2026-05-22,Distribuidora Sur,Cuaderno,19,31426.98,transferencia
V-26799,2026-05-23,Panaderia Ortiz,Mouse inalambrico,20,31563.99,tarjeta
V-26800,2026-05-24,Optica Vision,Servicio de consultoria,1,31700.00,efectivo
V-26801,2026-05-25,Tech Solutions,Toner HP,2,31837.01,transferencia
V-26802,2026-05-26,Farmacia Central,Servicio mensual,3,31974.02,tarjeta
V-26803,2026-05-27,Hotel Plaza,Cuaderno,4,32111.03,efectivo
V-26804,2026-05-28,Comercial Andrade,Mouse inalambrico,5,32248.04,transferencia
V-26805,2026-05-01,Garcia SA,Servicio de consultoria,6,32385.05,tarjeta
V-26806,2026-05-02,Juan Perez,Toner HP,7,32522.06,efectivo
V-26807,2026-05-03,Marta Gomez,Servicio mensual,8,32659.07,transferencia
V-26808,2026-05-04,Kiosco El Sol,Cuaderno,9,32796.08,tarjeta
V-26809,2026-05-05,Ferreteria Nuñez,Mouse inalambrico,10,32933.09,efectivo
V-26810,2026-05-06,Estudio Contable RyR,Servicio de consultoria,11,33070.10,transferencia
V-26811,2026-05-07,Bar La Esquina,Toner HP,12,33207.11,tarjeta
V-26812,2026-05-08,Distribuidora Sur,Servicio mensual,13,33344.12,efectivo
V-26813,2026-05-09,Panaderia Ortiz,Cuaderno,14,33481.13,transferencia
V-26814,2026-05-10,Optica Vision,Mouse inalambrico,15,33618.14,tarjeta
V-26815,2026-05-11,Tech Solutions,Servicio de consultoria,16,33755.15,efectivo
V-26816,2026-05-12,Farmacia Central,Toner HP,17,33892.16,transferencia
V-26817,2026-05-13,Hotel Plaza,Servicio mensual,18,34029.17,tarjeta
V-26818,2026-05-14,Comercial Andrade,Cuaderno,19,34166.18,efectivo
V-26819,2026-05-15,Garcia SA,Mouse inalambrico,20,34303.19,transferencia
V-26820,2026-05-16,Juan Perez,Servicio de consultoria,1,34440.20,tarjeta
V-26821,2026-05-17,Marta Gomez,Toner HP,2,34577.21,efectivo
V-26822,2026-05-18,Kiosco El Sol,Servicio mensual,3,34714.22,transferencia
V-26823,2026-05-19,Ferreteria Nuñez,Cuaderno,4,34851.23,tarjeta
V-26824,2026-05-20,Estudio Contable RyR,Mouse inalambrico,5,34988.24,efectivo
V-26825,2026-05-21,Bar La Esquina,Servicio de consultoria,6,35125.25,transferencia
V-26826,2026-05-22,Distribuidora Sur,Toner HP,7,35262.26,tarjeta
V-26827,2026-05-23,Panaderia Ortiz,Servicio mensual,8,35399.27,efectivo
V-26828,2026-05-24,Optica Vision,Cuaderno,9,35536.28,transferencia
V-26829,2026-05-25,Tech Solutions,Mouse inalambrico,10,35673.29,tarjeta
V-26830,2026-05-26,Farmacia Central,Servicio de consultoria,11,35810.30,efectivo
V-26831,2026-05-27,Hotel Plaza,Toner HP,12,35947.31,transferencia
V-26832,2026-05-28,Comercial Andrade,Servicio mensual,13,36084.32,tarjeta
V-26833,2026-05-01,Garcia SA,Cuaderno,14,36221.33,efectivo
V-26834,2026-05-02,Juan Perez,Mouse inalambrico,15,36358.34,transferencia
V-26835,2026-05-03,Marta Gomez,Servicio de consultoria,16,36495.35,tarjeta
V-26836,2026-05-04,Kiosco El Sol,Toner HP,17,36632.36,efectivo
V-26837,2026-05-05,Ferreteria Nuñez,Servicio mensual,18,36769.37,transferencia
V-26838,2026-05-06,Estudio Contable RyR,Cuaderno,19,36906.38,tarjeta
V-26839,2026-05-07,Bar La Esquina,Mouse inalambrico,20,37043.39,efectivo
V-26840,2026-05-08,Distribuidora Sur,Servicio de consultoria,1,37180.40,transferencia
V-26841,2026-05-09,Panaderia Ortiz,Toner HP,2,37317.41,tarjeta
V-26842,2026-05-10,Optica Vision,Servicio mensual,3,37454.42,efectivo
V-26843,2026-05-11,Tech Solutions,Cuaderno,4,37591.43,transferencia
V-26844,2026-05-12,Farmacia Central,Mouse inalambrico,5,37728.44,tarjeta
V-26845,2026-05-13,Hotel Plaza,Servicio de consultoria,6,37865.45,efectivo
V-26846,2026-05-14,Comercial Andrade,Toner HP,7,38002.46,transferencia
V-26847,2026-05-15,Garcia SA,Servicio mensual,8,38139.47,tarjeta
V-26848,2026-05-16,Juan Perez,Cuaderno,9,38276.48,efectivo
V-26849,2026-05-17,Marta Gomez,Mouse inalambrico,10,38413.49,transferencia
V-26850,2026-05-18,Kiosco El Sol,Servicio de consultoria,11,38550.50,tarjeta
V-26851,2026-05-19,Ferreteria Nuñez,Toner HP,12,38687.51,efectivo
V-26852,2026-05-20,Estudio Contable RyR,Servicio mensual,13,38824.52,transferencia
V-26853,2026-05-21,Bar La Esquina,Cuaderno,14,38961.53,tarjeta
V-26854,2026-05-22,Distribuidora Sur,Mouse inalambrico,15,39098.54,efectivo
V-26855,2026-05-23,Panaderia Ortiz,Servicio de consultoria,16,39235.55,transferencia
V-26856,2026-05-24,Optica Vision,Toner HP,17,39372.56,tarjeta
V-26857,2026-05-25,Tech Solutions,Servicio mensual,18,39509.57,efectivo
V-26858,2026-05-26,Farmacia Central,Cuaderno,19,39646.58,transferencia
V-26859,2026-05-27,Hotel Plaza,Mouse inalambrico,20,39783.59,tarjeta
V-26860,2026-05-28,Comercial Andrade,Servicio de consultoria,1,39920.60,efectivo
V-26861,2026-05-01,Garcia SA,Toner HP,2,40057.61,transferencia
V-26862,2026-05-02,Juan Perez,Servicio mensual,3,40194.62,tarjeta
V-26863,2026-05-03,Marta Gomez,Cuaderno,4,40331.63,efectivo
V-26864,2026-05-04,Kiosco El Sol,Mouse inalambrico,5,40468.64,transferencia
V-26865,2026-05-05,Ferreteria Nuñez,Servicio de consultoria,6,40605.65,tarjeta
V-26866,2026-05-06,Estudio Contable RyR,Toner HP,7,40742.66,efectivo
V-26867,2026-05-07,Bar La Esquina,Servicio mensual,8,40879.67,transferencia
V-26868,2026-05-08,Distribuidora Sur,Cuaderno,9,41016.68,tarjeta
V-26869,2026-05-09,Panaderia Ortiz,Mouse inalambrico,10,41153.69,efectivo
V-26870,2026-05-10,Optica Vision,Servicio de consultoria,11,41290.70,transferencia
V-26871,2026-05-11,Tech Solutions,Toner HP,12,41427.71,tarjeta
V-26872,2026-05-12,Farmacia Central,Servicio mensual,13,41564.72,efectivo
V-26873,2026-05-13,Hotel Plaza,Cuaderno,14,41701.73,transferencia
V-26874,2026-05-14,Comercial Andrade,Mouse inalambrico,15,41838.74,tarjeta
V-26875,2026-05-15,Garcia SA,Servicio de consultoria,16,41975.75,efectivo
V-26876,2026-05-16,Juan Perez,Toner HP,17,42112.76,transferencia
V-26877,2026-05-17,Marta Gomez,Servicio mensual,18,42249.77,tarjeta
V-26878,2026-05-18,Kiosco El Sol,Cuaderno,19,42386.78,efectivo
V-26879,2026-05-19,Ferreteria Nuñez,Mouse inalambrico,20,42523.79,transferencia
V-26880,2026-05-20,Estudio Contable RyR,Servicio de consultoria,1,42660.80,tarjeta
V-26881,2026-05-21,Bar La Esquina,Toner HP,2,42797.81,efectivo
V-26882,2026-05-22,Distribuidora Sur,Servicio mensual,3,42934.82,transferencia
V-26883,2026-05-23,Panaderia Ortiz,Cuaderno,4,43071.83,tarjeta
V-26884,2026-05-24,Optica Vision,Mouse inalambrico,5,43208.84,efectivo
V-26885,2026-05-25,Tech Solutions,Servicio de consultoria,6,43345.85,transferencia
V-26886,2026-05-26,Farmacia Central,Toner HP,7,43482.86,tarjeta
V-26887,2026-05-27,Hotel Plaza,Servicio mensual,8,43619.87,efectivo
V-26888,2026-05-28,Comercial Andrade,Cuaderno,9,43756.88,transferencia
V-26889,2026-05-01,Garcia SA,Mouse inalambrico,10,43893.89,tarjeta
V-26890,2026-05-02,Juan Perez,Servicio de consultoria,11,44030.90,efectivo
V-26891,2026-05-03,Marta Gomez,Toner HP,12,44167.91,transferencia
V-26892,2026-05-04,Kiosco El Sol,Servicio mensual,13,44304.92,tarjeta
V-26893,2026-05-05,Ferreteria Nuñez,Cuaderno,14,44441.93,efectivo
V-26894,2026-05-06,Estudio Contable RyR,Mouse inalambrico,15,44578.94,transferencia
V-26895,2026-05-07,Bar La Esquina,Servicio de consultoria,16,44715.95,tarjeta
V-26896,2026-05-08,Distribuidora Sur,Toner HP,17,44852.96,efectivo
V-26897,2026-05-09,Panaderia Ortiz,Servicio mensual,18,44989.97,transferencia
V-26898,2026-05-10,Optica Vision,Cuaderno,19,45126.98,tarjeta
V-26899,2026-05-11,Tech Solutions,Mouse inalambrico,20,45263.99,efectivo
V-26900,2026-05-12,Farmacia Central,Servicio de consultoria,1,45400.00,transferencia
V-26901,2026-05-13,Hotel Plaza,Toner HP,2,45537.01,tarjeta
V-26902,2026-05-14,Comercial Andrade,Servicio mensual,3,45674.02,efectivo
V-26903,2026-05-15,Garcia SA,Cuaderno,4,45811.03,transferencia
V-26904,2026-05-16,Juan Perez,Mouse inalambrico,5,45948.04,tarjeta
V-26905,2026-05-17,Marta Gomez,Servicio de consultoria,6,46085.05,efectivo
V-26906,2026-05-18,Kiosco El Sol,Toner HP,7,46222.06,transferencia
V-26907,2026-05-19,Ferreteria Nuñez,Servicio mensual,8,46359.07,tarjeta
V-26908,2026-05-20,Estudio Contable RyR,Cuaderno,9,46496.08,efectivo
V-26909,2026-05-21,Bar La Esquina,Mouse inalambrico,10,46633.09,transferencia
V-26910,2026-05-22,Distribuidora Sur,Servicio de consultoria,11,46770.10,tarjeta
V-26911,2026-05-23,Panaderia Ortiz,Toner HP,12,46907.11,efectivo
V-26912,2026-05-24,Optica Vision,Servicio mensual,13,47044.12,transferencia
V-26913,2026-05-25,Tech Solutions,Cuaderno,14,47181.13,tarjeta
V-26914,2026-05-26,Farmacia Central,Mouse inalambrico,15,47318.14,efectivo
V-26915,2026-05-27,Hotel Plaza,Servicio de consultoria,16,47455.15,transferencia
V-26916,2026-05-28,Comercial Andrade,Toner HP,17,47592.16,tarjeta
V-26917,2026-05-01,Garcia SA,Servicio mensual,18,47729.17,efectivo
V-26918,2026-05-02,Juan Perez,Cuaderno,19,47866.18,transferencia
V-26919,2026-05-03,Marta Gomez,Mouse inalambrico,20,48003.19,tarjeta
V-26920,2026-05-04,Kiosco El Sol,Servicio de consultoria,1,48140.20,efectivo
V-26921,2026-05-05,Ferreteria Nuñez,Toner HP,2,48277.21,transferencia
V-26922,2026-05-06,Estudio Contable RyR,Servicio mensual,3,48414.22,tarjeta
V-26923,2026-05-07,Bar La Esquina,Cuaderno,4,48551.23,efectivo
V-26924,2026-05-08,Distribuidora Sur,Mouse inalambrico,5,48688.24,transferencia
V-26925,2026-05-09,Panaderia Ortiz,Servicio de consultoria,6,48825.25,tarjeta
V-26926,2026-05-10,Optica Vision,Toner HP,7,48962.26,efectivo
V-26927,2026-05-11,Tech Solutions,Servicio mensual,8,49099.27,transferencia
V-26928,2026-05-12,Farmacia Central,Cuaderno,9,49236.28,tarjeta
V-26929,2026-05-13,Hotel Plaza,Mouse inalambrico,10,49373.29,efectivo
V-26930,2026-05-14,Comercial Andrade,Servicio de consultoria,11,49510.30,transferencia
V-26931,2026-05-15,Garcia SA,Toner HP,12,49647.31,tarjeta
V-26932,2026-05-16,Juan Perez,Servicio mensual,13,49784.32,efectivo
V-26933,2026-05-17,Marta Gomez,Cuaderno,14,49921.33,transferencia
V-26934,2026-05-18,Kiosco El Sol,Mouse inalambrico,15,50058.34,tarjeta
V-26935,2026-05-19,Ferreteria Nuñez,Servicio de consultoria,16,195.35,efectivo
V-26936,2026-05-20,Estudio Contable RyR,Toner HP,17,332.36,transferencia
V-26937,2026-05-21,Bar La Esquina,Servicio mensual,18,469.37,tarjeta
V-26938,2026-05-22,Distribuidora Sur,Cuaderno,19,606.38,efectivo
V-26939,2026-05-23,Panaderia Ortiz,Mouse inalambrico,20,743.39,transferencia
V-26940,2026-05-24,Optica Vision,Servicio de consultoria,1,880.40,tarjeta
V-26941,2026-05-25,Tech Solutions,Toner HP,2,1017.41,efectivo
V-26942,2026-05-26,Farmacia Central,Servicio mensual,3,1154.42,transferencia
V-26943,2026-05-27,Hotel Plaza,Cuaderno,4,1291.43,tarjeta
V-26944,2026-05-28,Comercial Andrade,Mouse inalambrico,5,1428.44,efectivo
V-26945,2026-05-01,Garcia SA,Servicio de consultoria,6,1565.45,transferencia
V-26946,2026-05-02,Juan Perez,Toner HP,7,1702.46,tarjeta
V-26947,2026-05-03,Marta Gomez,Servicio mensual,8,1839.47,efectivo
V-26948,2026-05-04,Kiosco El Sol,Cuaderno,9,1976.48,transferencia
V-26949,2026-05-05,Ferreteria Nuñez,Mouse inalambrico,10,2113.49,tarjeta
V-26950,2026-05-06,Estudio Contable RyR,Servicio de consultoria,11,2250.50,efectivo
V-26951,2026-05-07,Bar La Esquina,Toner HP,12,2387.51,transferencia
V-26952,2026-05-08,Distribuidora Sur,Servicio mensual,13,2524.52,tarjeta
V-26953,2026-05-09,Panaderia Ortiz,Cuaderno,14,2661.53,efectivo
V-26954,2026-05-10,Optica Vision,Mouse inalambrico,15,2798.54,transferencia
V-26955,2026-05-11,Tech Solutions,Servicio de consultoria,16,2935.55,tarjeta
V-26956,2026-05-12,Farmacia Central,Toner HP,17,3072.56,efectivo
V-26957,2026-05-13,Hotel Plaza,Servicio mensual,18,3209.57,transferencia
V-26958,2026-05-14,Comercial Andrade,Cuaderno,19,3346.58,tarjeta
V-26959,2026-05-15,Garcia SA,Mouse inalambrico,20,3483.59,efectivo
V-26960,2026-05-16,Juan Perez,Servicio de consultoria,1,3620.60,transferencia
V-26961,2026-05-17,Marta Gomez,Toner HP,2,3757.61,tarjeta
V-26962,2026-05-18,Kiosco El Sol,Servicio mensual,3,3894.62,efectivo
V-26963,2026-05-19,Ferreteria Nuñez,Cuaderno,4,4031.63,transferencia
V-26964,2026-05-20,Estudio Contable RyR,Mouse inalambrico,5,4168.64,tarjeta
V-26965,2026-05-21,Bar La Esquina,Servicio de consultoria,6,4305.65,efectivo
V-26966,2026-05-22,Distribuidora Sur,Toner HP,7,4442.66,transferencia
V-26967,2026-05-23,Panaderia Ortiz,Servicio mensual,8,4579.67,tarjeta
V-26968,2026-05-24,Optica Vision,Cuaderno,9,4716.68,efectivo
V-26969,2026-05-25,Tech Solutions,Mouse inalambrico,10,4853.69,transferencia
V-26970,2026-05-26,Farmacia Central,Servicio de consultoria,11,4990.70,tarjeta
V-26971,2026-05-27,Hotel Plaza,Toner HP,12,5127.71,efectivo
V-26972,2026-05-28,Comercial Andrade,Servicio mensual,13,5264.72,transferencia
V-26973,2026-05-01,Garcia SA,Cuaderno,14,5401.73,tarjeta
V-26974,2026-05-02,Juan Perez,Mouse inalambrico,15,5538.74,efectivo
V-26975,2026-05-03,Marta Gomez,Servicio de consultoria,16,5675.75,transferencia
V-26976,2026-05-04,Kiosco El Sol,Toner HP,17,5812.76,tarjeta
V-26977,2026-05-05,Ferreteria Nuñez,Servicio mensual,18,5949.77,efectivo
V-26978,2026-05-06,Estudio Contable RyR,Cuaderno,19,6086.78,transferencia
V-26979,2026-05-07,Bar La Esquina,Mouse inalambrico,20,6223.79,tarjeta
V-26980,2026-05-08,Distribuidora Sur,Servicio de consultoria,1,6360.80,efectivo
V-26981,2026-05-09,Panaderia Ortiz,Toner HP,2,6497.81,transferencia
V-26982,2026-05-10,Optica Vision,Servicio mensual,3,6634.82,tarjeta
V-26983,2026-05-11,Tech Solutions,Cuaderno,4,6771.83,efectivo
V-26984,2026-05-12,Farmacia Central,Mouse inalambrico,5,6908.84,transferencia
V-26985,2026-05-13,Hotel Plaza,Servicio de consultoria,6,7045.85,tarjeta
V-26986,2026-05-14,Comercial Andrade,Toner HP,7,7182.86,efectivo
V-26987,2026-05-15,Garcia SA,Servicio mensual,8,7319.87,transferencia
V-26988,2026-05-16,Juan Perez,Cuaderno,9,7456.88,tarjeta
V-26989,2026-05-17,Marta Gomez,Mouse inalambrico,10,7593.89,efectivo
V-26990,2026-05-18,Kiosco El Sol,Servicio de consultoria,11,7730.90,transferencia
V-26991,2026-05-19,Ferreteria Nuñez,Toner HP,12,7867.91,tarjeta
V-26992,2026-05-20,Estudio Contable RyR,Servicio mensual,13,8004.92,efectivo
V-26993,2026-05-21,Bar La Esquina,Cuaderno,14,8141.93,transferencia
V-26994,2026-05-22,Distribuidora Sur,Mouse inalambrico,15,8278.94,tarjeta
V-26995,2026-05-23,Panaderia Ortiz,Servicio de consultoria,16,8415.95,efectivo
V-26996,2026-05-24,Optica Vision,Toner HP,17,8552.96,transferencia
V-26997,2026-05-25,Tech Solutions,Servicio mensual,18,8689.97,tarjeta
V-26998,2026-05-26,Farmacia Central,Cuaderno,19,8826.98,efectivo
V-26999,2026-05-27,Hotel Plaza,Mouse inalambrico,20,8963.99,transferencia
V-27000,2026-05-28,Comercial Andrade,Servicio de consultoria,1,9100.00,tarjeta
V-27001,2026-05-01,Garcia SA,Toner HP,2,9237.01,efectivo
V-27002,2026-05-02,Juan Perez,Servicio mensual,3,9374.02,transferencia
V-27003,2026-05-03,Marta Gomez,Cuaderno,4,9511.03,tarjeta
V-27004,2026-05-04,Kiosco El Sol,Mouse inalambrico,5,9648.04,efectivo
V-27005,2026-05-05,Ferreteria Nuñez,Servicio de consultoria,6,9785.05,transferencia
V-27006,2026-05-06,Estudio Contable RyR,Toner HP,7,9922.06,tarjeta
V-27007,2026-05-07,Bar La Esquina,Servicio mensual,8,10059.07,efectivo
V-27008,2026-05-08,Distribuidora Sur,Cuaderno,9,10196.08,transferencia
V-27009,2026-05-09,Panaderia Ortiz,Mouse inalambrico,10,10333.09,tarjeta
V-27010,2026-05-10,Optica Vision,Servicio de consultoria,11,10470.10,efectivo
V-27011,2026-05-11,Tech Solutions,Toner HP,12,10607.11,transferencia
V-27012,2026-05-12,Farmacia Central,Servicio mensual,13,10744.12,tarjeta
V-27013,2026-05-13,Hotel Plaza,Cuaderno,14,10881.13,efectivo
V-27014,2026-05-14,Comercial Andrade,Mouse inalambrico,15,11018.14,transferencia
V-27015,2026-05-15,Garcia SA,Servicio de consultoria,16,11155.15,tarjeta
V-27016,2026-05-16,Juan Perez,Toner HP,17,11292.16,efectivo
V-27017,2026-05-17,Marta Gomez,Servicio mensual,18,11429.17,transferencia
V-27018,2026-05-18,Kiosco El Sol,Cuaderno,19,11566.18,tarjeta
V-27019,2026-05-19,Ferreteria Nuñez,Mouse inalambrico,20,11703.19,efectivo
V-27020,2026-05-20,Estudio Contable RyR,Servicio de consultoria,1,11840.20,transferencia
V-27021,2026-05-21,Bar La Esquina,Toner HP,2,11977.21,tarjeta
V-27022,2026-05-22,Distribuidora Sur,Servicio mensual,3,12114.22,efectivo
V-27023,2026-05-23,Panaderia Ortiz,Cuaderno,4,12251.23,transferencia
V-27024,2026-05-24,Optica Vision,Mouse inalambrico,5,12388.24,tarjeta
V-27025,2026-05-25,Tech Solutions,Servicio de consultoria,6,12525.25,efectivo
V-27026,2026-05-26,Farmacia Central,Toner HP,7,12662.26,transferencia
V-27027,2026-05-27,Hotel Plaza,Servicio mensual,8,12799.27,tarjeta
V-27028,2026-05-28,Comercial Andrade,Cuaderno,9,12936.28,efectivo
V-27029,2026-05-01,Garcia SA,Mouse inalambrico,10,13073.29,transferencia
V-27030,2026-05-02,Juan Perez,Servicio de consultoria,11,13210.30,tarjeta
V-27031,2026-05-03,Marta Gomez,Toner HP,12,13347.31,efectivo
V-27032,2026-05-04,Kiosco El Sol,Servicio mensual,13,13484.32,transferencia
V-27033,2026-05-05,Ferreteria Nuñez,Cuaderno,14,13621.33,tarjeta
V-27034,2026-05-06,Estudio Contable RyR,Mouse inalambrico,15,13758.34,efectivo
V-27035,2026-05-07,Bar La Esquina,Servicio de consultoria,16,13895.35,transferencia
V-27036,2026-05-08,Distribuidora Sur,Toner HP,17,14032.36,tarjeta
V-27037,2026-05-09,Panaderia Ortiz,Servicio mensual,18,14169.37,efectivo
V-27038,2026-05-10,Optica Vision,Cuaderno,19,14306.38,transferencia
V-27039,2026-05-11,Tech Solutions,Mouse inalambrico,20,14443.39,tarjeta
V-27040,2026-05-12,Farmacia Central,Servicio de consultoria,1,14580.40,efectivo
V-27041,2026-05-13,Hotel Plaza,Toner HP,2,14717.41,transferencia
V-27042,2026-05-14,Comercial Andrade,Servicio mensual,3,14854.42,tarjeta
V-27043,2026-05-15,Garcia SA,Cuaderno,4,14991.43,efectivo
V-27044,2026-05-16,Juan Perez,Mouse inalambrico,5,15128.44,transferencia
V-27045,2026-05-17,Marta Gomez,Servicio de consultoria,6,15265.45,tarjeta
V-27046,2026-05-18,Kiosco El Sol,Toner HP,7,15402.46,efectivo
V-27047,2026-05-19,Ferreteria Nuñez,Servicio mensual,8,15539.47,transferencia
V-27048,2026-05-20,Estudio Contable RyR,Cuaderno,9,15676.48,tarjeta
V-27049,2026-05-21,Bar La Esquina,Mouse inalambrico,10,15813.49,efectivo
V-27050,2026-05-22,Distribuidora Sur,Servicio de consultoria,11,15950.50,transferencia
V-27051,2026-05-23,Panaderia Ortiz,Toner HP,12,16087.51,tarjeta
V-27052,2026-05-24,Optica Vision,Servicio mensual,13,16224.52,efectivo
V-27053,2026-05-25,Tech Solutions,Cuaderno,14,16361.53,transferencia
V-27054,2026-05-26,Farmacia Central,Mouse inalambrico,15,16498.54,tarjeta
V-27055,2026-05-27,Hotel Plaza,Servicio de consultoria,16,16635.55,efectivo
V-27056,2026-05-28,Comercial Andrade,Toner HP,17,16772.56,transferencia
V-27057,2026-05-01,Garcia SA,Servicio mensual,18,16909.57,tarjeta
V-27058,2026-05-02,Juan Perez,Cuaderno,19,17046.58,efectivo
V-27059,2026-05-03,Marta Gomez,Mouse inalambrico,20,17183.59,transferencia
V-27060,2026-05-04,Kiosco El Sol,Servicio de consultoria,1,17320.60,tarjeta
V-27061,2026-05-05,Ferreteria Nuñez,Toner HP,2,17457.61,efectivo
V-27062,2026-05-06,Estudio Contable RyR,Servicio mensual,3,17594.62,transferencia
V-27063,2026-05-07,Bar La Esquina,Cuaderno,4,17731.63,tarjeta
V-27064,2026-05-08,Distribuidora Sur,Mouse inalambrico,5,17868.64,efectivo
V-27065,2026-05-09,Panaderia Ortiz,Servicio de consultoria,6,18005.65,transferencia
V-27066,2026-05-10,Optica Vision,Toner HP,7,18142.66,tarjeta
V-27067,2026-05-11,Tech Solutions,Servicio mensual,8,18279.67,efectivo
V-27068,2026-05-12,Farmacia Central,Cuaderno,9,18416.68,transferencia
V-27069,2026-05-13,Hotel Plaza,Mouse inalambrico,10,18553.69,tarjeta
V-27070,2026-05-14,Comercial Andrade,Servicio de consultoria,11,18690.70,efectivo
V-27071,2026-05-15,Garcia SA,Toner HP,12,18827.71,transferencia
V-27072,2026-05-16,Juan Perez,Servicio mensual,13,18964.72,tarjeta
V-27073,2026-05-17,Marta Gomez,Cuaderno,14,19101.73,efectivo
V-27074,2026-05-18,Kiosco El Sol,Mouse inalambrico,15,19238.74,transferencia
V-27075,2026-05-19,Ferreteria Nuñez,Servicio de consultoria,16,19375.75,tarjeta
V-27076,2026-05-20,Estudio Contable RyR,Toner HP,17,19512.76,efectivo
V-27077,2026-05-21,Bar La Esquina,Servicio mensual,18,19649.77,transferencia
V-27078,2026-05-22,Distribuidora Sur,Cuaderno,19,19786.78,tarjeta
V-27079,2026-05-23,Panaderia Ortiz,Mouse inalambrico,20,19923.79,efectivo
V-27080,2026-05-24,Optica Vision,Servicio de consultoria,1,20060.80,transferencia
V-27081,2026-05-25,Tech Solutions,Toner HP,2,20197.81,tarjeta
V-27082,2026-05-26,Farmacia Central,Servicio mensual,3,20334.82,efectivo
V-27083,2026-05-27,Hotel Plaza,Cuaderno,4,20471.83,transferencia
V-27084,2026-05-28,Comercial Andrade,Mouse inalambrico,5,20608.84,tarjeta
V-27085,2026-05-01,Garcia SA,Servicio de consultoria,6,20745.85,efectivo
V-27086,2026-05-02,Juan Perez,Toner HP,7,20882.86,transferencia
V-27087,2026-05-03,Marta Gomez,Servicio mensual,8,21019.87,tarjeta
V-27088,2026-05-04,Kiosco El Sol,Cuaderno,9,21156.88,efectivo
V-27089,2026-05-05,Ferreteria Nuñez,Mouse inalambrico,10,21293.89,transferencia
V-27090,2026-05-06,Estudio Contable RyR,Servicio de consultoria,11,21430.90,tarjeta
V-27091,2026-05-07,Bar La Esquina,Toner HP,12,21567.91,efectivo
V-27092,2026-05-08,Distribuidora Sur,Servicio mensual,13,21704.92,transferencia
V-27093,2026-05-09,Panaderia Ortiz,Cuaderno,14,21841.93,tarjeta
V-27094,2026-05-10,Optica Vision,Mouse inalambrico,15,21978.94,efectivo
V-27095,2026-05-11,Tech Solutions,Servicio de consultoria,16,22115.95,transferencia
V-27096,2026-05-12,Farmacia Central,Toner HP,17,22252.96,tarjeta
V-27097,2026-05-13,Hotel Plaza,Servicio mensual,18,22389.97,efectivo
V-27098,2026-05-14,Comercial Andrade,Cuaderno,19,22526.98,transferencia
V-27099,2026-05-15,Garcia SA,Mouse inalambrico,20,22663.99,tarjeta
V-27100,2026-05-16,Juan Perez,Servicio de consultoria,1,22800.00,efectivo
V-27101,2026-05-17,Marta Gomez,Toner HP,2,22937.01,transferencia
V-27102,2026-05-18,Kiosco El Sol,Servicio mensual,3,23074.02,tarjeta
V-27103,2026-05-19,Ferreteria Nuñez,Cuaderno,4,23211.03,efectivo
V-27104,2026-05-20,Estudio Contable RyR,Mouse inalambrico,5,23348.04,transferencia
V-27105,2026-05-21,Bar La Esquina,Servicio de consultoria,6,23485.05,tarjeta
V-27106,2026-05-22,Distribuidora Sur,Toner HP,7,23622.06,efectivo
V-27107,2026-05-23,Panaderia Ortiz,Servicio mensual,8,23759.07,transferencia
V-27108,2026-05-24,Optica Vision,Cuaderno,9,23896.08,tarjeta
V-27109,2026-05-25,Tech Solutions,Mouse inalambrico,10,24033.09,efectivo
V-27110,2026-05-26,Farmacia Central,Servicio de consultoria,11,24170.10,transferencia
V-27111,2026-05-27,Hotel Plaza,Toner HP,12,24307.11,tarjeta
V-27112,2026-05-28,Comercial Andrade,Servicio mensual,13,24444.12,efectivo
V-27113,2026-05-01,Garcia SA,Cuaderno,14,24581.13,transferencia
V-27114,2026-05-02,Juan Perez,Mouse inalambrico,15,24718.14,tarjeta
V-27115,2026-05-03,Marta Gomez,Servicio de consultoria,16,24855.15,efectivo
V-27116,2026-05-04,Kiosco El Sol,Toner HP,17,24992.16,transferencia
V-27117,2026-05-05,Ferreteria Nuñez,Servicio mensual,18,25129.17,tarjeta
V-27118,2026-05-06,Estudio Contable RyR,Cuaderno,19,25266.18,efectivo
V-27119,2026-05-07,Bar La Esquina,Mouse inalambrico,20,25403.19,transferencia
V-27120,2026-05-08,Distribuidora Sur,Servicio de consultoria,1,25540.20,tarjeta
V-27121,2026-05-09,Panaderia Ortiz,Toner HP,2,25677.21,efectivo
V-27122,2026-05-10,Optica Vision,Servicio mensual,3,25814.22,transferencia
V-27123,2026-05-11,Tech Solutions,Cuaderno,4,25951.23,tarjeta
V-27124,2026-05-12,Farmacia Central,Mouse inalambrico,5,26088.24,efectivo
V-27125,2026-05-13,Hotel Plaza,Servicio de consultoria,6,26225.25,transferencia
V-27126,2026-05-14,Comercial Andrade,Toner HP,7,26362.26,tarjeta
V-27127,2026-05-15,Garcia SA,Servicio mensual,8,26499.27,efectivo
V-27128,2026-05-16,Juan Perez,Cuaderno,9,26636.28,transferencia
V-27129,2026-05-17,Marta Gomez,Mouse inalambrico,10,26773.29,tarjeta
V-27130,2026-05-18,Kiosco El Sol,Servicio de consultoria,11,26910.30,efectivo
V-27131,2026-05-19,Ferreteria Nuñez,Toner HP,12,27047.31,transferencia
V-27132,2026-05-20,Estudio Contable RyR,Servicio mensual,13,27184.32,tarjeta
V-27133,2026-05-21,Bar La Esquina,Cuaderno,14,27321.33,efectivo
V-27134,2026-05-22,Distribuidora Sur,Mouse inalambrico,15,27458.34,transferencia
V-27135,2026-05-23,Panaderia Ortiz,Servicio de consultoria,16,27595.35,tarjeta
V-27136,2026-05-24,Optica Vision,Toner HP,17,27732.36,efectivo
V-27137,2026-05-25,Tech Solutions,Servicio mensual,18,27869.37,transferencia
V-27138,2026-05-26,Farmacia Central,Cuaderno,19,28006.38,tarjeta
V-27139,2026-05-27,Hotel Plaza,Mouse inalambrico,20,28143.39,efectivo
V-27140,2026-05-28,Comercial Andrade,Servicio de consultoria,1,28280.40,transferencia
V-27141,2026-05-01,Garcia SA,Toner HP,2,28417.41,tarjeta
V-27142,2026-05-02,Juan Perez,Servicio mensual,3,28554.42,efectivo
V-27143,2026-05-03,Marta Gomez,Cuaderno,4,28691.43,transferencia
V-27144,2026-05-04,Kiosco El Sol,Mouse inalambrico,5,28828.44,tarjeta
V-27145,2026-05-05,Ferreteria Nuñez,Servicio de consultoria,6,28965.45,efectivo
V-27146,2026-05-06,Estudio Contable RyR,Toner HP,7,29102.46,transferencia
V-27147,2026-05-07,Bar La Esquina,Servicio mensual,8,29239.47,tarjeta
V-27148,2026-05-08,Distribuidora Sur,Cuaderno,9,29376.48,efectivo
V-27149,2026-05-09,Panaderia Ortiz,Mouse inalambrico,10,29513.49,transferencia
V-27150,2026-05-10,Optica Vision,Servicio de consultoria,11,29650.50,tarjeta
V-27151,2026-05-11,Tech Solutions,Toner HP,12,29787.51,efectivo
V-27152,2026-05-12,Farmacia Central,Servicio mensual,13,29924.52,transferencia
V-27153,2026-05-13,Hotel Plaza,Cuaderno,14,30061.53,tarjeta
V-27154,2026-05-14,Comercial Andrade,Mouse inalambrico,15,30198.54,efectivo
V-27155,2026-05-15,Garcia SA,Servicio de consultoria,16,30335.55,transferencia
V-27156,2026-05-16,Juan Perez,Toner HP,17,30472.56,tarjeta
V-27157,2026-05-17,Marta Gomez,Servicio mensual,18,30609.57,efectivo
V-27158,2026-05-18,Kiosco El Sol,Cuaderno,19,30746.58,transferencia
V-27159,2026-05-19,Ferreteria Nuñez,Mouse inalambrico,20,30883.59,tarjeta
V-27160,2026-05-20,Estudio Contable RyR,Servicio de consultoria,1,31020.60,efectivo
V-27161,2026-05-21,Bar La Esquina,Toner HP,2,31157.61,transferencia
V-27162,2026-05-22,Distribuidora Sur,Servicio mensual,3,31294.62,tarjeta
V-27163,2026-05-23,Panaderia Ortiz,Cuaderno,4,31431.63,efectivo
V-27164,2026-05-24,Optica Vision,Mouse inalambrico,5,31568.64,transferencia
V-27165,2026-05-25,Tech Solutions,Servicio de consultoria,6,31705.65,tarjeta
V-27166,2026-05-26,Farmacia Central,Toner HP,7,31842.66,efectivo
V-27167,2026-05-27,Hotel Plaza,Servicio mensual,8,31979.67,transferencia
V-27168,2026-05-28,Comercial Andrade,Cuaderno,9,32116.68,tarjeta
V-27169,2026-05-01,Garcia SA,Mouse inalambrico,10,32253.69,efectivo
V-27170,2026-05-02,Juan Perez,Servicio de consultoria,11,32390.70,transferencia
V-27171,2026-05-03,Marta Gomez,Toner HP,12,32527.71,tarjeta
V-27172,2026-05-04,Kiosco El Sol,Servicio mensual,13,32664.72,efectivo
V-27173,2026-05-05,Ferreteria Nuñez,Cuaderno,14,32801.73,transferencia
V-27174,2026-05-06,Estudio Contable RyR,Mouse inalambrico,15,32938.74,tarjeta
V-27175,2026-05-07,Bar La Esquina,Servicio de consultoria,16,33075.75,efectivo
V-27176,2026-05-08,Distribuidora Sur,Toner HP,17,33212.76,transferencia
V-27177,2026-05-09,Panaderia Ortiz,Servicio mensual,18,33349.77,tarjeta
V-27178,2026-05-10,Optica Vision,Cuaderno,19,33486.78,efectivo
V-27179,2026-05-11,Tech Solutions,Mouse inalambrico,20,33623.79,transferencia
V-27180,2026-05-12,Farmacia Central,Servicio de consultoria,1,33760.80,tarjeta
V-27181,2026-05-13,Hotel Plaza,Toner HP,2,33897.81,efectivo
V-27182,2026-05-14,Comercial Andrade,Servicio mensual,3,34034.82,transferencia
V-27183,2026-05-15,Garcia SA,Cuaderno,4,34171.83,tarjeta
V-27184,2026-05-16,Juan Perez,Mouse inalambrico,5,34308.84,efectivo
V-27185,2026-05-17,Marta Gomez,Servicio de consultoria,6,34445.85,transferencia
V-27186,2026-05-18,Kiosco El Sol,Toner HP,7,34582.86,tarjeta
V-27187,2026-05-19,Ferreteria Nuñez,Servicio mensual,8,34719.87,efectivo
V-27188,2026-05-20,Estudio Contable RyR,Cuaderno,9,34856.88,transferencia
V-27189,2026-05-21,Bar La Esquina,Mouse inalambrico,10,34993.89,tarjeta
V-27190,2026-05-22,Distribuidora Sur,Servicio de consultoria,11,35130.90,efectivo
V-27191,2026-05-23,Panaderia Ortiz,Toner HP,12,35267.91,transferencia
V-27192,2026-05-24,Optica Vision,Servicio mensual,13,35404.92,tarjeta
V-27193,2026-05-25,Tech Solutions,Cuaderno,14,35541.93,efectivo
V-27194,2026-05-26,Farmacia Central,Mouse inalambrico,15,35678.94,transferencia
V-27195,2026-05-27,Hotel Plaza,Servicio de consultoria,16,35815.95,tarjeta
V-27196,2026-05-28,Comercial Andrade,Toner HP,17,35952.96,efectivo
V-27197,2026-05-01,Garcia SA,Servicio mensual,18,36089.97,transferencia
V-27198,2026-05-02,Juan Perez,Cuaderno,19,36226.98,tarjeta
V-27199,2026-05-03,Marta Gomez,Mouse inalambrico,20,36363.99,efectivo
V-27200,2026-05-04,Kiosco El Sol,Servicio de consultoria,1,36500.00,transferencia
V-27201,2026-05-05,Ferreteria Nuñez,Toner HP,2,36637.01,tarjeta
V-27202,2026-05-06,Estudio Contable RyR,Servicio mensual,3,36774.02,efectivo
V-27203,2026-05-07,Bar La Esquina,Cuaderno,4,36911.03,transferencia
V-27204,2026-05-08,Distribuidora Sur,Mouse inalambrico,5,37048.04,tarjeta
V-27205,2026-05-09,Panaderia Ortiz,Servicio de consultoria,6,37185.05,efectivo
V-27206,2026-05-10,Optica Vision,Toner HP,7,37322.06,transferencia
V-27207,2026-05-11,Tech Solutions,Servicio mensual,8,37459.07,tarjeta
V-27208,2026-05-12,Farmacia Central,Cuaderno,9,37596.08,efectivo
V-27209,2026-05-13,Hotel Plaza,Mouse inalambrico,10,37733.09,transferencia
V-27210,2026-05-14,Comercial Andrade,Servicio de consultoria,11,37870.10,tarjeta
V-27211,2026-05-15,Garcia SA,Toner HP,12,38007.11,efectivo
V-27212,2026-05-16,Juan Perez,Servicio mensual,13,38144.12,transferencia
V-27213,2026-05-17,Marta Gomez,Cuaderno,14,38281.13,tarjeta
V-27214,2026-05-18,Kiosco El Sol,Mouse inalambrico,15,38418.14,efectivo
V-27215,2026-05-19,Ferreteria Nuñez,Servicio de consultoria,16,38555.15,transferencia
V-27216,2026-05-20,Estudio Contable RyR,Toner HP,17,38692.16,tarjeta
V-27217,2026-05-21,Bar La Esquina,Servicio mensual,18,38829.17,efectivo
V-27218,2026-05-22,Distribuidora Sur,Cuaderno,19,38966.18,transferencia
V-27219,2026-05-23,Panaderia Ortiz,Mouse inalambrico,20,39103.19,tarjeta
V-27220,2026-05-24,Optica Vision,Servicio de consultoria,1,39240.20,efectivo
V-27221,2026-05-25,Tech Solutions,Toner HP,2,39377.21,transferencia
V-27222,2026-05-26,Farmacia Central,Servicio mensual,3,39514.22,tarjeta
V-27223,2026-05-27,Hotel Plaza,Cuaderno,4,39651.23,efectivo
V-27224,2026-05-28,Comercial Andrade,Mouse inalambrico,5,39788.24,transferencia
V-27225,2026-05-01,Garcia SA,Servicio de consultoria,6,39925.25,tarjeta
V-27226,2026-05-02,Juan Perez,Toner HP,7,40062.26,efectivo
V-27227,2026-05-03,Marta Gomez,Servicio mensual,8,40199.27,transferencia
V-27228,2026-05-04,Kiosco El Sol,Cuaderno,9,40336.28,tarjeta
V-27229,2026-05-05,Ferreteria Nuñez,Mouse inalambrico,10,40473.29,efectivo
V-27230,2026-05-06,Estudio Contable RyR,Servicio de consultoria,11,40610.30,transferencia
V-27231,2026-05-07,Bar La Esquina,Toner HP,12,40747.31,tarjeta
V-27232,2026-05-08,Distribuidora Sur,Servicio mensual,13,40884.32,efectivo
V-27233,2026-05-09,Panaderia Ortiz,Cuaderno,14,41021.33,transferencia
V-27234,2026-05-10,Optica Vision,Mouse inalambrico,15,41158.34,tarjeta
V-27235,2026-05-11,Tech Solutions,Servicio de consultoria,16,41295.35,efectivo
V-27236,2026-05-12,Farmacia Central,Toner HP,17,41432.36,transferencia
V-27237,2026-05-13,Hotel Plaza,Servicio mensual,18,41569.37,tarjeta
V-27238,2026-05-14,Comercial Andrade,Cuaderno,19,41706.38,efectivo
V-27239,2026-05-15,Garcia SA,Mouse inalambrico,20,41843.39,transferencia
V-27240,2026-05-16,Juan Perez,Servicio de consultoria,1,41980.40,tarjeta
V-27241,2026-05-17,Marta Gomez,Toner HP,2,42117.41,efectivo
V-27242,2026-05-18,Kiosco El Sol,Servicio mensual,3,42254.42,transferencia
V-27243,2026-05-19,Ferreteria Nuñez,Cuaderno,4,42391.43,tarjeta
V-27244,2026-05-20,Estudio Contable RyR,Mouse inalambrico,5,42528.44,efectivo
V-27245,2026-05-21,Bar La Esquina,Servicio de consultoria,6,42665.45,transferencia
V-27246,2026-05-22,Distribuidora Sur,Toner HP,7,42802.46,tarjeta
V-27247,2026-05-23,Panaderia Ortiz,Servicio mensual,8,42939.47,efectivo
V-27248,2026-05-24,Optica Vision,Cuaderno,9,43076.48,transferencia
V-27249,2026-05-25,Tech Solutions,Mouse inalambrico,10,43213.49,tarjeta
V-27250,2026-05-26,Farmacia Central,Servicio de consultoria,11,43350.50,efectivo
V-27251,2026-05-27,Hotel Plaza,Toner HP,12,43487.51,transferencia
V-27252,2026-05-28,Comercial Andrade,Servicio mensual,13,43624.52,tarjeta
V-27253,2026-05-01,Garcia SA,Cuaderno,14,43761.53,efectivo
V-27254,2026-05-02,Juan Perez,Mouse inalambrico,15,43898.54,transferencia
V-27255,2026-05-03,Marta Gomez,Servicio de consultoria,16,44035.55,tarjeta
V-27256,2026-05-04,Kiosco El Sol,Toner HP,17,44172.56,efectivo
V-27257,2026-05-05,Ferreteria Nuñez,Servicio mensual,18,44309.57,transferencia
V-27258,2026-05-06,Estudio Contable RyR,Cuaderno,19,44446.58,tarjeta
V-27259,2026-05-07,Bar La Esquina,Mouse inalambrico,20,44583.59,efectivo
V-27260,2026-05-08,Distribuidora Sur,Servicio de consultoria,1,44720.60,transferencia
V-27261,2026-05-09,Panaderia Ortiz,Toner HP,2,44857.61,tarjeta
V-27262,2026-05-10,Optica Vision,Servicio mensual,3,44994.62,efectivo
V-27263,2026-05-11,Tech Solutions,Cuaderno,4,45131.63,transferencia
V-27264,2026-05-12,Farmacia Central,Mouse inalambrico,5,45268.64,tarjeta
V-27265,2026-05-13,Hotel Plaza,Servicio de consultoria,6,45405.65,efectivo
V-27266,2026-05-14,Comercial Andrade,Toner HP,7,45542.66,transferencia
V-27267,2026-05-15,Garcia SA,Servicio mensual,8,45679.67,tarjeta
V-27268,2026-05-16,Juan Perez,Cuaderno,9,45816.68,efectivo
V-27269,2026-05-17,Marta Gomez,Mouse inalambrico,10,45953.69,transferencia
V-27270,2026-05-18,Kiosco El Sol,Servicio de consultoria,11,46090.70,tarjeta
V-27271,2026-05-19,Ferreteria Nuñez,Toner HP,12,46227.71,efectivo
V-27272,2026-05-20,Estudio Contable RyR,Servicio mensual,13,46364.72,transferencia
V-27273,2026-05-21,Bar La Esquina,Cuaderno,14,46501.73,tarjeta
V-27274,2026-05-22,Distribuidora Sur,Mouse inalambrico,15,46638.74,efectivo
V-27275,2026-05-23,Panaderia Ortiz,Servicio de consultoria,16,46775.75,transferencia
V-27276,2026-05-24,Optica Vision,Toner HP,17,46912.76,tarjeta
V-27277,2026-05-25,Tech Solutions,Servicio mensual,18,47049.77,efectivo
V-27278,2026-05-26,Farmacia Central,Cuaderno,19,47186.78,transferencia
V-27279,2026-05-27,Hotel Plaza,Mouse inalambrico,20,47323.79,tarjeta
V-27280,2026-05-28,Comercial Andrade,Servicio de consultoria,1,47460.80,efectivo
V-27281,2026-05-01,Garcia SA,Toner HP,2,47597.81,transferencia
V-27282,2026-05-02,Juan Perez,Servicio mensual,3,47734.82,tarjeta
V-27283,2026-05-03,Marta Gomez,Cuaderno,4,47871.83,efectivo
V-27284,2026-05-04,Kiosco El Sol,Mouse inalambrico,5,48008.84,transferencia
V-27285,2026-05-05,Ferreteria Nuñez,Servicio de consultoria,6,48145.85,tarjeta
V-27286,2026-05-06,Estudio Contable RyR,Toner HP,7,48282.86,efectivo
V-27287,2026-05-07,Bar La Esquina,Servicio mensual,8,48419.87,transferencia
V-27288,2026-05-08,Distribuidora Sur,Cuaderno,9,48556.88,tarjeta
V-27289,2026-05-09,Panaderia Ortiz,Mouse inalambrico,10,48693.89,efectivo
V-27290,2026-05-10,Optica Vision,Servicio de consultoria,11,48830.90,transferencia
V-27291,2026-05-11,Tech Solutions,Toner HP,12,48967.91,tarjeta
V-27292,2026-05-12,Farmacia Central,Servicio mensual,13,49104.92,efectivo
V-27293,2026-05-13,Hotel Plaza,Cuaderno,14,49241.93,transferencia
V-27294,2026-05-14,Comercial Andrade,Mouse inalambrico,15,49378.94,tarjeta
V-27295,2026-05-15,Garcia SA,Servicio de consultoria,16,49515.95,efectivo
V-27296,2026-05-16,Juan Perez,Toner HP,17,49652.96,transferencia
V-27297,2026-05-17,Marta Gomez,Servicio mensual,18,49789.97,tarjeta
V-27298,2026-05-18,Kiosco El Sol,Cuaderno,19,49926.98,efectivo
V-27299,2026-05-19,Ferreteria Nuñez,Mouse inalambrico,20,50063.99,transferencia
V-27300,2026-05-20,Estudio Contable RyR,Servicio de consultoria,1,200.00,tarjeta
V-27301,2026-05-21,Bar La Esquina,Toner HP,2,337.01,efectivo
V-27302,2026-05-22,Distribuidora Sur,Servicio mensual,3,474.02,transferencia
V-27303,2026-05-23,Panaderia Ortiz,Cuaderno,4,611.03,tarjeta
V-27304,2026-05-24,Optica Vision,Mouse inalambrico,5,748.04,efectivo
V-27305,2026-05-25,Tech Solutions,Servicio de consultoria,6,885.05,transferencia
V-27306,2026-05-26,Farmacia Central,Toner HP,7,1022.06,tarjeta
V-27307,2026-05-27,Hotel Plaza,Servicio mensual,8,1159.07,efectivo
V-27308,2026-05-28,Comercial Andrade,Cuaderno,9,1296.08,transferencia
V-27309,2026-05-01,Garcia SA,Mouse inalambrico,10,1433.09,tarjeta
V-27310,2026-05-02,Juan Perez,Servicio de consultoria,11,1570.10,efectivo
V-27311,2026-05-03,Marta Gomez,Toner HP,12,1707.11,transferencia
V-27312,2026-05-04,Kiosco El Sol,Servicio mensual,13,1844.12,tarjeta
V-27313,2026-05-05,Ferreteria Nuñez,Cuaderno,14,1981.13,efectivo
V-27314,2026-05-06,Estudio Contable RyR,Mouse inalambrico,15,2118.14,transferencia
V-27315,2026-05-07,Bar La Esquina,Servicio de consultoria,16,2255.15,tarjeta
V-27316,2026-05-08,Distribuidora Sur,Toner HP,17,2392.16,efectivo
V-27317,2026-05-09,Panaderia Ortiz,Servicio mensual,18,2529.17,transferencia
V-27318,2026-05-10,Optica Vision,Cuaderno,19,2666.18,tarjeta
V-27319,2026-05-11,Tech Solutions,Mouse inalambrico,20,2803.19,efectivo
V-27320,2026-05-12,Farmacia Central,Servicio de consultoria,1,2940.20,transferencia
V-27321,2026-05-13,Hotel Plaza,Toner HP,2,3077.21,tarjeta
V-27322,2026-05-14,Comercial Andrade,Servicio mensual,3,3214.22,efectivo
V-27323,2026-05-15,Garcia SA,Cuaderno,4,3351.23,transferencia
V-27324,2026-05-16,Juan Perez,Mouse inalambrico,5,3488.24,tarjeta
V-27325,2026-05-17,Marta Gomez,Servicio de consultoria,6,3625.25,efectivo
V-27326,2026-05-18,Kiosco El Sol,Toner HP,7,3762.26,transferencia
V-27327,2026-05-19,Ferreteria Nuñez,Servicio mensual,8,3899.27,tarjeta
V-27328,2026-05-20,Estudio Contable RyR,Cuaderno,9,4036.28,efectivo
V-27329,2026-05-21,Bar La Esquina,Mouse inalambrico,10,4173.29,transferencia
V-27330,2026-05-22,Distribuidora Sur,Servicio de consultoria,11,4310.30,tarjeta
V-27331,2026-05-23,Panaderia Ortiz,Toner HP,12,4447.31,efectivo
V-27332,2026-05-24,Optica Vision,Servicio mensual,13,4584.32,transferencia
V-27333,2026-05-25,Tech Solutions,Cuaderno,14,4721.33,tarjeta
V-27334,2026-05-26,Farmacia Central,Mouse inalambrico,15,4858.34,efectivo
V-27335,2026-05-27,Hotel Plaza,Servicio de consultoria,16,4995.35,transferencia
V-27336,2026-05-28,Comercial Andrade,Toner HP,17,5132.36,tarjeta
V-27337,2026-05-01,Garcia SA,Servicio mensual,18,5269.37,efectivo
V-27338,2026-05-02,Juan Perez,Cuaderno,19,5406.38,transferencia
V-27339,2026-05-03,Marta Gomez,Mouse inalambrico,20,5543.39,tarjeta
V-27340,2026-05-04,Kiosco El Sol,Servicio de consultoria,1,5680.40,efectivo
V-27341,2026-05-05,Ferreteria Nuñez,Toner HP,2,5817.41,transferencia
V-27342,2026-05-06,Estudio Contable RyR,Servicio mensual,3,5954.42,tarjeta
V-27343,2026-05-07,Bar La Esquina,Cuaderno,4,6091.43,efectivo
V-27344,2026-05-08,Distribuidora Sur,Mouse inalambrico,5,6228.44,transferencia
V-27345,2026-05-09,Panaderia Ortiz,Servicio de consultoria,6,6365.45,tarjeta
V-27346,2026-05-10,Optica Vision,Toner HP,7,6502.46,efectivo
V-27347,2026-05-11,Tech Solutions,Servicio mensual,8,6639.47,transferencia
V-27348,2026-05-12,Farmacia Central,Cuaderno,9,6776.48,tarjeta
V-27349,2026-05-13,Hotel Plaza,Mouse inalambrico,10,6913.49,efectivo
V-27350,2026-05-14,Comercial Andrade,Servicio de consultoria,11,7050.50,transferencia
V-27351,2026-05-15,Garcia SA,Toner HP,12,7187.51,tarjeta
V-27352,2026-05-16,Juan Perez,Servicio mensual,13,7324.52,efectivo
V-27353,2026-05-17,Marta Gomez,Cuaderno,14,7461.53,transferencia
V-27354,2026-05-18,Kiosco El Sol,Mouse inalambrico,15,7598.54,tarjeta
V-27355,2026-05-19,Ferreteria Nuñez,Servicio de consultoria,16,7735.55,efectivo
V-27356,2026-05-20,Estudio Contable RyR,Toner HP,17,7872.56,transferencia
V-27357,2026-05-21,Bar La Esquina,Servicio mensual,18,8009.57,tarjeta
V-27358,2026-05-22,Distribuidora Sur,Cuaderno,19,8146.58,efectivo
V-27359,2026-05-23,Panaderia Ortiz,Mouse inalambrico,20,8283.59,transferencia
V-27360,2026-05-24,Optica Vision,Servicio de consultoria,1,8420.60,tarjeta
V-27361,2026-05-25,Tech Solutions,Toner HP,2,8557.61,efectivo
V-27362,2026-05-26,Farmacia Central,Servicio mensual,3,8694.62,transferencia
V-27363,2026-05-27,Hotel Plaza,Cuaderno,4,8831.63,tarjeta
V-27364,2026-05-28,Comercial Andrade,Mouse inalambrico,5,8968.64,efectivo
V-27365,2026-05-01,Garcia SA,Servicio de consultoria,6,9105.65,transferencia
V-27366,2026-05-02,Juan Perez,Toner HP,7,9242.66,tarjeta
V-27367,2026-05-03,Marta Gomez,Servicio mensual,8,9379.67,efectivo
V-27368,2026-05-04,Kiosco El Sol,Cuaderno,9,9516.68,transferencia
V-27369,2026-05-05,Ferreteria Nuñez,Mouse inalambrico,10,9653.69,tarjeta
V-27370,2026-05-06,Estudio Contable RyR,Servicio de consultoria,11,9790.70,efectivo
V-27371,2026-05-07,Bar La Esquina,Toner HP,12,9927.71,transferencia
V-27372,2026-05-08,Distribuidora Sur,Servicio mensual,13,10064.72,tarjeta
V-27373,2026-05-09,Panaderia Ortiz,Cuaderno,14,10201.73,efectivo
V-27374,2026-05-10,Optica Vision,Mouse inalambrico,15,10338.74,transferencia
V-27375,2026-05-11,Tech Solutions,Servicio de consultoria,16,10475.75,tarjeta
V-27376,2026-05-12,Farmacia Central,Toner HP,17,10612.76,efectivo
V-27377,2026-05-13,Hotel Plaza,Servicio mensual,18,10749.77,transferencia
V-27378,2026-05-14,Comercial Andrade,Cuaderno,19,10886.78,tarjeta
V-27379,2026-05-15,Garcia SA,Mouse inalambrico,20,11023.79,efectivo
V-27380,2026-05-16,Juan Perez,Servicio de consultoria,1,11160.80,transferencia
V-27381,2026-05-17,Marta Gomez,Toner HP,2,11297.81,tarjeta
V-27382,2026-05-18,Kiosco El Sol,Servicio mensual,3,11434.82,efectivo
V-27383,2026-05-19,Ferreteria Nuñez,Cuaderno,4,11571.83,transferencia
V-27384,2026-05-20,Estudio Contable RyR,Mouse inalambrico,5,11708.84,tarjeta
V-27385,2026-05-21,Bar La Esquina,Servicio de consultoria,6,11845.85,efectivo
V-27386,2026-05-22,Distribuidora Sur,Toner HP,7,11982.86,transferencia
V-27387,2026-05-23,Panaderia Ortiz,Servicio mensual,8,12119.87,tarjeta
V-27388,2026-05-24,Optica Vision,Cuaderno,9,12256.88,efectivo
V-27389,2026-05-25,Tech Solutions,Mouse inalambrico,10,12393.89,transferencia
V-27390,2026-05-26,Farmacia Central,Servicio de consultoria,11,12530.90,tarjeta
V-27391,2026-05-27,Hotel Plaza,Toner HP,12,12667.91,efectivo
V-27392,2026-05-28,Comercial Andrade,Servicio mensual,13,12804.92,transferencia
V-27393,2026-05-01,Garcia SA,Cuaderno,14,12941.93,tarjeta
V-27394,2026-05-02,Juan Perez,Mouse inalambrico,15,13078.94,efectivo
V-27395,2026-05-03,Marta Gomez,Servicio de consultoria,16,13215.95,transferencia
V-27396,2026-05-04,Kiosco El Sol,Toner HP,17,13352.96,tarjeta
V-27397,2026-05-05,Ferreteria Nuñez,Servicio mensual,18,13489.97,efectivo
V-27398,2026-05-06,Estudio Contable RyR,Cuaderno,19,13626.98,transferencia
V-27399,2026-05-07,Bar La Esquina,Mouse inalambrico,20,13763.99,tarjeta
V-27400,2026-05-08,Distribuidora Sur,Servicio de consultoria,1,13900.00,efectivo
V-27401,2026-05-09,Panaderia Ortiz,Toner HP,2,14037.01,transferencia
V-27402,2026-05-10,Optica Vision,Servicio mensual,3,14174.02,tarjeta
V-27403,2026-05-11,Tech Solutions,Cuaderno,4,14311.03,efectivo
V-27404,2026-05-12,Farmacia Central,Mouse inalambrico,5,14448.04,transferencia
V-27405,2026-05-13,Hotel Plaza,Servicio de consultoria,6,14585.05,tarjeta
V-27406,2026-05-14,Comercial Andrade,Toner HP,7,14722.06,efectivo
V-27407,2026-05-15,Garcia SA,Servicio mensual,8,14859.07,transferencia
V-27408,2026-05-16,Juan Perez,Cuaderno,9,14996.08,tarjeta
V-27409,2026-05-17,Marta Gomez,Mouse inalambrico,10,15133.09,efectivo
V-27410,2026-05-18,Kiosco El Sol,Servicio de consultoria,11,15270.10,transferencia
V-27411,2026-05-19,Ferreteria Nuñez,Toner HP,12,15407.11,tarjeta
V-27412,2026-05-20,Estudio Contable RyR,Servicio mensual,13,15544.12,efectivo
V-27413,2026-05-21,Bar La Esquina,Cuaderno,14,15681.13,transferencia
V-27414,2026-05-22,Distribuidora Sur,Mouse inalambrico,15,15818.14,tarjeta
V-27415,2026-05-23,Panaderia Ortiz,Servicio de consultoria,16,15955.15,efectivo
V-27416,2026-05-24,Optica Vision,Toner HP,17,16092.16,transferencia
V-27417,2026-05-25,Tech Solutions,Servicio mensual,18,16229.17,tarjeta
V-27418,2026-05-26,Farmacia Central,Cuaderno,19,16366.18,efectivo
V-27419,2026-05-27,Hotel Plaza,Mouse inalambrico,20,16503.19,transferencia
V-27420,2026-05-28,Comercial Andrade,Servicio de consultoria,1,16640.20,tarjeta
V-27421,2026-05-01,Garcia SA,Toner HP,2,16777.21,efectivo
V-27422,2026-05-02,Juan Perez,Servicio mensual,3,16914.22,transferencia
V-27423,2026-05-03,Marta Gomez,Cuaderno,4,17051.23,tarjeta
V-27424,2026-05-04,Kiosco El Sol,Mouse inalambrico,5,17188.24,efectivo
V-27425,2026-05-05,Ferreteria Nuñez,Servicio de consultoria,6,17325.25,transferencia
V-27426,2026-05-06,Estudio Contable RyR,Toner HP,7,17462.26,tarjeta
V-27427,2026-05-07,Bar La Esquina,Servicio mensual,8,17599.27,efectivo
V-27428,2026-05-08,Distribuidora Sur,Cuaderno,9,17736.28,transferencia
V-27429,2026-05-09,Panaderia Ortiz,Mouse inalambrico,10,17873.29,tarjeta
V-27430,2026-05-10,Optica Vision,Servicio de consultoria,11,18010.30,efectivo
V-27431,2026-05-11,Tech Solutions,Toner HP,12,18147.31,transferencia
V-27432,2026-05-12,Farmacia Central,Servicio mensual,13,18284.32,tarjeta
V-27433,2026-05-13,Hotel Plaza,Cuaderno,14,18421.33,efectivo
V-27434,2026-05-14,Comercial Andrade,Mouse inalambrico,15,18558.34,transferencia
V-27435,2026-05-15,Garcia SA,Servicio de consultoria,16,18695.35,tarjeta
V-27436,2026-05-16,Juan Perez,Toner HP,17,18832.36,efectivo
V-27437,2026-05-17,Marta Gomez,Servicio mensual,18,18969.37,transferencia
V-27438,2026-05-18,Kiosco El Sol,Cuaderno,19,19106.38,tarjeta
V-27439,2026-05-19,Ferreteria Nuñez,Mouse inalambrico,20,19243.39,efectivo
V-27440,2026-05-20,Estudio Contable RyR,Servicio de consultoria,1,19380.40,transferencia
V-27441,2026-05-21,Bar La Esquina,Toner HP,2,19517.41,tarjeta
V-27442,2026-05-22,Distribuidora Sur,Servicio mensual,3,19654.42,efectivo
V-27443,2026-05-23,Panaderia Ortiz,Cuaderno,4,19791.43,transferencia
V-27444,2026-05-24,Optica Vision,Mouse inalambrico,5,19928.44,tarjeta
V-27445,2026-05-25,Tech Solutions,Servicio de consultoria,6,20065.45,efectivo
V-27446,2026-05-26,Farmacia Central,Toner HP,7,20202.46,transferencia
V-27447,2026-05-27,Hotel Plaza,Servicio mensual,8,20339.47,tarjeta
V-27448,2026-05-28,Comercial Andrade,Cuaderno,9,20476.48,efectivo
V-27449,2026-05-01,Garcia SA,Mouse inalambrico,10,20613.49,transferencia
V-27450,2026-05-02,Juan Perez,Servicio de consultoria,11,20750.50,tarjeta
V-27451,2026-05-03,Marta Gomez,Toner HP,12,20887.51,efectivo
V-27452,2026-05-04,Kiosco El Sol,Servicio mensual,13,21024.52,transferencia
V-27453,2026-05-05,Ferreteria Nuñez,Cuaderno,14,21161.53,tarjeta
V-27454,2026-05-06,Estudio Contable RyR,Mouse inalambrico,15,21298.54,efectivo
V-27455,2026-05-07,Bar La Esquina,Servicio de consultoria,16,21435.55,transferencia
V-27456,2026-05-08,Distribuidora Sur,Toner HP,17,21572.56,tarjeta
V-27457,2026-05-09,Panaderia Ortiz,Servicio mensual,18,21709.57,efectivo
V-27458,2026-05-10,Optica Vision,Cuaderno,19,21846.58,transferencia
V-27459,2026-05-11,Tech Solutions,Mouse inalambrico,20,21983.59,tarjeta
V-27460,2026-05-12,Farmacia Central,Servicio de consultoria,1,22120.60,efectivo
V-27461,2026-05-13,Hotel Plaza,Toner HP,2,22257.61,transferencia
V-27462,2026-05-14,Comercial Andrade,Servicio mensual,3,22394.62,tarjeta
V-27463,2026-05-15,Garcia SA,Cuaderno,4,22531.63,efectivo
V-27464,2026-05-16,Juan Perez,Mouse inalambrico,5,22668.64,transferencia
V-27465,2026-05-17,Marta Gomez,Servicio de consultoria,6,22805.65,tarjeta
V-27466,2026-05-18,Kiosco El Sol,Toner HP,7,22942.66,efectivo
V-27467,2026-05-19,Ferreteria Nuñez,Servicio mensual,8,23079.67,transferencia
V-27468,2026-05-20,Estudio Contable RyR,Cuaderno,9,23216.68,tarjeta
V-27469,2026-05-21,Bar La Esquina,Mouse inalambrico,10,23353.69,efectivo
V-27470,2026-05-22,Distribuidora Sur,Servicio de consultoria,11,23490.70,transferencia
V-27471,2026-05-23,Panaderia Ortiz,Toner HP,12,23627.71,tarjeta
V-27472,2026-05-24,Optica Vision,Servicio mensual,13,23764.72,efectivo
V-27473,2026-05-25,Tech Solutions,Cuaderno,14,23901.73,transferencia
V-27474,2026-05-26,Farmacia Central,Mouse inalambrico,15,24038.74,tarjeta
V-27475,2026-05-27,Hotel Plaza,Servicio de consultoria,16,24175.75,efectivo
V-27476,2026-05-28,Comercial Andrade,Toner HP,17,24312.76,transferencia
V-27477,2026-05-01,Garcia SA,Servicio mensual,18,24449.77,tarjeta
V-27478,2026-05-02,Juan Perez,Cuaderno,19,24586.78,efectivo
V-27479,2026-05-03,Marta Gomez,Mouse inalambrico,20,24723.79,transferencia
V-27480,2026-05-04,Kiosco El Sol,Servicio de consultoria,1,24860.80,tarjeta
V-27481,2026-05-05,Ferreteria Nuñez,Toner HP,2,24997.81,efectivo
V-27482,2026-05-06,Estudio Contable RyR,Servicio mensual,3,25134.82,transferencia
V-27483,2026-05-07,Bar La Esquina,Cuaderno,4,25271.83,tarjeta
V-27484,2026-05-08,Distribuidora Sur,Mouse inalambrico,5,25408.84,efectivo
V-27485,2026-05-09,Panaderia Ortiz,Servicio de consultoria,6,25545.85,transferencia
V-27486,2026-05-10,Optica Vision,Toner HP,7,25682.86,tarjeta
V-27487,2026-05-11,Tech Solutions,Servicio mensual,8,25819.87,efectivo
V-27488,2026-05-12,Farmacia Central,Cuaderno,9,25956.88,transferencia
V-27489,2026-05-13,Hotel Plaza,Mouse inalambrico,10,26093.89,tarjeta
V-27490,2026-05-14,Comercial Andrade,Servicio de consultoria,11,26230.90,efectivo
V-27491,2026-05-15,Garcia SA,Toner HP,12,26367.91,transferencia
V-27492,2026-05-16,Juan Perez,Servicio mensual,13,26504.92,tarjeta
V-27493,2026-05-17,Marta Gomez,Cuaderno,14,26641.93,efectivo
V-27494,2026-05-18,Kiosco El Sol,Mouse inalambrico,15,26778.94,transferencia
V-27495,2026-05-19,Ferreteria Nuñez,Servicio de consultoria,16,26915.95,tarjeta
V-27496,2026-05-20,Estudio Contable RyR,Toner HP,17,27052.96,efectivo
V-27497,2026-05-21,Bar La Esquina,Servicio mensual,18,27189.97,transferencia
V-27498,2026-05-22,Distribuidora Sur,Cuaderno,19,27326.98,tarjeta
V-27499,2026-05-23,Panaderia Ortiz,Mouse inalambrico,20,27463.99,efectivo
V-27500,2026-05-24,Optica Vision,Servicio de consultoria,1,27600.00,transferencia
V-27501,2026-05-25,Tech Solutions,Toner HP,2,27737.01,tarjeta
V-27502,2026-05-26,Farmacia Central,Servicio mensual,3,27874.02,efectivo
V-27503,2026-05-27,Hotel Plaza,Cuaderno,4,28011.03,transferencia
V-27504,2026-05-28,Comercial Andrade,Mouse inalambrico,5,28148.04,tarjeta
V-27505,2026-05-01,Garcia SA,Servicio de consultoria,6,28285.05,efectivo
V-27506,2026-05-02,Juan Perez,Toner HP,7,28422.06,transferencia
V-27507,2026-05-03,Marta Gomez,Servicio mensual,8,28559.07,tarjeta
V-27508,2026-05-04,Kiosco El Sol,Cuaderno,9,28696.08,efectivo
V-27509,2026-05-05,Ferreteria Nuñez,Mouse inalambrico,10,28833.09,transferencia
V-27510,2026-05-06,Estudio Contable RyR,Servicio de consultoria,11,28970.10,tarjeta
V-27511,2026-05-07,Bar La Esquina,Toner HP,12,29107.11,efectivo
V-27512,2026-05-08,Distribuidora Sur,Servicio mensual,13,29244.12,transferencia
V-27513,2026-05-09,Panaderia Ortiz,Cuaderno,14,29381.13,tarjeta
V-27514,2026-05-10,Optica Vision,Mouse inalambrico,15,29518.14,efectivo
V-27515,2026-05-11,Tech Solutions,Servicio de consultoria,16,29655.15,transferencia
V-27516,2026-05-12,Farmacia Central,Toner HP,17,29792.16,tarjeta
V-27517,2026-05-13,Hotel Plaza,Servicio mensual,18,29929.17,efectivo
V-27518,2026-05-14,Comercial Andrade,Cuaderno,19,30066.18,transferencia
V-27519,2026-05-15,Garcia SA,Mouse inalambrico,20,30203.19,tarjeta
V-27520,2026-05-16,Juan Perez,Servicio de consultoria,1,30340.20,efectivo
V-27521,2026-05-17,Marta Gomez,Toner HP,2,30477.21,transferencia
V-27522,2026-05-18,Kiosco El Sol,Servicio mensual,3,30614.22,tarjeta
V-27523,2026-05-19,Ferreteria Nuñez,Cuaderno,4,30751.23,efectivo
V-27524,2026-05-20,Estudio Contable RyR,Mouse inalambrico,5,30888.24,transferencia
V-27525,2026-05-21,Bar La Esquina,Servicio de consultoria,6,31025.25,tarjeta
V-27526,2026-05-22,Distribuidora Sur,Toner HP,7,31162.26,efectivo
V-27527,2026-05-23,Panaderia Ortiz,Servicio mensual,8,31299.27,transferencia
V-27528,2026-05-24,Optica Vision,Cuaderno,9,31436.28,tarjeta
V-27529,2026-05-25,Tech Solutions,Mouse inalambrico,10,31573.29,efectivo
V-27530,2026-05-26,Farmacia Central,Servicio de consultoria,11,31710.30,transferencia
V-27531,2026-05-27,Hotel Plaza,Toner HP,12,31847.31,tarjeta
V-27532,2026-05-28,Comercial Andrade,Servicio mensual,13,31984.32,efectivo
V-27533,2026-05-01,Garcia SA,Cuaderno,14,32121.33,transferencia
V-27534,2026-05-02,Juan Perez,Mouse inalambrico,15,32258.34,tarjeta
V-27535,2026-05-03,Marta Gomez,Servicio de consultoria,16,32395.35,efectivo
V-27536,2026-05-04,Kiosco El Sol,Toner HP,17,32532.36,transferencia
V-27537,2026-05-05,Ferreteria Nuñez,Servicio mensual,18,32669.37,tarjeta
V-27538,2026-05-06,Estudio Contable RyR,Cuaderno,19,32806.38,efectivo
V-27539,2026-05-07,Bar La Esquina,Mouse inalambrico,20,32943.39,transferencia
V-27540,2026-05-08,Distribuidora Sur,Servicio de consultoria,1,33080.40,tarjeta
V-27541,2026-05-09,Panaderia Ortiz,Toner HP,2,33217.41,efectivo
V-27542,2026-05-10,Optica Vision,Servicio mensual,3,33354.42,transferencia
V-27543,2026-05-11,Tech Solutions,Cuaderno,4,33491.43,tarjeta
V-27544,2026-05-12,Farmacia Central,Mouse inalambrico,5,33628.44,efectivo
V-27545,2026-05-13,Hotel Plaza,Servicio de consultoria,6,33765.45,transferencia
V-27546,2026-05-14,Comercial Andrade,Toner HP,7,33902.46,tarjeta
V-27547,2026-05-15,Garcia SA,Servicio mensual,8,34039.47,efectivo
V-27548,2026-05-16,Juan Perez,Cuaderno,9,34176.48,transferencia
V-27549,2026-05-17,Marta Gomez,Mouse inalambrico,10,34313.49,tarjeta
V-27550,2026-05-18,Kiosco El Sol,Servicio de consultoria,11,34450.50,efectivo
V-27551,2026-05-19,Ferreteria Nuñez,Toner HP,12,34587.51,transferencia
V-27552,2026-05-20,Estudio Contable RyR,Servicio mensual,13,34724.52,tarjeta
V-27553,2026-05-21,Bar La Esquina,Cuaderno,14,34861.53,efectivo
V-27554,2026-05-22,Distribuidora Sur,Mouse inalambrico,15,34998.54,transferencia
V-27555,2026-05-23,Panaderia Ortiz,Servicio de consultoria,16,35135.55,tarjeta
V-27556,2026-05-24,Optica Vision,Toner HP,17,35272.56,efectivo
V-27557,2026-05-25,Tech Solutions,Servicio mensual,18,35409.57,transferencia
V-27558,2026-05-26,Farmacia Central,Cuaderno,19,35546.58,tarjeta
V-27559,2026-05-27,Hotel Plaza,Mouse inalambrico,20,35683.59,efectivo
V-27560,2026-05-28,Comercial Andrade,Servicio de consultoria,1,35820.60,transferencia
V-27561,2026-05-01,Garcia SA,Toner HP,2,35957.61,tarjeta
V-27562,2026-05-02,Juan Perez,Servicio mensual,3,36094.62,efectivo
V-27563,2026-05-03,Marta Gomez,Cuaderno,4,36231.63,transferencia
V-27564,2026-05-04,Kiosco El Sol,Mouse inalambrico,5,36368.64,tarjeta
V-27565,2026-05-05,Ferreteria Nuñez,Servicio de consultoria,6,36505.65,efectivo
V-27566,2026-05-06,Estudio Contable RyR,Toner HP,7,36642.66,transferencia
V-27567,2026-05-07,Bar La Esquina,Servicio mensual,8,36779.67,tarjeta
V-27568,2026-05-08,Distribuidora Sur,Cuaderno,9,36916.68,efectivo
V-27569,2026-05-09,Panaderia Ortiz,Mouse inalambrico,10,37053.69,transferencia
V-27570,2026-05-10,Optica Vision,Servicio de consultoria,11,37190.70,tarjeta
V-27571,2026-05-11,Tech Solutions,Toner HP,12,37327.71,efectivo
V-27572,2026-05-12,Farmacia Central,Servicio mensual,13,37464.72,transferencia
V-27573,2026-05-13,Hotel Plaza,Cuaderno,14,37601.73,tarjeta
V-27574,2026-05-14,Comercial Andrade,Mouse inalambrico,15,37738.74,efectivo
V-27575,2026-05-15,Garcia SA,Servicio de consultoria,16,37875.75,transferencia
V-27576,2026-05-16,Juan Perez,Toner HP,17,38012.76,tarjeta
V-27577,2026-05-17,Marta Gomez,Servicio mensual,18,38149.77,efectivo
V-27578,2026-05-18,Kiosco El Sol,Cuaderno,19,38286.78,transferencia
V-27579,2026-05-19,Ferreteria Nuñez,Mouse inalambrico,20,38423.79,tarjeta
V-27580,2026-05-20,Estudio Contable RyR,Servicio de consultoria,1,38560.80,efectivo
V-27581,2026-05-21,Bar La Esquina,Toner HP,2,38697.81,transferencia
V-27582,2026-05-22,Distribuidora Sur,Servicio mensual,3,38834.82,tarjeta
V-27583,2026-05-23,Panaderia Ortiz,Cuaderno,4,38971.83,efectivo
V-27584,2026-05-24,Optica Vision,Mouse inalambrico,5,39108.84,transferencia
V-27585,2026-05-25,Tech Solutions,Servicio de consultoria,6,39245.85,tarjeta
V-27586,2026-05-26,Farmacia Central,Toner HP,7,39382.86,efectivo
V-27587,2026-05-27,Hotel Plaza,Servicio mensual,8,39519.87,transferencia
V-27588,2026-05-28,Comercial Andrade,Cuaderno,9,39656.88,tarjeta
V-27589,2026-05-01,Garcia SA,Mouse inalambrico,10,39793.89,efectivo
V-27590,2026-05-02,Juan Perez,Servicio de consultoria,11,39930.90,transferencia
V-27591,2026-05-03,Marta Gomez,Toner HP,12,40067.91,tarjeta
V-27592,2026-05-04,Kiosco El Sol,Servicio mensual,13,40204.92,efectivo
V-27593,2026-05-05,Ferreteria Nuñez,Cuaderno,14,40341.93,transferencia
V-27594,2026-05-06,Estudio Contable RyR,Mouse inalambrico,15,40478.94,tarjeta
V-27595,2026-05-07,Bar La Esquina,Servicio de consultoria,16,40615.95,efectivo
V-27596,2026-05-08,Distribuidora Sur,Toner HP,17,40752.96,transferencia
V-27597,2026-05-09,Panaderia Ortiz,Servicio mensual,18,40889.97,tarjeta
V-27598,2026-05-10,Optica Vision,Cuaderno,19,41026.98,efectivo
V-27599,2026-05-11,Tech Solutions,Mouse inalambrico,20,41163.99,transferencia
V-27600,2026-05-12,Farmacia Central,Servicio de consultoria,1,41300.00,tarjeta
V-27601,2026-05-13,Hotel Plaza,Toner HP,2,41437.01,efectivo
V-27602,2026-05-14,Comercial Andrade,Servicio mensual,3,41574.02,transferencia
V-27603,2026-05-15,Garcia SA,Cuaderno,4,41711.03,tarjeta
V-27604,2026-05-16,Juan Perez,Mouse inalambrico,5,41848.04,efectivo
V-27605,2026-05-17,Marta Gomez,Servicio de consultoria,6,41985.05,transferencia
V-27606,2026-05-18,Kiosco El Sol,Toner HP,7,42122.06,tarjeta
V-27607,2026-05-19,Ferreteria Nuñez,Servicio mensual,8,42259.07,efectivo
V-27608,2026-05-20,Estudio Contable RyR,Cuaderno,9,42396.08,transferencia
V-27609,2026-05-21,Bar La Esquina,Mouse inalambrico,10,42533.09,tarjeta
V-27610,2026-05-22,Distribuidora Sur,Servicio de consultoria,11,42670.10,efectivo
V-27611,2026-05-23,Panaderia Ortiz,Toner HP,12,42807.11,transferencia
V-27612,2026-05-24,Optica Vision,Servicio mensual,13,42944.12,tarjeta
V-27613,2026-05-25,Tech Solutions,Cuaderno,14,43081.13,efectivo
V-27614,2026-05-26,Farmacia Central,Mouse inalambrico,15,43218.14,transferencia
V-27615,2026-05-27,Hotel Plaza,Servicio de consultoria,16,43355.15,tarjeta
V-27616,2026-05-28,Comercial Andrade,Toner HP,17,43492.16,efectivo
V-27617,2026-05-01,Garcia SA,Servicio mensual,18,43629.17,transferencia
V-27618,2026-05-02,Juan Perez,Cuaderno,19,43766.18,tarjeta
V-27619,2026-05-03,Marta Gomez,Mouse inalambrico,20,43903.19,efectivo
V-27620,2026-05-04,Kiosco El Sol,Servicio de consultoria,1,44040.20,transferencia
V-27621,2026-05-05,Ferreteria Nuñez,Toner HP,2,44177.21,tarjeta
V-27622,2026-05-06,Estudio Contable RyR,Servicio mensual,3,44314.22,efectivo
V-27623,2026-05-07,Bar La Esquina,Cuaderno,4,44451.23,transferencia
V-27624,2026-05-08,Distribuidora Sur,Mouse inalambrico,5,44588.24,tarjeta
V-27625,2026-05-09,Panaderia Ortiz,Servicio de consultoria,6,44725.25,efectivo
V-27626,2026-05-10,Optica Vision,Toner HP,7,44862.26,transferencia
V-27627,2026-05-11,Tech Solutions,Servicio mensual,8,44999.27,tarjeta
V-27628,2026-05-12,Farmacia Central,Cuaderno,9,45136.28,efectivo
V-27629,2026-05-13,Hotel Plaza,Mouse inalambrico,10,45273.29,transferencia
V-27630,2026-05-14,Comercial Andrade,Servicio de consultoria,11,45410.30,tarjeta
V-27631,2026-05-15,Garcia SA,Toner HP,12,45547.31,efectivo
V-27632,2026-05-16,Juan Perez,Servicio mensual,13,45684.32,transferencia
V-27633,2026-05-17,Marta Gomez,Cuaderno,14,45821.33,tarjeta
V-27634,2026-05-18,Kiosco El Sol,Mouse inalambrico,15,45958.34,efectivo
V-27635,2026-05-19,Ferreteria Nuñez,Servicio de consultoria,16,46095.35,transferencia
V-27636,2026-05-20,Estudio Contable RyR,Toner HP,17,46232.36,tarjeta
V-27637,2026-05-21,Bar La Esquina,Servicio mensual,18,46369.37,efectivo
V-27638,2026-05-22,Distribuidora Sur,Cuaderno,19,46506.38,transferencia
V-27639,2026-05-23,Panaderia Ortiz,Mouse inalambrico,20,46643.39,tarjeta
V-27640,2026-05-24,Optica Vision,Servicio de consultoria,1,46780.40,efectivo
V-27641,2026-05-25,Tech Solutions,Toner HP,2,46917.41,transferencia
V-27642,2026-05-26,Farmacia Central,Servicio mensual,3,47054.42,tarjeta
V-27643,2026-05-27,Hotel Plaza,Cuaderno,4,47191.43,efectivo
V-27644,2026-05-28,Comercial Andrade,Mouse inalambrico,5,47328.44,transferencia
V-27645,2026-05-01,Garcia SA,Servicio de consultoria,6,47465.45,tarjeta
V-27646,2026-05-02,Juan Perez,Toner HP,7,47602.46,efectivo
V-27647,2026-05-03,Marta Gomez,Servicio mensual,8,47739.47,transferencia
V-27648,2026-05-04,Kiosco El Sol,Cuaderno,9,47876.48,tarjeta
V-27649,2026-05-05,Ferreteria Nuñez,Mouse inalambrico,10,48013.49,efectivo
V-27650,2026-05-06,Estudio Contable RyR,Servicio de consultoria,11,48150.50,transferencia
V-27651,2026-05-07,Bar La Esquina,Toner HP,12,48287.51,tarjeta
V-27652,2026-05-08,Distribuidora Sur,Servicio mensual,13,48424.52,efectivo
V-27653,2026-05-09,Panaderia Ortiz,Cuaderno,14,48561.53,transferencia
V-27654,2026-05-10,Optica Vision,Mouse inalambrico,15,48698.54,tarjeta
V-27655,2026-05-11,Tech Solutions,Servicio de consultoria,16,48835.55,efectivo
V-27656,2026-05-12,Farmacia Central,Toner HP,17,48972.56,transferencia
V-27657,2026-05-13,Hotel Plaza,Servicio mensual,18,49109.57,tarjeta
V-27658,2026-05-14,Comercial Andrade,Cuaderno,19,49246.58,efectivo
V-27659,2026-05-15,Garcia SA,Mouse inalambrico,20,49383.59,transferencia
V-27660,2026-05-16,Juan Perez,Servicio de consultoria,1,49520.60,tarjeta
V-27661,2026-05-17,Marta Gomez,Toner HP,2,49657.61,efectivo
V-27662,2026-05-18,Kiosco El Sol,Servicio mensual,3,49794.62,transferencia
V-27663,2026-05-19,Ferreteria Nuñez,Cuaderno,4,49931.63,tarjeta
V-27664,2026-05-20,Estudio Contable RyR,Mouse inalambrico,5,50068.64,efectivo
V-27665,2026-05-21,Bar La Esquina,Servicio de consultoria,6,205.65,transferencia
V-27666,2026-05-22,Distribuidora Sur,Toner HP,7,342.66,tarjeta
V-27667,2026-05-23,Panaderia Ortiz,Servicio mensual,8,479.67,efectivo
V-27668,2026-05-24,Optica Vision,Cuaderno,9,616.68,transferencia
V-27669,2026-05-25,Tech Solutions,Mouse inalambrico,10,753.69,tarjeta
V-27670,2026-05-26,Farmacia Central,Servicio de consultoria,11,890.70,efectivo
V-27671,2026-05-27,Hotel Plaza,Toner HP,12,1027.71,transferencia
V-27672,2026-05-28,Comercial Andrade,Servicio mensual,13,1164.72,tarjeta
V-27673,2026-05-01,Garcia SA,Cuaderno,14,1301.73,efectivo
V-27674,2026-05-02,Juan Perez,Mouse inalambrico,15,1438.74,transferencia
V-27675,2026-05-03,Marta Gomez,Servicio de consultoria,16,1575.75,tarjeta
V-27676,2026-05-04,Kiosco El Sol,Toner HP,17,1712.76,efectivo
V-27677,2026-05-05,Ferreteria Nuñez,Servicio mensual,18,1849.77,transferencia
V-27678,2026-05-06,Estudio Contable RyR,Cuaderno,19,1986.78,tarjeta
V-27679,2026-05-07,Bar La Esquina,Mouse inalambrico,20,2123.79,efectivo
V-27680,2026-05-08,Distribuidora Sur,Servicio de consultoria,1,2260.80,transferencia
V-27681,2026-05-09,Panaderia Ortiz,Toner HP,2,2397.81,tarjeta
V-27682,2026-05-10,Optica Vision,Servicio mensual,3,2534.82,efectivo
V-27683,2026-05-11,Tech Solutions,Cuaderno,4,2671.83,transferencia
V-27684,2026-05-12,Farmacia Central,Mouse inalambrico,5,2808.84,tarjeta
V-27685,2026-05-13,Hotel Plaza,Servicio de consultoria,6,2945.85,efectivo
V-27686,2026-05-14,Comercial Andrade,Toner HP,7,3082.86,transferencia
V-27687,2026-05-15,Garcia SA,Servicio mensual,8,3219.87,tarjeta
V-27688,2026-05-16,Juan Perez,Cuaderno,9,3356.88,efectivo
V-27689,2026-05-17,Marta Gomez,Mouse inalambrico,10,3493.89,transferencia
V-27690,2026-05-18,Kiosco El Sol,Servicio de consultoria,11,3630.90,tarjeta
V-27691,2026-05-19,Ferreteria Nuñez,Toner HP,12,3767.91,efectivo
V-27692,2026-05-20,Estudio Contable RyR,Servicio mensual,13,3904.92,transferencia
V-27693,2026-05-21,Bar La Esquina,Cuaderno,14,4041.93,tarjeta
V-27694,2026-05-22,Distribuidora Sur,Mouse inalambrico,15,4178.94,efectivo
V-27695,2026-05-23,Panaderia Ortiz,Servicio de consultoria,16,4315.95,transferencia
V-27696,2026-05-24,Optica Vision,Toner HP,17,4452.96,tarjeta
V-27697,2026-05-25,Tech Solutions,Servicio mensual,18,4589.97,efectivo
V-27698,2026-05-26,Farmacia Central,Cuaderno,19,4726.98,transferencia
V-27699,2026-05-27,Hotel Plaza,Mouse inalambrico,20,4863.99,tarjeta
V-27700,2026-05-28,Comercial Andrade,Servicio de consultoria,1,5000.00,efectivo
V-27701,2026-05-01,Garcia SA,Toner HP,2,5137.01,transferencia
V-27702,2026-05-02,Juan Perez,Servicio mensual,3,5274.02,tarjeta
V-27703,2026-05-03,Marta Gomez,Cuaderno,4,5411.03,efectivo
V-27704,2026-05-04,Kiosco El Sol,Mouse inalambrico,5,5548.04,transferencia
V-27705,2026-05-05,Ferreteria Nuñez,Servicio de consultoria,6,5685.05,tarjeta
V-27706,2026-05-06,Estudio Contable RyR,Toner HP,7,5822.06,efectivo
V-27707,2026-05-07,Bar La Esquina,Servicio mensual,8,5959.07,transferencia
V-27708,2026-05-08,Distribuidora Sur,Cuaderno,9,6096.08,tarjeta
V-27709,2026-05-09,Panaderia Ortiz,Mouse inalambrico,10,6233.09,efectivo
V-27710,2026-05-10,Optica Vision,Servicio de consultoria,11,6370.10,transferencia
V-27711,2026-05-11,Tech Solutions,Toner HP,12,6507.11,tarjeta
V-27712,2026-05-12,Farmacia Central,Servicio mensual,13,6644.12,efectivo
V-27713,2026-05-13,Hotel Plaza,Cuaderno,14,6781.13,transferencia
V-27714,2026-05-14,Comercial Andrade,Mouse inalambrico,15,6918.14,tarjeta
V-27715,2026-05-15,Garcia SA,Servicio de consultoria,16,7055.15,efectivo
V-27716,2026-05-16,Juan Perez,Toner HP,17,7192.16,transferencia
V-27717,2026-05-17,Marta Gomez,Servicio mensual,18,7329.17,tarjeta
V-27718,2026-05-18,Kiosco El Sol,Cuaderno,19,7466.18,efectivo
V-27719,2026-05-19,Ferreteria Nuñez,Mouse inalambrico,20,7603.19,transferencia
V-27720,2026-05-20,Estudio Contable RyR,Servicio de consultoria,1,7740.20,tarjeta
V-27721,2026-05-21,Bar La Esquina,Toner HP,2,7877.21,efectivo
V-27722,2026-05-22,Distribuidora Sur,Servicio mensual,3,8014.22,transferencia
V-27723,2026-05-23,Panaderia Ortiz,Cuaderno,4,8151.23,tarjeta
V-27724,2026-05-24,Optica Vision,Mouse inalambrico,5,8288.24,efectivo
V-27725,2026-05-25,Tech Solutions,Servicio de consultoria,6,8425.25,transferencia
V-27726,2026-05-26,Farmacia Central,Toner HP,7,8562.26,tarjeta
V-27727,2026-05-27,Hotel Plaza,Servicio mensual,8,8699.27,efectivo
V-27728,2026-05-28,Comercial Andrade,Cuaderno,9,8836.28,transferencia
V-27729,2026-05-01,Garcia SA,Mouse inalambrico,10,8973.29,tarjeta
V-27730,2026-05-02,Juan Perez,Servicio de consultoria,11,9110.30,efectivo
V-27731,2026-05-03,Marta Gomez,Toner HP,12,9247.31,transferencia
V-27732,2026-05-04,Kiosco El Sol,Servicio mensual,13,9384.32,tarjeta
V-27733,2026-05-05,Ferreteria Nuñez,Cuaderno,14,9521.33,efectivo
V-27734,2026-05-06,Estudio Contable RyR,Mouse inalambrico,15,9658.34,transferencia
V-27735,2026-05-07,Bar La Esquina,Servicio de consultoria,16,9795.35,tarjeta
V-27736,2026-05-08,Distribuidora Sur,Toner HP,17,9932.36,efectivo
V-27737,2026-05-09,Panaderia Ortiz,Servicio mensual,18,10069.37,transferencia
V-27738,2026-05-10,Optica Vision,Cuaderno,19,10206.38,tarjeta
V-27739,2026-05-11,Tech Solutions,Mouse inalambrico,20,10343.39,efectivo
V-27740,2026-05-12,Farmacia Central,Servicio de consultoria,1,10480.40,transferencia
V-27741,2026-05-13,Hotel Plaza,Toner HP,2,10617.41,tarjeta
V-27742,2026-05-14,Comercial Andrade,Servicio mensual,3,10754.42,efectivo
V-27743,2026-05-15,Garcia SA,Cuaderno,4,10891.43,transferencia
V-27744,2026-05-16,Juan Perez,Mouse inalambrico,5,11028.44,tarjeta
V-27745,2026-05-17,Marta Gomez,Servicio de consultoria,6,11165.45,efectivo
V-27746,2026-05-18,Kiosco El Sol,Toner HP,7,11302.46,transferencia
V-27747,2026-05-19,Ferreteria Nuñez,Servicio mensual,8,11439.47,tarjeta
V-27748,2026-05-20,Estudio Contable RyR,Cuaderno,9,11576.48,efectivo
V-27749,2026-05-21,Bar La Esquina,Mouse inalambrico,10,11713.49,transferencia
V-27750,2026-05-22,Distribuidora Sur,Servicio de consultoria,11,11850.50,tarjeta
V-27751,2026-05-23,Panaderia Ortiz,Toner HP,12,11987.51,efectivo
V-27752,2026-05-24,Optica Vision,Servicio mensual,13,12124.52,transferencia
V-27753,2026-05-25,Tech Solutions,Cuaderno,14,12261.53,tarjeta
V-27754,2026-05-26,Farmacia Central,Mouse inalambrico,15,12398.54,efectivo
V-27755,2026-05-27,Hotel Plaza,Servicio de consultoria,16,12535.55,transferencia
V-27756,2026-05-28,Comercial Andrade,Toner HP,17,12672.56,tarjeta
V-27757,2026-05-01,Garcia SA,Servicio mensual,18,12809.57,efectivo
V-27758,2026-05-02,Juan Perez,Cuaderno,19,12946.58,transferencia
V-27759,2026-05-03,Marta Gomez,Mouse inalambrico,20,13083.59,tarjeta
V-27760,2026-05-04,Kiosco El Sol,Servicio de consultoria,1,13220.60,efectivo
V-27761,2026-05-05,Ferreteria Nuñez,Toner HP,2,13357.61,transferencia
V-27762,2026-05-06,Estudio Contable RyR,Servicio mensual,3,13494.62,tarjeta
V-27763,2026-05-07,Bar La Esquina,Cuaderno,4,13631.63,efectivo
V-27764,2026-05-08,Distribuidora Sur,Mouse inalambrico,5,13768.64,transferencia
V-27765,2026-05-09,Panaderia Ortiz,Servicio de consultoria,6,13905.65,tarjeta
V-27766,2026-05-10,Optica Vision,Toner HP,7,14042.66,efectivo
V-27767,2026-05-11,Tech Solutions,Servicio mensual,8,14179.67,transferencia
V-27768,2026-05-12,Farmacia Central,Cuaderno,9,14316.68,tarjeta
V-27769,2026-05-13,Hotel Plaza,Mouse inalambrico,10,14453.69,efectivo
V-27770,2026-05-14,Comercial Andrade,Servicio de consultoria,11,14590.70,transferencia
V-27771,2026-05-15,Garcia SA,Toner HP,12,14727.71,tarjeta
V-27772,2026-05-16,Juan Perez,Servicio mensual,13,14864.72,efectivo
V-27773,2026-05-17,Marta Gomez,Cuaderno,14,15001.73,transferencia
V-27774,2026-05-18,Kiosco El Sol,Mouse inalambrico,15,15138.74,tarjeta
V-27775,2026-05-19,Ferreteria Nuñez,Servicio de consultoria,16,15275.75,efectivo
V-27776,2026-05-20,Estudio Contable RyR,Toner HP,17,15412.76,transferencia
V-27777,2026-05-21,Bar La Esquina,Servicio mensual,18,15549.77,tarjeta
V-27778,2026-05-22,Distribuidora Sur,Cuaderno,19,15686.78,efectivo
V-27779,2026-05-23,Panaderia Ortiz,Mouse inalambrico,20,15823.79,transferencia
V-27780,2026-05-24,Optica Vision,Servicio de consultoria,1,15960.80,tarjeta
V-27781,2026-05-25,Tech Solutions,Toner HP,2,16097.81,efectivo
V-27782,2026-05-26,Farmacia Central,Servicio mensual,3,16234.82,transferencia
V-27783,2026-05-27,Hotel Plaza,Cuaderno,4,16371.83,tarjeta
V-27784,2026-05-28,Comercial Andrade,Mouse inalambrico,5,16508.84,efectivo
V-27785,2026-05-01,Garcia SA,Servicio de consultoria,6,16645.85,transferencia
V-27786,2026-05-02,Juan Perez,Toner HP,7,16782.86,tarjeta
V-27787,2026-05-03,Marta Gomez,Servicio mensual,8,16919.87,efectivo
V-27788,2026-05-04,Kiosco El Sol,Cuaderno,9,17056.88,transferencia
V-27789,2026-05-05,Ferreteria Nuñez,Mouse inalambrico,10,17193.89,tarjeta
V-27790,2026-05-06,Estudio Contable RyR,Servicio de consultoria,11,17330.90,efectivo
V-27791,2026-05-07,Bar La Esquina,Toner HP,12,17467.91,transferencia
V-27792,2026-05-08,Distribuidora Sur,Servicio mensual,13,17604.92,tarjeta
V-27793,2026-05-09,Panaderia Ortiz,Cuaderno,14,17741.93,efectivo
V-27794,2026-05-10,Optica Vision,Mouse inalambrico,15,17878.94,transferencia
V-27795,2026-05-11,Tech Solutions,Servicio de consultoria,16,18015.95,tarjeta
V-27796,2026-05-12,Farmacia Central,Toner HP,17,18152.96,efectivo
V-27797,2026-05-13,Hotel Plaza,Servicio mensual,18,18289.97,transferencia
V-27798,2026-05-14,Comercial Andrade,Cuaderno,19,18426.98,tarjeta
V-27799,2026-05-15,Garcia SA,Mouse inalambrico,20,18563.99,efectivo
V-27800,2026-05-16,Juan Perez,Servicio de consultoria,1,18700.00,transferencia
V-27801,2026-05-17,Marta Gomez,Toner HP,2,18837.01,tarjeta
V-27802,2026-05-18,Kiosco El Sol,Servicio mensual,3,18974.02,efectivo
V-27803,2026-05-19,Ferreteria Nuñez,Cuaderno,4,19111.03,transferencia
V-27804,2026-05-20,Estudio Contable RyR,Mouse inalambrico,5,19248.04,tarjeta
V-27805,2026-05-21,Bar La Esquina,Servicio de consultoria,6,19385.05,efectivo
V-27806,2026-05-22,Distribuidora Sur,Toner HP,7,19522.06,transferencia
V-27807,2026-05-23,Panaderia Ortiz,Servicio mensual,8,19659.07,tarjeta
V-27808,2026-05-24,Optica Vision,Cuaderno,9,19796.08,efectivo
V-27809,2026-05-25,Tech Solutions,Mouse inalambrico,10,19933.09,transferencia
V-27810,2026-05-26,Farmacia Central,Servicio de consultoria,11,20070.10,tarjeta
V-27811,2026-05-27,Hotel Plaza,Toner HP,12,20207.11,efectivo
V-27812,2026-05-28,Comercial Andrade,Servicio mensual,13,20344.12,transferencia
V-27813,2026-05-01,Garcia SA,Cuaderno,14,20481.13,tarjeta
V-27814,2026-05-02,Juan Perez,Mouse inalambrico,15,20618.14,efectivo
V-27815,2026-05-03,Marta Gomez,Servicio de consultoria,16,20755.15,transferencia
V-27816,2026-05-04,Kiosco El Sol,Toner HP,17,20892.16,tarjeta
V-27817,2026-05-05,Ferreteria Nuñez,Servicio mensual,18,21029.17,efectivo
V-27818,2026-05-06,Estudio Contable RyR,Cuaderno,19,21166.18,transferencia
V-27819,2026-05-07,Bar La Esquina,Mouse inalambrico,20,21303.19,tarjeta
V-27820,2026-05-08,Distribuidora Sur,Servicio de consultoria,1,21440.20,efectivo
V-27821,2026-05-09,Panaderia Ortiz,Toner HP,2,21577.21,transferencia
V-27822,2026-05-10,Optica Vision,Servicio mensual,3,21714.22,tarjeta
V-27823,2026-05-11,Tech Solutions,Cuaderno,4,21851.23,efectivo
V-27824,2026-05-12,Farmacia Central,Mouse inalambrico,5,21988.24,transferencia
V-27825,2026-05-13,Hotel Plaza,Servicio de consultoria,6,22125.25,tarjeta
V-27826,2026-05-14,Comercial Andrade,Toner HP,7,22262.26,efectivo
V-27827,2026-05-15,Garcia SA,Servicio mensual,8,22399.27,transferencia
V-27828,2026-05-16,Juan Perez,Cuaderno,9,22536.28,tarjeta
V-27829,2026-05-17,Marta Gomez,Mouse inalambrico,10,22673.29,efectivo
V-27830,2026-05-18,Kiosco El Sol,Servicio de consultoria,11,22810.30,transferencia
V-27831,2026-05-19,Ferreteria Nuñez,Toner HP,12,22947.31,tarjeta
V-27832,2026-05-20,Estudio Contable RyR,Servicio mensual,13,23084.32,efectivo
V-27833,2026-05-21,Bar La Esquina,Cuaderno,14,23221.33,transferencia
V-27834,2026-05-22,Distribuidora Sur,Mouse inalambrico,15,23358.34,tarjeta
V-27835,2026-05-23,Panaderia Ortiz,Servicio de consultoria,16,23495.35,efectivo
V-27836,2026-05-24,Optica Vision,Toner HP,17,23632.36,transferencia
V-27837,2026-05-25,Tech Solutions,Servicio mensual,18,23769.37,tarjeta
V-27838,2026-05-26,Farmacia Central,Cuaderno,19,23906.38,efectivo
V-27839,2026-05-27,Hotel Plaza,Mouse inalambrico,20,24043.39,transferencia
V-27840,2026-05-28,Comercial Andrade,Servicio de consultoria,1,24180.40,tarjeta
V-27841,2026-05-01,Garcia SA,Toner HP,2,24317.41,efectivo
V-27842,2026-05-02,Juan Perez,Servicio mensual,3,24454.42,transferencia
V-27843,2026-05-03,Marta Gomez,Cuaderno,4,24591.43,tarjeta
V-27844,2026-05-04,Kiosco El Sol,Mouse inalambrico,5,24728.44,efectivo
V-27845,2026-05-05,Ferreteria Nuñez,Servicio de consultoria,6,24865.45,transferencia
V-27846,2026-05-06,Estudio Contable RyR,Toner HP,7,25002.46,tarjeta
V-27847,2026-05-07,Bar La Esquina,Servicio mensual,8,25139.47,efectivo
V-27848,2026-05-08,Distribuidora Sur,Cuaderno,9,25276.48,transferencia
V-27849,2026-05-09,Panaderia Ortiz,Mouse inalambrico,10,25413.49,tarjeta
V-27850,2026-05-10,Optica Vision,Servicio de consultoria,11,25550.50,efectivo
V-27851,2026-05-11,Tech Solutions,Toner HP,12,25687.51,transferencia
V-27852,2026-05-12,Farmacia Central,Servicio mensual,13,25824.52,tarjeta
V-27853,2026-05-13,Hotel Plaza,Cuaderno,14,25961.53,efectivo
V-27854,2026-05-14,Comercial Andrade,Mouse inalambrico,15,26098.54,transferencia
V-27855,2026-05-15,Garcia SA,Servicio de consultoria,16,26235.55,tarjeta
V-27856,2026-05-16,Juan Perez,Toner HP,17,26372.56,efectivo
V-27857,2026-05-17,Marta Gomez,Servicio mensual,18,26509.57,transferencia
V-27858,2026-05-18,Kiosco El Sol,Cuaderno,19,26646.58,tarjeta
V-27859,2026-05-19,Ferreteria Nuñez,Mouse inalambrico,20,26783.59,efectivo
V-27860,2026-05-20,Estudio Contable RyR,Servicio de consultoria,1,26920.60,transferencia
V-27861,2026-05-21,Bar La Esquina,Toner HP,2,27057.61,tarjeta
V-27862,2026-05-22,Distribuidora Sur,Servicio mensual,3,27194.62,efectivo
V-27863,2026-05-23,Panaderia Ortiz,Cuaderno,4,27331.63,transferencia
V-27864,2026-05-24,Optica Vision,Mouse inalambrico,5,27468.64,tarjeta
V-27865,2026-05-25,Tech Solutions,Servicio de consultoria,6,27605.65,efectivo
V-27866,2026-05-26,Farmacia Central,Toner HP,7,27742.66,transferencia
V-27867,2026-05-27,Hotel Plaza,Servicio mensual,8,27879.67,tarjeta
V-27868,2026-05-28,Comercial Andrade,Cuaderno,9,28016.68,efectivo
V-27869,2026-05-01,Garcia SA,Mouse inalambrico,10,28153.69,transferencia
V-27870,2026-05-02,Juan Perez,Servicio de consultoria,11,28290.70,tarjeta
V-27871,2026-05-03,Marta Gomez,Toner HP,12,28427.71,efectivo
V-27872,2026-05-04,Kiosco El Sol,Servicio mensual,13,28564.72,transferencia
V-27873,2026-05-05,Ferreteria Nuñez,Cuaderno,14,28701.73,tarjeta
V-27874,2026-05-06,Estudio Contable RyR,Mouse inalambrico,15,28838.74,efectivo
V-27875,2026-05-07,Bar La Esquina,Servicio de consultoria,16,28975.75,transferencia
V-27876,2026-05-08,Distribuidora Sur,Toner HP,17,29112.76,tarjeta
V-27877,2026-05-09,Panaderia Ortiz,Servicio mensual,18,29249.77,efectivo
V-27878,2026-05-10,Optica Vision,Cuaderno,19,29386.78,transferencia
V-27879,2026-05-11,Tech Solutions,Mouse inalambrico,20,29523.79,tarjeta
V-27880,2026-05-12,Farmacia Central,Servicio de consultoria,1,29660.80,efectivo
V-27881,2026-05-13,Hotel Plaza,Toner HP,2,29797.81,transferencia
V-27882,2026-05-14,Comercial Andrade,Servicio mensual,3,29934.82,tarjeta
V-27883,2026-05-15,Garcia SA,Cuaderno,4,30071.83,efectivo
V-27884,2026-05-16,Juan Perez,Mouse inalambrico,5,30208.84,transferencia
V-27885,2026-05-17,Marta Gomez,Servicio de consultoria,6,30345.85,tarjeta
V-27886,2026-05-18,Kiosco El Sol,Toner HP,7,30482.86,efectivo
V-27887,2026-05-19,Ferreteria Nuñez,Servicio mensual,8,30619.87,transferencia
V-27888,2026-05-20,Estudio Contable RyR,Cuaderno,9,30756.88,tarjeta
V-27889,2026-05-21,Bar La Esquina,Mouse inalambrico,10,30893.89,efectivo
V-27890,2026-05-22,Distribuidora Sur,Servicio de consultoria,11,31030.90,transferencia
V-27891,2026-05-23,Panaderia Ortiz,Toner HP,12,31167.91,tarjeta
V-27892,2026-05-24,Optica Vision,Servicio mensual,13,31304.92,efectivo
V-27893,2026-05-25,Tech Solutions,Cuaderno,14,31441.93,transferencia
V-27894,2026-05-26,Farmacia Central,Mouse inalambrico,15,31578.94,tarjeta
V-27895,2026-05-27,Hotel Plaza,Servicio de consultoria,16,31715.95,efectivo
V-27896,2026-05-28,Comercial Andrade,Toner HP,17,31852.96,transferencia
V-27897,2026-05-01,Garcia SA,Servicio mensual,18,31989.97,tarjeta
V-27898,2026-05-02,Juan Perez,Cuaderno,19,32126.98,efectivo
V-27899,2026-05-03,Marta Gomez,Mouse inalambrico,20,32263.99,transferencia
V-27900,2026-05-04,Kiosco El Sol,Servicio de consultoria,1,32400.00,tarjeta
V-27901,2026-05-05,Ferreteria Nuñez,Toner HP,2,32537.01,efectivo
V-27902,2026-05-06,Estudio Contable RyR,Servicio mensual,3,32674.02,transferencia
V-27903,2026-05-07,Bar La Esquina,Cuaderno,4,32811.03,tarjeta
V-27904,2026-05-08,Distribuidora Sur,Mouse inalambrico,5,32948.04,efectivo
V-27905,2026-05-09,Panaderia Ortiz,Servicio de consultoria,6,33085.05,transferencia
V-27906,2026-05-10,Optica Vision,Toner HP,7,33222.06,tarjeta
V-27907,2026-05-11,Tech Solutions,Servicio mensual,8,33359.07,efectivo
V-27908,2026-05-12,Farmacia Central,Cuaderno,9,33496.08,transferencia
V-27909,2026-05-13,Hotel Plaza,Mouse inalambrico,10,33633.09,tarjeta
V-27910,2026-05-14,Comercial Andrade,Servicio de consultoria,11,33770.10,efectivo
V-27911,2026-05-15,Garcia SA,Toner HP,12,33907.11,transferencia
V-27912,2026-05-16,Juan Perez,Servicio mensual,13,34044.12,tarjeta
V-27913,2026-05-17,Marta Gomez,Cuaderno,14,34181.13,efectivo
V-27914,2026-05-18,Kiosco El Sol,Mouse inalambrico,15,34318.14,transferencia
V-27915,2026-05-19,Ferreteria Nuñez,Servicio de consultoria,16,34455.15,tarjeta
V-27916,2026-05-20,Estudio Contable RyR,Toner HP,17,34592.16,efectivo
V-27917,2026-05-21,Bar La Esquina,Servicio mensual,18,34729.17,transferencia
V-27918,2026-05-22,Distribuidora Sur,Cuaderno,19,34866.18,tarjeta
V-27919,2026-05-23,Panaderia Ortiz,Mouse inalambrico,20,35003.19,efectivo
V-27920,2026-05-24,Optica Vision,Servicio de consultoria,1,35140.20,transferencia
V-27921,2026-05-25,Tech Solutions,Toner HP,2,35277.21,tarjeta
V-27922,2026-05-26,Farmacia Central,Servicio mensual,3,35414.22,efectivo
V-27923,2026-05-27,Hotel Plaza,Cuaderno,4,35551.23,transferencia
V-27924,2026-05-28,Comercial Andrade,Mouse inalambrico,5,35688.24,tarjeta
V-27925,2026-05-01,Garcia SA,Servicio de consultoria,6,35825.25,efectivo
V-27926,2026-05-02,Juan Perez,Toner HP,7,35962.26,transferencia
V-27927,2026-05-03,Marta Gomez,Servicio mensual,8,36099.27,tarjeta
V-27928,2026-05-04,Kiosco El Sol,Cuaderno,9,36236.28,efectivo
V-27929,2026-05-05,Ferreteria Nuñez,Mouse inalambrico,10,36373.29,transferencia
V-27930,2026-05-06,Estudio Contable RyR,Servicio de consultoria,11,36510.30,tarjeta
V-27931,2026-05-07,Bar La Esquina,Toner HP,12,36647.31,efectivo
V-27932,2026-05-08,Distribuidora Sur,Servicio mensual,13,36784.32,transferencia
V-27933,2026-05-09,Panaderia Ortiz,Cuaderno,14,36921.33,tarjeta
V-27934,2026-05-10,Optica Vision,Mouse inalambrico,15,37058.34,efectivo
V-27935,2026-05-11,Tech Solutions,Servicio de consultoria,16,37195.35,transferencia
V-27936,2026-05-12,Farmacia Central,Toner HP,17,37332.36,tarjeta
V-27937,2026-05-13,Hotel Plaza,Servicio mensual,18,37469.37,efectivo
V-27938,2026-05-14,Comercial Andrade,Cuaderno,19,37606.38,transferencia
V-27939,2026-05-15,Garcia SA,Mouse inalambrico,20,37743.39,tarjeta
V-27940,2026-05-16,Juan Perez,Servicio de consultoria,1,37880.40,efectivo
V-27941,2026-05-17,Marta Gomez,Toner HP,2,38017.41,transferencia
V-27942,2026-05-18,Kiosco El Sol,Servicio mensual,3,38154.42,tarjeta
V-27943,2026-05-19,Ferreteria Nuñez,Cuaderno,4,38291.43,efectivo
V-27944,2026-05-20,Estudio Contable RyR,Mouse inalambrico,5,38428.44,transferencia
V-27945,2026-05-21,Bar La Esquina,Servicio de consultoria,6,38565.45,tarjeta
V-27946,2026-05-22,Distribuidora Sur,Toner HP,7,38702.46,efectivo
V-27947,2026-05-23,Panaderia Ortiz,Servicio mensual,8,38839.47,transferencia
V-27948,2026-05-24,Optica Vision,Cuaderno,9,38976.48,tarjeta
V-27949,2026-05-25,Tech Solutions,Mouse inalambrico,10,39113.49,efectivo
V-27950,2026-05-26,Farmacia Central,Servicio de consultoria,11,39250.50,transferencia
V-27951,2026-05-27,Hotel Plaza,Toner HP,12,39387.51,tarjeta
V-27952,2026-05-28,Comercial Andrade,Servicio mensual,13,39524.52,efectivo
V-27953,2026-05-01,Garcia SA,Cuaderno,14,39661.53,transferencia
V-27954,2026-05-02,Juan Perez,Mouse inalambrico,15,39798.54,tarjeta
V-27955,2026-05-03,Marta Gomez,Servicio de consultoria,16,39935.55,efectivo
V-27956,2026-05-04,Kiosco El Sol,Toner HP,17,40072.56,transferencia
V-27957,2026-05-05,Ferreteria Nuñez,Servicio mensual,18,40209.57,tarjeta
V-27958,2026-05-06,Estudio Contable RyR,Cuaderno,19,40346.58,efectivo
V-27959,2026-05-07,Bar La Esquina,Mouse inalambrico,20,40483.59,transferencia
V-27960,2026-05-08,Distribuidora Sur,Servicio de consultoria,1,40620.60,tarjeta
V-27961,2026-05-09,Panaderia Ortiz,Toner HP,2,40757.61,efectivo
V-27962,2026-05-10,Optica Vision,Servicio mensual,3,40894.62,transferencia
V-27963,2026-05-11,Tech Solutions,Cuaderno,4,41031.63,tarjeta
V-27964,2026-05-12,Farmacia Central,Mouse inalambrico,5,41168.64,efectivo
V-27965,2026-05-13,Hotel Plaza,Servicio de consultoria,6,41305.65,transferencia
V-27966,2026-05-14,Comercial Andrade,Toner HP,7,41442.66,tarjeta
V-27967,2026-05-15,Garcia SA,Servicio mensual,8,41579.67,efectivo
V-27968,2026-05-16,Juan Perez,Cuaderno,9,41716.68,transferencia
V-27969,2026-05-17,Marta Gomez,Mouse inalambrico,10,41853.69,tarjeta
V-27970,2026-05-18,Kiosco El Sol,Servicio de consultoria,11,41990.70,efectivo
V-27971,2026-05-19,Ferreteria Nuñez,Toner HP,12,42127.71,transferencia
V-27972,2026-05-20,Estudio Contable RyR,Servicio mensual,13,42264.72,tarjeta
V-27973,2026-05-21,Bar La Esquina,Cuaderno,14,42401.73,efectivo
V-27974,2026-05-22,Distribuidora Sur,Mouse inalambrico,15,42538.74,transferencia
V-27975,2026-05-23,Panaderia Ortiz,Servicio de consultoria,16,42675.75,tarjeta
V-27976,2026-05-24,Optica Vision,Toner HP,17,42812.76,efectivo
V-27977,2026-05-25,Tech Solutions,Servicio mensual,18,42949.77,transferencia
V-27978,2026-05-26,Farmacia Central,Cuaderno,19,43086.78,tarjeta
V-27979,2026-05-27,Hotel Plaza,Mouse inalambrico,20,43223.79,efectivo
V-27980,2026-05-28,Comercial Andrade,Servicio de consultoria,1,43360.80,transferencia
V-27981,2026-05-01,Garcia SA,Toner HP,2,43497.81,tarjeta
V-27982,2026-05-02,Juan Perez,Servicio mensual,3,43634.82,efectivo
V-27983,2026-05-03,Marta Gomez,Cuaderno,4,43771.83,transferencia
V-27984,2026-05-04,Kiosco El Sol,Mouse inalambrico,5,43908.84,tarjeta
V-27985,2026-05-05,Ferreteria Nuñez,Servicio de consultoria,6,44045.85,efectivo
V-27986,2026-05-06,Estudio Contable RyR,Toner HP,7,44182.86,transferencia
V-27987,2026-05-07,Bar La Esquina,Servicio mensual,8,44319.87,tarjeta
V-27988,2026-05-08,Distribuidora Sur,Cuaderno,9,44456.88,efectivo
V-27989,2026-05-09,Panaderia Ortiz,Mouse inalambrico,10,44593.89,transferencia
V-27990,2026-05-10,Optica Vision,Servicio de consultoria,11,44730.90,tarjeta
V-27991,2026-05-11,Tech Solutions,Toner HP,12,44867.91,efectivo
V-27992,2026-05-12,Farmacia Central,Servicio mensual,13,45004.92,transferencia
V-27993,2026-05-13,Hotel Plaza,Cuaderno,14,45141.93,tarjeta
V-27994,2026-05-14,Comercial Andrade,Mouse inalambrico,15,45278.94,efectivo
V-27995,2026-05-15,Garcia SA,Servicio de consultoria,16,45415.95,transferencia
V-27996,2026-05-16,Juan Perez,Toner HP,17,45552.96,tarjeta
V-27997,2026-05-17,Marta Gomez,Servicio mensual,18,45689.97,efectivo
V-27998,2026-05-18,Kiosco El Sol,Cuaderno,19,45826.98,transferencia
V-27999,2026-05-19,Ferreteria Nuñez,Mouse inalambrico,20,45963.99,tarjeta
V-28000,2026-05-20,Estudio Contable RyR,Servicio de consultoria,1,46100.00,efectivo
V-28001,2026-05-21,Bar La Esquina,Toner HP,2,46237.01,transferencia
V-28002,2026-05-22,Distribuidora Sur,Servicio mensual,3,46374.02,tarjeta
V-28003,2026-05-23,Panaderia Ortiz,Cuaderno,4,46511.03,efectivo
V-28004,2026-05-24,Optica Vision,Mouse inalambrico,5,46648.04,transferencia
V-28005,2026-05-25,Tech Solutions,Servicio de consultoria,6,46785.05,tarjeta
V-28006,2026-05-26,Farmacia Central,Toner HP,7,46922.06,efectivo
V-28007,2026-05-27,Hotel Plaza,Servicio mensual,8,47059.07,transferencia
V-28008,2026-05-28,Comercial Andrade,Cuaderno,9,47196.08,tarjeta
V-28009,2026-05-01,Garcia SA,Mouse inalambrico,10,47333.09,efectivo
V-28010,2026-05-02,Juan Perez,Servicio de consultoria,11,47470.10,transferencia
V-28011,2026-05-03,Marta Gomez,Toner HP,12,47607.11,tarjeta
V-28012,2026-05-04,Kiosco El Sol,Servicio mensual,13,47744.12,efectivo
V-28013,2026-05-05,Ferreteria Nuñez,Cuaderno,14,47881.13,transferencia
V-28014,2026-05-06,Estudio Contable RyR,Mouse inalambrico,15,48018.14,tarjeta
V-28015,2026-05-07,Bar La Esquina,Servicio de consultoria,16,48155.15,efectivo
V-28016,2026-05-08,Distribuidora Sur,Toner HP,17,48292.16,transferencia
V-28017,2026-05-09,Panaderia Ortiz,Servicio mensual,18,48429.17,tarjeta
V-28018,2026-05-10,Optica Vision,Cuaderno,19,48566.18,efectivo
V-28019,2026-05-11,Tech Solutions,Mouse inalambrico,20,48703.19,transferencia
V-28020,2026-05-12,Farmacia Central,Servicio de consultoria,1,48840.20,tarjeta
V-28021,2026-05-13,Hotel Plaza,Toner HP,2,48977.21,efectivo
V-28022,2026-05-14,Comercial Andrade,Servicio mensual,3,49114.22,transferencia
V-28023,2026-05-15,Garcia SA,Cuaderno,4,49251.23,tarjeta
V-28024,2026-05-16,Juan Perez,Mouse inalambrico,5,49388.24,efectivo
V-28025,2026-05-17,Marta Gomez,Servicio de consultoria,6,49525.25,transferencia
V-28026,2026-05-18,Kiosco El Sol,Toner HP,7,49662.26,tarjeta
V-28027,2026-05-19,Ferreteria Nuñez,Servicio mensual,8,49799.27,efectivo
V-28028,2026-05-20,Estudio Contable RyR,Cuaderno,9,49936.28,transferencia
V-28029,2026-05-21,Bar La Esquina,Mouse inalambrico,10,50073.29,tarjeta
V-28030,2026-05-22,Distribuidora Sur,Servicio de consultoria,11,210.30,efectivo
V-28031,2026-05-23,Panaderia Ortiz,Toner HP,12,347.31,transferencia
V-28032,2026-05-24,Optica Vision,Servicio mensual,13,484.32,tarjeta
V-28033,2026-05-25,Tech Solutions,Cuaderno,14,621.33,efectivo
V-28034,2026-05-26,Farmacia Central,Mouse inalambrico,15,758.34,transferencia
V-28035,2026-05-27,Hotel Plaza,Servicio de consultoria,16,895.35,tarjeta
V-28036,2026-05-28,Comercial Andrade,Toner HP,17,1032.36,efectivo
V-28037,2026-05-01,Garcia SA,Servicio mensual,18,1169.37,transferencia
V-28038,2026-05-02,Juan Perez,Cuaderno,19,1306.38,tarjeta
V-28039,2026-05-03,Marta Gomez,Mouse inalambrico,20,1443.39,efectivo
V-28040,2026-05-04,Kiosco El Sol,Servicio de consultoria,1,1580.40,transferencia
V-28041,2026-05-05,Ferreteria Nuñez,Toner HP,2,1717.41,tarjeta
V-28042,2026-05-06,Estudio Contable RyR,Servicio mensual,3,1854.42,efectivo
V-28043,2026-05-07,Bar La Esquina,Cuaderno,4,1991.43,transferencia
V-28044,2026-05-08,Distribuidora Sur,Mouse inalambrico,5,2128.44,tarjeta
V-28045,2026-05-09,Panaderia Ortiz,Servicio de consultoria,6,2265.45,efectivo
V-28046,2026-05-10,Optica Vision,Toner HP,7,2402.46,transferencia
V-28047,2026-05-11,Tech Solutions,Servicio mensual,8,2539.47,tarjeta
V-28048,2026-05-12,Farmacia Central,Cuaderno,9,2676.48,efectivo
V-28049,2026-05-13,Hotel Plaza,Mouse inalambrico,10,2813.49,transferencia
V-28050,2026-05-14,Comercial Andrade,Servicio de consultoria,11,2950.50,tarjeta
V-28051,2026-05-15,Garcia SA,Toner HP,12,3087.51,efectivo
V-28052,2026-05-16,Juan Perez,Servicio mensual,13,3224.52,transferencia
V-28053,2026-05-17,Marta Gomez,Cuaderno,14,3361.53,tarjeta
V-28054,2026-05-18,Kiosco El Sol,Mouse inalambrico,15,3498.54,efectivo
V-28055,2026-05-19,Ferreteria Nuñez,Servicio de consultoria,16,3635.55,transferencia
V-28056,2026-05-20,Estudio Contable RyR,Toner HP,17,3772.56,tarjeta
V-28057,2026-05-21,Bar La Esquina,Servicio mensual,18,3909.57,efectivo
V-28058,2026-05-22,Distribuidora Sur,Cuaderno,19,4046.58,transferencia
V-28059,2026-05-23,Panaderia Ortiz,Mouse inalambrico,20,4183.59,tarjeta
V-28060,2026-05-24,Optica Vision,Servicio de consultoria,1,4320.60,efectivo
V-28061,2026-05-25,Tech Solutions,Toner HP,2,4457.61,transferencia
V-28062,2026-05-26,Farmacia Central,Servicio mensual,3,4594.62,tarjeta
V-28063,2026-05-27,Hotel Plaza,Cuaderno,4,4731.63,efectivo
V-28064,2026-05-28,Comercial Andrade,Mouse inalambrico,5,4868.64,transferencia
V-28065,2026-05-01,Garcia SA,Servicio de consultoria,6,5005.65,tarjeta
V-28066,2026-05-02,Juan Perez,Toner HP,7,5142.66,efectivo
V-28067,2026-05-03,Marta Gomez,Servicio mensual,8,5279.67,transferencia
V-28068,2026-05-04,Kiosco El Sol,Cuaderno,9,5416.68,tarjeta
V-28069,2026-05-05,Ferreteria Nuñez,Mouse inalambrico,10,5553.69,efectivo
V-28070,2026-05-06,Estudio Contable RyR,Servicio de consultoria,11,5690.70,transferencia
V-28071,2026-05-07,Bar La Esquina,Toner HP,12,5827.71,tarjeta
V-28072,2026-05-08,Distribuidora Sur,Servicio mensual,13,5964.72,efectivo
V-28073,2026-05-09,Panaderia Ortiz,Cuaderno,14,6101.73,transferencia
V-28074,2026-05-10,Optica Vision,Mouse inalambrico,15,6238.74,tarjeta
V-28075,2026-05-11,Tech Solutions,Servicio de consultoria,16,6375.75,efectivo
V-28076,2026-05-12,Farmacia Central,Toner HP,17,6512.76,transferencia
V-28077,2026-05-13,Hotel Plaza,Servicio mensual,18,6649.77,tarjeta
V-28078,2026-05-14,Comercial Andrade,Cuaderno,19,6786.78,efectivo
V-28079,2026-05-15,Garcia SA,Mouse inalambrico,20,6923.79,transferencia
V-28080,2026-05-16,Juan Perez,Servicio de consultoria,1,7060.80,tarjeta
V-28081,2026-05-17,Marta Gomez,Toner HP,2,7197.81,efectivo
V-28082,2026-05-18,Kiosco El Sol,Servicio mensual,3,7334.82,transferencia
V-28083,2026-05-19,Ferreteria Nuñez,Cuaderno,4,7471.83,tarjeta
V-28084,2026-05-20,Estudio Contable RyR,Mouse inalambrico,5,7608.84,efectivo
V-28085,2026-05-21,Bar La Esquina,Servicio de consultoria,6,7745.85,transferencia
V-28086,2026-05-22,Distribuidora Sur,Toner HP,7,7882.86,tarjeta
V-28087,2026-05-23,Panaderia Ortiz,Servicio mensual,8,8019.87,efectivo
V-28088,2026-05-24,Optica Vision,Cuaderno,9,8156.88,transferencia
V-28089,2026-05-25,Tech Solutions,Mouse inalambrico,10,8293.89,tarjeta
V-28090,2026-05-26,Farmacia Central,Servicio de consultoria,11,8430.90,efectivo
V-28091,2026-05-27,Hotel Plaza,Toner HP,12,8567.91,transferencia
V-28092,2026-05-28,Comercial Andrade,Servicio mensual,13,8704.92,tarjeta
V-28093,2026-05-01,Garcia SA,Cuaderno,14,8841.93,efectivo
V-28094,2026-05-02,Juan Perez,Mouse inalambrico,15,8978.94,transferencia
V-28095,2026-05-03,Marta Gomez,Servicio de consultoria,16,9115.95,tarjeta
V-28096,2026-05-04,Kiosco El Sol,Toner HP,17,9252.96,efectivo
V-28097,2026-05-05,Ferreteria Nuñez,Servicio mensual,18,9389.97,transferencia
V-28098,2026-05-06,Estudio Contable RyR,Cuaderno,19,9526.98,tarjeta
V-28099,2026-05-07,Bar La Esquina,Mouse inalambrico,20,9663.99,efectivo
V-28100,2026-05-08,Distribuidora Sur,Servicio de consultoria,1,9800.00,transferencia
V-28101,2026-05-09,Panaderia Ortiz,Toner HP,2,9937.01,tarjeta
V-28102,2026-05-10,Optica Vision,Servicio mensual,3,10074.02,efectivo
V-28103,2026-05-11,Tech Solutions,Cuaderno,4,10211.03,transferencia
V-28104,2026-05-12,Farmacia Central,Mouse inalambrico,5,10348.04,tarjeta
V-28105,2026-05-13,Hotel Plaza,Servicio de consultoria,6,10485.05,efectivo
V-28106,2026-05-14,Comercial Andrade,Toner HP,7,10622.06,transferencia
V-28107,2026-05-15,Garcia SA,Servicio mensual,8,10759.07,tarjeta
V-28108,2026-05-16,Juan Perez,Cuaderno,9,10896.08,efectivo
V-28109,2026-05-17,Marta Gomez,Mouse inalambrico,10,11033.09,transferencia
V-28110,2026-05-18,Kiosco El Sol,Servicio de consultoria,11,11170.10,tarjeta
V-28111,2026-05-19,Ferreteria Nuñez,Toner HP,12,11307.11,efectivo
V-28112,2026-05-20,Estudio Contable RyR,Servicio mensual,13,11444.12,transferencia
V-28113,2026-05-21,Bar La Esquina,Cuaderno,14,11581.13,tarjeta
V-28114,2026-05-22,Distribuidora Sur,Mouse inalambrico,15,11718.14,efectivo
V-28115,2026-05-23,Panaderia Ortiz,Servicio de consultoria,16,11855.15,transferencia
V-28116,2026-05-24,Optica Vision,Toner HP,17,11992.16,tarjeta
V-28117,2026-05-25,Tech Solutions,Servicio mensual,18,12129.17,efectivo
V-28118,2026-05-26,Farmacia Central,Cuaderno,19,12266.18,transferencia
V-28119,2026-05-27,Hotel Plaza,Mouse inalambrico,20,12403.19,tarjeta
V-28120,2026-05-28,Comercial Andrade,Servicio de consultoria,1,12540.20,efectivo
V-28121,2026-05-01,Garcia SA,Toner HP,2,12677.21,transferencia
V-28122,2026-05-02,Juan Perez,Servicio mensual,3,12814.22,tarjeta
V-28123,2026-05-03,Marta Gomez,Cuaderno,4,12951.23,efectivo
V-28124,2026-05-04,Kiosco El Sol,Mouse inalambrico,5,13088.24,transferencia
V-28125,2026-05-05,Ferreteria Nuñez,Servicio de consultoria,6,13225.25,tarjeta
V-28126,2026-05-06,Estudio Contable RyR,Toner HP,7,13362.26,efectivo
V-28127,2026-05-07,Bar La Esquina,Servicio mensual,8,13499.27,transferencia
V-28128,2026-05-08,Distribuidora Sur,Cuaderno,9,13636.28,tarjeta
V-28129,2026-05-09,Panaderia Ortiz,Mouse inalambrico,10,13773.29,efectivo
V-28130,2026-05-10,Optica Vision,Servicio de consultoria,11,13910.30,transferencia
V-28131,2026-05-11,Tech Solutions,Toner HP,12,14047.31,tarjeta
V-28132,2026-05-12,Farmacia Central,Servicio mensual,13,14184.32,efectivo
V-28133,2026-05-13,Hotel Plaza,Cuaderno,14,14321.33,transferencia
V-28134,2026-05-14,Comercial Andrade,Mouse inalambrico,15,14458.34,tarjeta
V-28135,2026-05-15,Garcia SA,Servicio de consultoria,16,14595.35,efectivo
V-28136,2026-05-16,Juan Perez,Toner HP,17,14732.36,transferencia
V-28137,2026-05-17,Marta Gomez,Servicio mensual,18,14869.37,tarjeta
V-28138,2026-05-18,Kiosco El Sol,Cuaderno,19,15006.38,efectivo
V-28139,2026-05-19,Ferreteria Nuñez,Mouse inalambrico,20,15143.39,transferencia
V-28140,2026-05-20,Estudio Contable RyR,Servicio de consultoria,1,15280.40,tarjeta
V-28141,2026-05-21,Bar La Esquina,Toner HP,2,15417.41,efectivo
V-28142,2026-05-22,Distribuidora Sur,Servicio mensual,3,15554.42,transferencia
V-28143,2026-05-23,Panaderia Ortiz,Cuaderno,4,15691.43,tarjeta
V-28144,2026-05-24,Optica Vision,Mouse inalambrico,5,15828.44,efectivo
V-28145,2026-05-25,Tech Solutions,Servicio de consultoria,6,15965.45,transferencia
V-28146,2026-05-26,Farmacia Central,Toner HP,7,16102.46,tarjeta
V-28147,2026-05-27,Hotel Plaza,Servicio mensual,8,16239.47,efectivo
V-28148,2026-05-28,Comercial Andrade,Cuaderno,9,16376.48,transferencia
V-28149,2026-05-01,Garcia SA,Mouse inalambrico,10,16513.49,tarjeta
V-28150,2026-05-02,Juan Perez,Servicio de consultoria,11,16650.50,efectivo
V-28151,2026-05-03,Marta Gomez,Toner HP,12,16787.51,transferencia
V-28152,2026-05-04,Kiosco El Sol,Servicio mensual,13,16924.52,tarjeta
V-28153,2026-05-05,Ferreteria Nuñez,Cuaderno,14,17061.53,efectivo
V-28154,2026-05-06,Estudio Contable RyR,Mouse inalambrico,15,17198.54,transferencia
V-28155,2026-05-07,Bar La Esquina,Servicio de consultoria,16,17335.55,tarjeta
V-28156,2026-05-08,Distribuidora Sur,Toner HP,17,17472.56,efectivo
V-28157,2026-05-09,Panaderia Ortiz,Servicio mensual,18,17609.57,transferencia
V-28158,2026-05-10,Optica Vision,Cuaderno,19,17746.58,tarjeta
V-28159,2026-05-11,Tech Solutions,Mouse inalambrico,20,17883.59,efectivo
V-28160,2026-05-12,Farmacia Central,Servicio de consultoria,1,18020.60,transferencia
V-28161,2026-05-13,Hotel Plaza,Toner HP,2,18157.61,tarjeta
V-28162,2026-05-14,Comercial Andrade,Servicio mensual,3,18294.62,efectivo
V-28163,2026-05-15,Garcia SA,Cuaderno,4,18431.63,transferencia
V-28164,2026-05-16,Juan Perez,Mouse inalambrico,5,18568.64,tarjeta
V-28165,2026-05-17,Marta Gomez,Servicio de consultoria,6,18705.65,efectivo
V-28166,2026-05-18,Kiosco El Sol,Toner HP,7,18842.66,transferencia
V-28167,2026-05-19,Ferreteria Nuñez,Servicio mensual,8,18979.67,tarjeta
V-28168,2026-05-20,Estudio Contable RyR,Cuaderno,9,19116.68,efectivo
V-28169,2026-05-21,Bar La Esquina,Mouse inalambrico,10,19253.69,transferencia
V-28170,2026-05-22,Distribuidora Sur,Servicio de consultoria,11,19390.70,tarjeta
V-28171,2026-05-23,Panaderia Ortiz,Toner HP,12,19527.71,efectivo
V-28172,2026-05-24,Optica Vision,Servicio mensual,13,19664.72,transferencia
V-28173,2026-05-25,Tech Solutions,Cuaderno,14,19801.73,tarjeta
V-28174,2026-05-26,Farmacia Central,Mouse inalambrico,15,19938.74,efectivo
V-28175,2026-05-27,Hotel Plaza,Servicio de consultoria,16,20075.75,transferencia
V-28176,2026-05-28,Comercial Andrade,Toner HP,17,20212.76,tarjeta
V-28177,2026-05-01,Garcia SA,Servicio mensual,18,20349.77,efectivo
V-28178,2026-05-02,Juan Perez,Cuaderno,19,20486.78,transferencia
V-28179,2026-05-03,Marta Gomez,Mouse inalambrico,20,20623.79,tarjeta
V-28180,2026-05-04,Kiosco El Sol,Servicio de consultoria,1,20760.80,efectivo
V-28181,2026-05-05,Ferreteria Nuñez,Toner HP,2,20897.81,transferencia
V-28182,2026-05-06,Estudio Contable RyR,Servicio mensual,3,21034.82,tarjeta
V-28183,2026-05-07,Bar La Esquina,Cuaderno,4,21171.83,efectivo
V-28184,2026-05-08,Distribuidora Sur,Mouse inalambrico,5,21308.84,transferencia
V-28185,2026-05-09,Panaderia Ortiz,Servicio de consultoria,6,21445.85,tarjeta
V-28186,2026-05-10,Optica Vision,Toner HP,7,21582.86,efectivo
V-28187,2026-05-11,Tech Solutions,Servicio mensual,8,21719.87,transferencia
V-28188,2026-05-12,Farmacia Central,Cuaderno,9,21856.88,tarjeta
V-28189,2026-05-13,Hotel Plaza,Mouse inalambrico,10,21993.89,efectivo
V-28190,2026-05-14,Comercial Andrade,Servicio de consultoria,11,22130.90,transferencia
V-28191,2026-05-15,Garcia SA,Toner HP,12,22267.91,tarjeta
V-28192,2026-05-16,Juan Perez,Servicio mensual,13,22404.92,efectivo
V-28193,2026-05-17,Marta Gomez,Cuaderno,14,22541.93,transferencia
V-28194,2026-05-18,Kiosco El Sol,Mouse inalambrico,15,22678.94,tarjeta
V-28195,2026-05-19,Ferreteria Nuñez,Servicio de consultoria,16,22815.95,efectivo
V-28196,2026-05-20,Estudio Contable RyR,Toner HP,17,22952.96,transferencia
V-28197,2026-05-21,Bar La Esquina,Servicio mensual,18,23089.97,tarjeta
V-28198,2026-05-22,Distribuidora Sur,Cuaderno,19,23226.98,efectivo
V-28199,2026-05-23,Panaderia Ortiz,Mouse inalambrico,20,23363.99,transferencia
V-28200,2026-05-24,Optica Vision,Servicio de consultoria,1,23500.00,tarjeta
V-28201,2026-05-25,Tech Solutions,Toner HP,2,23637.01,efectivo
V-28202,2026-05-26,Farmacia Central,Servicio mensual,3,23774.02,transferencia
V-28203,2026-05-27,Hotel Plaza,Cuaderno,4,23911.03,tarjeta
V-28204,2026-05-28,Comercial Andrade,Mouse inalambrico,5,24048.04,efectivo
V-28205,2026-05-01,Garcia SA,Servicio de consultoria,6,24185.05,transferencia
V-28206,2026-05-02,Juan Perez,Toner HP,7,24322.06,tarjeta
V-28207,2026-05-03,Marta Gomez,Servicio mensual,8,24459.07,efectivo
V-28208,2026-05-04,Kiosco El Sol,Cuaderno,9,24596.08,transferencia
V-28209,2026-05-05,Ferreteria Nuñez,Mouse inalambrico,10,24733.09,tarjeta
V-28210,2026-05-06,Estudio Contable RyR,Servicio de consultoria,11,24870.10,efectivo
V-28211,2026-05-07,Bar La Esquina,Toner HP,12,25007.11,transferencia
V-28212,2026-05-08,Distribuidora Sur,Servicio mensual,13,25144.12,tarjeta
V-28213,2026-05-09,Panaderia Ortiz,Cuaderno,14,25281.13,efectivo
V-28214,2026-05-10,Optica Vision,Mouse inalambrico,15,25418.14,transferencia
V-28215,2026-05-11,Tech Solutions,Servicio de consultoria,16,25555.15,tarjeta
V-28216,2026-05-12,Farmacia Central,Toner HP,17,25692.16,efectivo
V-28217,2026-05-13,Hotel Plaza,Servicio mensual,18,25829.17,transferencia
V-28218,2026-05-14,Comercial Andrade,Cuaderno,19,25966.18,tarjeta
V-28219,2026-05-15,Garcia SA,Mouse inalambrico,20,26103.19,efectivo
V-28220,2026-05-16,Juan Perez,Servicio de consultoria,1,26240.20,transferencia
V-28221,2026-05-17,Marta Gomez,Toner HP,2,26377.21,tarjeta
V-28222,2026-05-18,Kiosco El Sol,Servicio mensual,3,26514.22,efectivo
V-28223,2026-05-19,Ferreteria Nuñez,Cuaderno,4,26651.23,transferencia
V-28224,2026-05-20,Estudio Contable RyR,Mouse inalambrico,5,26788.24,tarjeta
V-28225,2026-05-21,Bar La Esquina,Servicio de consultoria,6,26925.25,efectivo
V-28226,2026-05-22,Distribuidora Sur,Toner HP,7,27062.26,transferencia
V-28227,2026-05-23,Panaderia Ortiz,Servicio mensual,8,27199.27,tarjeta
V-28228,2026-05-24,Optica Vision,Cuaderno,9,27336.28,efectivo
V-28229,2026-05-25,Tech Solutions,Mouse inalambrico,10,27473.29,transferencia
V-28230,2026-05-26,Farmacia Central,Servicio de consultoria,11,27610.30,tarjeta
V-28231,2026-05-27,Hotel Plaza,Toner HP,12,27747.31,efectivo
V-28232,2026-05-28,Comercial Andrade,Servicio mensual,13,27884.32,transferencia
V-28233,2026-05-01,Garcia SA,Cuaderno,14,28021.33,tarjeta
V-28234,2026-05-02,Juan Perez,Mouse inalambrico,15,28158.34,efectivo
V-28235,2026-05-03,Marta Gomez,Servicio de consultoria,16,28295.35,transferencia
V-28236,2026-05-04,Kiosco El Sol,Toner HP,17,28432.36,tarjeta
V-28237,2026-05-05,Ferreteria Nuñez,Servicio mensual,18,28569.37,efectivo
V-28238,2026-05-06,Estudio Contable RyR,Cuaderno,19,28706.38,transferencia
V-28239,2026-05-07,Bar La Esquina,Mouse inalambrico,20,28843.39,tarjeta
V-28240,2026-05-08,Distribuidora Sur,Servicio de consultoria,1,28980.40,efectivo
V-28241,2026-05-09,Panaderia Ortiz,Toner HP,2,29117.41,transferencia
V-28242,2026-05-10,Optica Vision,Servicio mensual,3,29254.42,tarjeta
V-28243,2026-05-11,Tech Solutions,Cuaderno,4,29391.43,efectivo
V-28244,2026-05-12,Farmacia Central,Mouse inalambrico,5,29528.44,transferencia
V-28245,2026-05-13,Hotel Plaza,Servicio de consultoria,6,29665.45,tarjeta
V-28246,2026-05-14,Comercial Andrade,Toner HP,7,29802.46,efectivo
V-28247,2026-05-15,Garcia SA,Servicio mensual,8,29939.47,transferencia
V-28248,2026-05-16,Juan Perez,Cuaderno,9,30076.48,tarjeta
V-28249,2026-05-17,Marta Gomez,Mouse inalambrico,10,30213.49,efectivo
V-28250,2026-05-18,Kiosco El Sol,Servicio de consultoria,11,30350.50,transferencia
V-28251,2026-05-19,Ferreteria Nuñez,Toner HP,12,30487.51,tarjeta
V-28252,2026-05-20,Estudio Contable RyR,Servicio mensual,13,30624.52,efectivo
V-28253,2026-05-21,Bar La Esquina,Cuaderno,14,30761.53,transferencia
V-28254,2026-05-22,Distribuidora Sur,Mouse inalambrico,15,30898.54,tarjeta
V-28255,2026-05-23,Panaderia Ortiz,Servicio de consultoria,16,31035.55,efectivo
V-28256,2026-05-24,Optica Vision,Toner HP,17,31172.56,transferencia
V-28257,2026-05-25,Tech Solutions,Servicio mensual,18,31309.57,tarjeta
V-28258,2026-05-26,Farmacia Central,Cuaderno,19,31446.58,efectivo
V-28259,2026-05-27,Hotel Plaza,Mouse inalambrico,20,31583.59,transferencia
V-28260,2026-05-28,Comercial Andrade,Servicio de consultoria,1,31720.60,tarjeta
V-28261,2026-05-01,Garcia SA,Toner HP,2,31857.61,efectivo
V-28262,2026-05-02,Juan Perez,Servicio mensual,3,31994.62,transferencia
V-28263,2026-05-03,Marta Gomez,Cuaderno,4,32131.63,tarjeta
V-28264,2026-05-04,Kiosco El Sol,Mouse inalambrico,5,32268.64,efectivo
V-28265,2026-05-05,Ferreteria Nuñez,Servicio de consultoria,6,32405.65,transferencia
V-28266,2026-05-06,Estudio Contable RyR,Toner HP,7,32542.66,tarjeta
V-28267,2026-05-07,Bar La Esquina,Servicio mensual,8,32679.67,efectivo
V-28268,2026-05-08,Distribuidora Sur,Cuaderno,9,32816.68,transferencia
V-28269,2026-05-09,Panaderia Ortiz,Mouse inalambrico,10,32953.69,tarjeta
V-28270,2026-05-10,Optica Vision,Servicio de consultoria,11,33090.70,efectivo
V-28271,2026-05-11,Tech Solutions,Toner HP,12,33227.71,transferencia
V-28272,2026-05-12,Farmacia Central,Servicio mensual,13,33364.72,tarjeta
V-28273,2026-05-13,Hotel Plaza,Cuaderno,14,33501.73,efectivo
V-28274,2026-05-14,Comercial Andrade,Mouse inalambrico,15,33638.74,transferencia
V-28275,2026-05-15,Garcia SA,Servicio de consultoria,16,33775.75,tarjeta
V-28276,2026-05-16,Juan Perez,Toner HP,17,33912.76,efectivo
V-28277,2026-05-17,Marta Gomez,Servicio mensual,18,34049.77,transferencia
V-28278,2026-05-18,Kiosco El Sol,Cuaderno,19,34186.78,tarjeta
V-28279,2026-05-19,Ferreteria Nuñez,Mouse inalambrico,20,34323.79,efectivo
V-28280,2026-05-20,Estudio Contable RyR,Servicio de consultoria,1,34460.80,transferencia
V-28281,2026-05-21,Bar La Esquina,Toner HP,2,34597.81,tarjeta
V-28282,2026-05-22,Distribuidora Sur,Servicio mensual,3,34734.82,efectivo
V-28283,2026-05-23,Panaderia Ortiz,Cuaderno,4,34871.83,transferencia
V-28284,2026-05-24,Optica Vision,Mouse inalambrico,5,35008.84,tarjeta
V-28285,2026-05-25,Tech Solutions,Servicio de consultoria,6,35145.85,efectivo
V-28286,2026-05-26,Farmacia Central,Toner HP,7,35282.86,transferencia
V-28287,2026-05-27,Hotel Plaza,Servicio mensual,8,35419.87,tarjeta
V-28288,2026-05-28,Comercial Andrade,Cuaderno,9,35556.88,efectivo
V-28289,2026-05-01,Garcia SA,Mouse inalambrico,10,35693.89,transferencia
V-28290,2026-05-02,Juan Perez,Servicio de consultoria,11,35830.90,tarjeta
V-28291,2026-05-03,Marta Gomez,Toner HP,12,35967.91,efectivo
V-28292,2026-05-04,Kiosco El Sol,Servicio mensual,13,36104.92,transferencia
V-28293,2026-05-05,Ferreteria Nuñez,Cuaderno,14,36241.93,tarjeta
V-28294,2026-05-06,Estudio Contable RyR,Mouse inalambrico,15,36378.94,efectivo
V-28295,2026-05-07,Bar La Esquina,Servicio de consultoria,16,36515.95,transferencia
V-28296,2026-05-08,Distribuidora Sur,Toner HP,17,36652.96,tarjeta
V-28297,2026-05-09,Panaderia Ortiz,Servicio mensual,18,36789.97,efectivo
V-28298,2026-05-10,Optica Vision,Cuaderno,19,36926.98,transferencia
V-28299,2026-05-11,Tech Solutions,Mouse inalambrico,20,37063.99,tarjeta
V-28300,2026-05-12,Farmacia Central,Servicio de consultoria,1,37200.00,efectivo
V-28301,2026-05-13,Hotel Plaza,Toner HP,2,37337.01,transferencia
V-28302,2026-05-14,Comercial Andrade,Servicio mensual,3,37474.02,tarjeta
V-28303,2026-05-15,Garcia SA,Cuaderno,4,37611.03,efectivo
V-28304,2026-05-16,Juan Perez,Mouse inalambrico,5,37748.04,transferencia
V-28305,2026-05-17,Marta Gomez,Servicio de consultoria,6,37885.05,tarjeta
V-28306,2026-05-18,Kiosco El Sol,Toner HP,7,38022.06,efectivo
V-28307,2026-05-19,Ferreteria Nuñez,Servicio mensual,8,38159.07,transferencia
V-28308,2026-05-20,Estudio Contable RyR,Cuaderno,9,38296.08,tarjeta
V-28309,2026-05-21,Bar La Esquina,Mouse inalambrico,10,38433.09,efectivo
V-28310,2026-05-22,Distribuidora Sur,Servicio de consultoria,11,38570.10,transferencia
V-28311,2026-05-23,Panaderia Ortiz,Toner HP,12,38707.11,tarjeta
V-28312,2026-05-24,Optica Vision,Servicio mensual,13,38844.12,efectivo
V-28313,2026-05-25,Tech Solutions,Cuaderno,14,38981.13,transferencia
V-28314,2026-05-26,Farmacia Central,Mouse inalambrico,15,39118.14,tarjeta
V-28315,2026-05-27,Hotel Plaza,Servicio de consultoria,16,39255.15,efectivo
V-28316,2026-05-28,Comercial Andrade,Toner HP,17,39392.16,transferencia
V-28317,2026-05-01,Garcia SA,Servicio mensual,18,39529.17,tarjeta
V-28318,2026-05-02,Juan Perez,Cuaderno,19,39666.18,efectivo
V-28319,2026-05-03,Marta Gomez,Mouse inalambrico,20,39803.19,transferencia
V-28320,2026-05-04,Kiosco El Sol,Servicio de consultoria,1,39940.20,tarjeta
V-28321,2026-05-05,Ferreteria Nuñez,Toner HP,2,40077.21,efectivo
V-28322,2026-05-06,Estudio Contable RyR,Servicio mensual,3,40214.22,transferencia
V-28323,2026-05-07,Bar La Esquina,Cuaderno,4,40351.23,tarjeta
V-28324,2026-05-08,Distribuidora Sur,Mouse inalambrico,5,40488.24,efectivo
V-28325,2026-05-09,Panaderia Ortiz,Servicio de consultoria,6,40625.25,transferencia
V-28326,2026-05-10,Optica Vision,Toner HP,7,40762.26,tarjeta
V-28327,2026-05-11,Tech Solutions,Servicio mensual,8,40899.27,efectivo
V-28328,2026-05-12,Farmacia Central,Cuaderno,9,41036.28,transferencia
V-28329,2026-05-13,Hotel Plaza,Mouse inalambrico,10,41173.29,tarjeta
V-28330,2026-05-14,Comercial Andrade,Servicio de consultoria,11,41310.30,efectivo
V-28331,2026-05-15,Garcia SA,Toner HP,12,41447.31,transferencia
V-28332,2026-05-16,Juan Perez,Servicio mensual,13,41584.32,tarjeta
V-28333,2026-05-17,Marta Gomez,Cuaderno,14,41721.33,efectivo
V-28334,2026-05-18,Kiosco El Sol,Mouse inalambrico,15,41858.34,transferencia
V-28335,2026-05-19,Ferreteria Nuñez,Servicio de consultoria,16,41995.35,tarjeta
V-28336,2026-05-20,Estudio Contable RyR,Toner HP,17,42132.36,efectivo
V-28337,2026-05-21,Bar La Esquina,Servicio mensual,18,42269.37,transferencia
V-28338,2026-05-22,Distribuidora Sur,Cuaderno,19,42406.38,tarjeta
V-28339,2026-05-23,Panaderia Ortiz,Mouse inalambrico,20,42543.39,efectivo
V-28340,2026-05-24,Optica Vision,Servicio de consultoria,1,42680.40,transferencia
V-28341,2026-05-25,Tech Solutions,Toner HP,2,42817.41,tarjeta
V-28342,2026-05-26,Farmacia Central,Servicio mensual,3,42954.42,efectivo
V-28343,2026-05-27,Hotel Plaza,Cuaderno,4,43091.43,transferencia
V-28344,2026-05-28,Comercial Andrade,Mouse inalambrico,5,43228.44,tarjeta
V-28345,2026-05-01,Garcia SA,Servicio de consultoria,6,43365.45,efectivo
V-28346,2026-05-02,Juan Perez,Toner HP,7,43502.46,transferencia
V-28347,2026-05-03,Marta Gomez,Servicio mensual,8,43639.47,tarjeta
V-28348,2026-05-04,Kiosco El Sol,Cuaderno,9,43776.48,efectivo
V-28349,2026-05-05,Ferreteria Nuñez,Mouse inalambrico,10,43913.49,transferencia
V-28350,2026-05-06,Estudio Contable RyR,Servicio de consultoria,11,44050.50,tarjeta
V-28351,2026-05-07,Bar La Esquina,Toner HP,12,44187.51,efectivo
V-28352,2026-05-08,Distribuidora Sur,Servicio mensual,13,44324.52,transferencia
V-28353,2026-05-09,Panaderia Ortiz,Cuaderno,14,44461.53,tarjeta
V-28354,2026-05-10,Optica Vision,Mouse inalambrico,15,44598.54,efectivo
V-28355,2026-05-11,Tech Solutions,Servicio de consultoria,16,44735.55,transferencia
V-28356,2026-05-12,Farmacia Central,Toner HP,17,44872.56,tarjeta
V-28357,2026-05-13,Hotel Plaza,Servicio mensual,18,45009.57,efectivo
V-28358,2026-05-14,Comercial Andrade,Cuaderno,19,45146.58,transferencia
V-28359,2026-05-15,Garcia SA,Mouse inalambrico,20,45283.59,tarjeta
V-28360,2026-05-16,Juan Perez,Servicio de consultoria,1,45420.60,efectivo
V-28361,2026-05-17,Marta Gomez,Toner HP,2,45557.61,transferencia
V-28362,2026-05-18,Kiosco El Sol,Servicio mensual,3,45694.62,tarjeta
V-28363,2026-05-19,Ferreteria Nuñez,Cuaderno,4,45831.63,efectivo
V-28364,2026-05-20,Estudio Contable RyR,Mouse inalambrico,5,45968.64,transferencia
V-28365,2026-05-21,Bar La Esquina,Servicio de consultoria,6,46105.65,tarjeta
V-28366,2026-05-22,Distribuidora Sur,Toner HP,7,46242.66,efectivo
V-28367,2026-05-23,Panaderia Ortiz,Servicio mensual,8,46379.67,transferencia
V-28368,2026-05-24,Optica Vision,Cuaderno,9,46516.68,tarjeta
V-28369,2026-05-25,Tech Solutions,Mouse inalambrico,10,46653.69,efectivo
V-28370,2026-05-26,Farmacia Central,Servicio de consultoria,11,46790.70,transferencia
V-28371,2026-05-27,Hotel Plaza,Toner HP,12,46927.71,tarjeta
V-28372,2026-05-28,Comercial Andrade,Servicio mensual,13,47064.72,efectivo
V-28373,2026-05-01,Garcia SA,Cuaderno,14,47201.73,transferencia
V-28374,2026-05-02,Juan Perez,Mouse inalambrico,15,47338.74,tarjeta
V-28375,2026-05-03,Marta Gomez,Servicio de consultoria,16,47475.75,efectivo
V-28376,2026-05-04,Kiosco El Sol,Toner HP,17,47612.76,transferencia
V-28377,2026-05-05,Ferreteria Nuñez,Servicio mensual,18,47749.77,tarjeta
V-28378,2026-05-06,Estudio Contable RyR,Cuaderno,19,47886.78,efectivo
V-28379,2026-05-07,Bar La Esquina,Mouse inalambrico,20,48023.79,transferencia
V-28380,2026-05-08,Distribuidora Sur,Servicio de consultoria,1,48160.80,tarjeta
V-28381,2026-05-09,Panaderia Ortiz,Toner HP,2,48297.81,efectivo
V-28382,2026-05-10,Optica Vision,Servicio mensual,3,48434.82,transferencia
V-28383,2026-05-11,Tech Solutions,Cuaderno,4,48571.83,tarjeta
V-28384,2026-05-12,Farmacia Central,Mouse inalambrico,5,48708.84,efectivo
V-28385,2026-05-13,Hotel Plaza,Servicio de consultoria,6,48845.85,transferencia
V-28386,2026-05-14,Comercial Andrade,Toner HP,7,48982.86,tarjeta
V-28387,2026-05-15,Garcia SA,Servicio mensual,8,49119.87,efectivo
V-28388,2026-05-16,Juan Perez,Cuaderno,9,49256.88,transferencia
V-28389,2026-05-17,Marta Gomez,Mouse inalambrico,10,49393.89,tarjeta
V-28390,2026-05-18,Kiosco El Sol,Servicio de consultoria,11,49530.90,efectivo
V-28391,2026-05-19,Ferreteria Nuñez,Toner HP,12,49667.91,transferencia
V-28392,2026-05-20,Estudio Contable RyR,Servicio mensual,13,49804.92,tarjeta
V-28393,2026-05-21,Bar La Esquina,Cuaderno,14,49941.93,efectivo
V-28394,2026-05-22,Distribuidora Sur,Mouse inalambrico,15,50078.94,transferencia
V-28395,2026-05-23,Panaderia Ortiz,Servicio de consultoria,16,215.95,tarjeta
V-28396,2026-05-24,Optica Vision,Toner HP,17,352.96,efectivo
V-28397,2026-05-25,Tech Solutions,Servicio mensual,18,489.97,transferencia
V-28398,2026-05-26,Farmacia Central,Cuaderno,19,626.98,tarjeta
V-28399,2026-05-27,Hotel Plaza,Mouse inalambrico,20,763.99,efectivo
V-28400,2026-05-28,Comercial Andrade,Servicio de consultoria,1,900.00,transferencia
V-28401,2026-05-01,Garcia SA,Toner HP,2,1037.01,tarjeta
V-28402,2026-05-02,Juan Perez,Servicio mensual,3,1174.02,efectivo
V-28403,2026-05-03,Marta Gomez,Cuaderno,4,1311.03,transferencia
V-28404,2026-05-04,Kiosco El Sol,Mouse inalambrico,5,1448.04,tarjeta
V-28405,2026-05-05,Ferreteria Nuñez,Servicio de consultoria,6,1585.05,efectivo
V-28406,2026-05-06,Estudio Contable RyR,Toner HP,7,1722.06,transferencia
V-28407,2026-05-07,Bar La Esquina,Servicio mensual,8,1859.07,tarjeta
V-28408,2026-05-08,Distribuidora Sur,Cuaderno,9,1996.08,efectivo
V-28409,2026-05-09,Panaderia Ortiz,Mouse inalambrico,10,2133.09,transferencia
V-28410,2026-05-10,Optica Vision,Servicio de consultoria,11,2270.10,tarjeta
V-28411,2026-05-11,Tech Solutions,Toner HP,12,2407.11,efectivo
V-28412,2026-05-12,Farmacia Central,Servicio mensual,13,2544.12,transferencia
V-28413,2026-05-13,Hotel Plaza,Cuaderno,14,2681.13,tarjeta
V-28414,2026-05-14,Comercial Andrade,Mouse inalambrico,15,2818.14,efectivo
V-28415,2026-05-15,Garcia SA,Servicio de consultoria,16,2955.15,transferencia
V-28416,2026-05-16,Juan Perez,Toner HP,17,3092.16,tarjeta
V-28417,2026-05-17,Marta Gomez,Servicio mensual,18,3229.17,efectivo
V-28418,2026-05-18,Kiosco El Sol,Cuaderno,19,3366.18,transferencia
V-28419,2026-05-19,Ferreteria Nuñez,Mouse inalambrico,20,3503.19,tarjeta
V-28420,2026-05-20,Estudio Contable RyR,Servicio de consultoria,1,3640.20,efectivo
V-28421,2026-05-21,Bar La Esquina,Toner HP,2,3777.21,transferencia
V-28422,2026-05-22,Distribuidora Sur,Servicio mensual,3,3914.22,tarjeta
V-28423,2026-05-23,Panaderia Ortiz,Cuaderno,4,4051.23,efectivo
V-28424,2026-05-24,Optica Vision,Mouse inalambrico,5,4188.24,transferencia
V-28425,2026-05-25,Tech Solutions,Servicio de consultoria,6,4325.25,tarjeta
V-28426,2026-05-26,Farmacia Central,Toner HP,7,4462.26,efectivo
V-28427,2026-05-27,Hotel Plaza,Servicio mensual,8,4599.27,transferencia
V-28428,2026-05-28,Comercial Andrade,Cuaderno,9,4736.28,tarjeta
V-28429,2026-05-01,Garcia SA,Mouse inalambrico,10,4873.29,efectivo
V-28430,2026-05-02,Juan Perez,Servicio de consultoria,11,5010.30,transferencia
V-28431,2026-05-03,Marta Gomez,Toner HP,12,5147.31,tarjeta
V-28432,2026-05-04,Kiosco El Sol,Servicio mensual,13,5284.32,efectivo
V-28433,2026-05-05,Ferreteria Nuñez,Cuaderno,14,5421.33,transferencia
V-28434,2026-05-06,Estudio Contable RyR,Mouse inalambrico,15,5558.34,tarjeta
V-28435,2026-05-07,Bar La Esquina,Servicio de consultoria,16,5695.35,efectivo
V-28436,2026-05-08,Distribuidora Sur,Toner HP,17,5832.36,transferencia
V-28437,2026-05-09,Panaderia Ortiz,Servicio mensual,18,5969.37,tarjeta
V-28438,2026-05-10,Optica Vision,Cuaderno,19,6106.38,efectivo
V-28439,2026-05-11,Tech Solutions,Mouse inalambrico,20,6243.39,transferencia
V-28440,2026-05-12,Farmacia Central,Servicio de consultoria,1,6380.40,tarjeta
V-28441,2026-05-13,Hotel Plaza,Toner HP,2,6517.41,efectivo
V-28442,2026-05-14,Comercial Andrade,Servicio mensual,3,6654.42,transferencia
V-28443,2026-05-15,Garcia SA,Cuaderno,4,6791.43,tarjeta
V-28444,2026-05-16,Juan Perez,Mouse inalambrico,5,6928.44,efectivo
V-28445,2026-05-17,Marta Gomez,Servicio de consultoria,6,7065.45,transferencia
V-28446,2026-05-18,Kiosco El Sol,Toner HP,7,7202.46,tarjeta
V-28447,2026-05-19,Ferreteria Nuñez,Servicio mensual,8,7339.47,efectivo
V-28448,2026-05-20,Estudio Contable RyR,Cuaderno,9,7476.48,transferencia
V-28449,2026-05-21,Bar La Esquina,Mouse inalambrico,10,7613.49,tarjeta
V-28450,2026-05-22,Distribuidora Sur,Servicio de consultoria,11,7750.50,efectivo
V-28451,2026-05-23,Panaderia Ortiz,Toner HP,12,7887.51,transferencia
V-28452,2026-05-24,Optica Vision,Servicio mensual,13,8024.52,tarjeta
V-28453,2026-05-25,Tech Solutions,Cuaderno,14,8161.53,efectivo
V-28454,2026-05-26,Farmacia Central,Mouse inalambrico,15,8298.54,transferencia
V-28455,2026-05-27,Hotel Plaza,Servicio de consultoria,16,8435.55,tarjeta
V-28456,2026-05-28,Comercial Andrade,Toner HP,17,8572.56,efectivo
V-28457,2026-05-01,Garcia SA,Servicio mensual,18,8709.57,transferencia
V-28458,2026-05-02,Juan Perez,Cuaderno,19,8846.58,tarjeta
V-28459,2026-05-03,Marta Gomez,Mouse inalambrico,20,8983.59,efectivo
V-28460,2026-05-04,Kiosco El Sol,Servicio de consultoria,1,9120.60,transferencia
V-28461,2026-05-05,Ferreteria Nuñez,Toner HP,2,9257.61,tarjeta
V-28462,2026-05-06,Estudio Contable RyR,Servicio mensual,3,9394.62,efectivo
V-28463,2026-05-07,Bar La Esquina,Cuaderno,4,9531.63,transferencia
V-28464,2026-05-08,Distribuidora Sur,Mouse inalambrico,5,9668.64,tarjeta
V-28465,2026-05-09,Panaderia Ortiz,Servicio de consultoria,6,9805.65,efectivo
V-28466,2026-05-10,Optica Vision,Toner HP,7,9942.66,transferencia
V-28467,2026-05-11,Tech Solutions,Servicio mensual,8,10079.67,tarjeta
V-28468,2026-05-12,Farmacia Central,Cuaderno,9,10216.68,efectivo
V-28469,2026-05-13,Hotel Plaza,Mouse inalambrico,10,10353.69,transferencia
V-28470,2026-05-14,Comercial Andrade,Servicio de consultoria,11,10490.70,tarjeta
V-28471,2026-05-15,Garcia SA,Toner HP,12,10627.71,efectivo
V-28472,2026-05-16,Juan Perez,Servicio mensual,13,10764.72,transferencia
V-28473,2026-05-17,Marta Gomez,Cuaderno,14,10901.73,tarjeta
V-28474,2026-05-18,Kiosco El Sol,Mouse inalambrico,15,11038.74,efectivo
V-28475,2026-05-19,Ferreteria Nuñez,Servicio de consultoria,16,11175.75,transferencia
V-28476,2026-05-20,Estudio Contable RyR,Toner HP,17,11312.76,tarjeta
V-28477,2026-05-21,Bar La Esquina,Servicio mensual,18,11449.77,efectivo
V-28478,2026-05-22,Distribuidora Sur,Cuaderno,19,11586.78,transferencia
V-28479,2026-05-23,Panaderia Ortiz,Mouse inalambrico,20,11723.79,tarjeta
V-28480,2026-05-24,Optica Vision,Servicio de consultoria,1,11860.80,efectivo
V-28481,2026-05-25,Tech Solutions,Toner HP,2,11997.81,transferencia
V-28482,2026-05-26,Farmacia Central,Servicio mensual,3,12134.82,tarjeta
V-28483,2026-05-27,Hotel Plaza,Cuaderno,4,12271.83,efectivo
V-28484,2026-05-28,Comercial Andrade,Mouse inalambrico,5,12408.84,transferencia
V-28485,2026-05-01,Garcia SA,Servicio de consultoria,6,12545.85,tarjeta
V-28486,2026-05-02,Juan Perez,Toner HP,7,12682.86,efectivo
V-28487,2026-05-03,Marta Gomez,Servicio mensual,8,12819.87,transferencia
V-28488,2026-05-04,Kiosco El Sol,Cuaderno,9,12956.88,tarjeta
V-28489,2026-05-05,Ferreteria Nuñez,Mouse inalambrico,10,13093.89,efectivo
V-28490,2026-05-06,Estudio Contable RyR,Servicio de consultoria,11,13230.90,transferencia
V-28491,2026-05-07,Bar La Esquina,Toner HP,12,13367.91,tarjeta
V-28492,2026-05-08,Distribuidora Sur,Servicio mensual,13,13504.92,efectivo
V-28493,2026-05-09,Panaderia Ortiz,Cuaderno,14,13641.93,transferencia
V-28494,2026-05-10,Optica Vision,Mouse inalambrico,15,13778.94,tarjeta
V-28495,2026-05-11,Tech Solutions,Servicio de consultoria,16,13915.95,efectivo
V-28496,2026-05-12,Farmacia Central,Toner HP,17,14052.96,transferencia
V-28497,2026-05-13,Hotel Plaza,Servicio mensual,18,14189.97,tarjeta
V-28498,2026-05-14,Comercial Andrade,Cuaderno,19,14326.98,efectivo
V-28499,2026-05-15,Garcia SA,Mouse inalambrico,20,14463.99,transferencia
V-28500,2026-05-16,Juan Perez,Servicio de consultoria,1,14600.00,tarjeta
V-28501,2026-05-17,Marta Gomez,Toner HP,2,14737.01,efectivo
V-28502,2026-05-18,Kiosco El Sol,Servicio mensual,3,14874.02,transferencia
V-28503,2026-05-19,Ferreteria Nuñez,Cuaderno,4,15011.03,tarjeta
V-28504,2026-05-20,Estudio Contable RyR,Mouse inalambrico,5,15148.04,efectivo
V-28505,2026-05-21,Bar La Esquina,Servicio de consultoria,6,15285.05,transferencia
V-28506,2026-05-22,Distribuidora Sur,Toner HP,7,15422.06,tarjeta
V-28507,2026-05-23,Panaderia Ortiz,Servicio mensual,8,15559.07,efectivo
V-28508,2026-05-24,Optica Vision,Cuaderno,9,15696.08,transferencia
V-28509,2026-05-25,Tech Solutions,Mouse inalambrico,10,15833.09,tarjeta
V-28510,2026-05-26,Farmacia Central,Servicio de consultoria,11,15970.10,efectivo
V-28511,2026-05-27,Hotel Plaza,Toner HP,12,16107.11,transferencia
V-28512,2026-05-28,Comercial Andrade,Servicio mensual,13,16244.12,tarjeta
V-28513,2026-05-01,Garcia SA,Cuaderno,14,16381.13,efectivo
V-28514,2026-05-02,Juan Perez,Mouse inalambrico,15,16518.14,transferencia
V-28515,2026-05-03,Marta Gomez,Servicio de consultoria,16,16655.15,tarjeta
V-28516,2026-05-04,Kiosco El Sol,Toner HP,17,16792.16,efectivo
V-28517,2026-05-05,Ferreteria Nuñez,Servicio mensual,18,16929.17,transferencia
V-28518,2026-05-06,Estudio Contable RyR,Cuaderno,19,17066.18,tarjeta
V-28519,2026-05-07,Bar La Esquina,Mouse inalambrico,20,17203.19,efectivo
V-28520,2026-05-08,Distribuidora Sur,Servicio de consultoria,1,17340.20,transferencia
V-28521,2026-05-09,Panaderia Ortiz,Toner HP,2,17477.21,tarjeta
V-28522,2026-05-10,Optica Vision,Servicio mensual,3,17614.22,efectivo
V-28523,2026-05-11,Tech Solutions,Cuaderno,4,17751.23,transferencia
V-28524,2026-05-12,Farmacia Central,Mouse inalambrico,5,17888.24,tarjeta
V-28525,2026-05-13,Hotel Plaza,Servicio de consultoria,6,18025.25,efectivo
V-28526,2026-05-14,Comercial Andrade,Toner HP,7,18162.26,transferencia
V-28527,2026-05-15,Garcia SA,Servicio mensual,8,18299.27,tarjeta
V-28528,2026-05-16,Juan Perez,Cuaderno,9,18436.28,efectivo
V-28529,2026-05-17,Marta Gomez,Mouse inalambrico,10,18573.29,transferencia
V-28530,2026-05-18,Kiosco El Sol,Servicio de consultoria,11,18710.30,tarjeta
V-28531,2026-05-19,Ferreteria Nuñez,Toner HP,12,18847.31,efectivo
V-28532,2026-05-20,Estudio Contable RyR,Servicio mensual,13,18984.32,transferencia
V-28533,2026-05-21,Bar La Esquina,Cuaderno,14,19121.33,tarjeta
V-28534,2026-05-22,Distribuidora Sur,Mouse inalambrico,15,19258.34,efectivo
V-28535,2026-05-23,Panaderia Ortiz,Servicio de consultoria,16,19395.35,transferencia
V-28536,2026-05-24,Optica Vision,Toner HP,17,19532.36,tarjeta
V-28537,2026-05-25,Tech Solutions,Servicio mensual,18,19669.37,efectivo
V-28538,2026-05-26,Farmacia Central,Cuaderno,19,19806.38,transferencia
V-28539,2026-05-27,Hotel Plaza,Mouse inalambrico,20,19943.39,tarjeta
V-28540,2026-05-28,Comercial Andrade,Servicio de consultoria,1,20080.40,efectivo
V-28541,2026-05-01,Garcia SA,Toner HP,2,20217.41,transferencia
V-28542,2026-05-02,Juan Perez,Servicio mensual,3,20354.42,tarjeta
V-28543,2026-05-03,Marta Gomez,Cuaderno,4,20491.43,efectivo
V-28544,2026-05-04,Kiosco El Sol,Mouse inalambrico,5,20628.44,transferencia
V-28545,2026-05-05,Ferreteria Nuñez,Servicio de consultoria,6,20765.45,tarjeta
V-28546,2026-05-06,Estudio Contable RyR,Toner HP,7,20902.46,efectivo
V-28547,2026-05-07,Bar La Esquina,Servicio mensual,8,21039.47,transferencia
V-28548,2026-05-08,Distribuidora Sur,Cuaderno,9,21176.48,tarjeta
V-28549,2026-05-09,Panaderia Ortiz,Mouse inalambrico,10,21313.49,efectivo
V-28550,2026-05-10,Optica Vision,Servicio de consultoria,11,21450.50,transferencia
V-28551,2026-05-11,Tech Solutions,Toner HP,12,21587.51,tarjeta
V-28552,2026-05-12,Farmacia Central,Servicio mensual,13,21724.52,efectivo
V-28553,2026-05-13,Hotel Plaza,Cuaderno,14,21861.53,transferencia
V-28554,2026-05-14,Comercial Andrade,Mouse inalambrico,15,21998.54,tarjeta
V-28555,2026-05-15,Garcia SA,Servicio de consultoria,16,22135.55,efectivo
V-28556,2026-05-16,Juan Perez,Toner HP,17,22272.56,transferencia
V-28557,2026-05-17,Marta Gomez,Servicio mensual,18,22409.57,tarjeta
V-28558,2026-05-18,Kiosco El Sol,Cuaderno,19,22546.58,efectivo
V-28559,2026-05-19,Ferreteria Nuñez,Mouse inalambrico,20,22683.59,transferencia
V-28560,2026-05-20,Estudio Contable RyR,Servicio de consultoria,1,22820.60,tarjeta
V-28561,2026-05-21,Bar La Esquina,Toner HP,2,22957.61,efectivo
V-28562,2026-05-22,Distribuidora Sur,Servicio mensual,3,23094.62,transferencia
V-28563,2026-05-23,Panaderia Ortiz,Cuaderno,4,23231.63,tarjeta
V-28564,2026-05-24,Optica Vision,Mouse inalambrico,5,23368.64,efectivo
V-28565,2026-05-25,Tech Solutions,Servicio de consultoria,6,23505.65,transferencia
V-28566,2026-05-26,Farmacia Central,Toner HP,7,23642.66,tarjeta
V-28567,2026-05-27,Hotel Plaza,Servicio mensual,8,23779.67,efectivo
V-28568,2026-05-28,Comercial Andrade,Cuaderno,9,23916.68,transferencia
V-28569,2026-05-01,Garcia SA,Mouse inalambrico,10,24053.69,tarjeta
V-28570,2026-05-02,Juan Perez,Servicio de consultoria,11,24190.70,efectivo
V-28571,2026-05-03,Marta Gomez,Toner HP,12,24327.71,transferencia
V-28572,2026-05-04,Kiosco El Sol,Servicio mensual,13,24464.72,tarjeta
V-28573,2026-05-05,Ferreteria Nuñez,Cuaderno,14,24601.73,efectivo
V-28574,2026-05-06,Estudio Contable RyR,Mouse inalambrico,15,24738.74,transferencia
V-28575,2026-05-07,Bar La Esquina,Servicio de consultoria,16,24875.75,tarjeta
V-28576,2026-05-08,Distribuidora Sur,Toner HP,17,25012.76,efectivo
V-28577,2026-05-09,Panaderia Ortiz,Servicio mensual,18,25149.77,transferencia
V-28578,2026-05-10,Optica Vision,Cuaderno,19,25286.78,tarjeta
V-28579,2026-05-11,Tech Solutions,Mouse inalambrico,20,25423.79,efectivo
V-28580,2026-05-12,Farmacia Central,Servicio de consultoria,1,25560.80,transferencia
V-28581,2026-05-13,Hotel Plaza,Toner HP,2,25697.81,tarjeta
V-28582,2026-05-14,Comercial Andrade,Servicio mensual,3,25834.82,efectivo
V-28583,2026-05-15,Garcia SA,Cuaderno,4,25971.83,transferencia
V-28584,2026-05-16,Juan Perez,Mouse inalambrico,5,26108.84,tarjeta
V-28585,2026-05-17,Marta Gomez,Servicio de consultoria,6,26245.85,efectivo
V-28586,2026-05-18,Kiosco El Sol,Toner HP,7,26382.86,transferencia
V-28587,2026-05-19,Ferreteria Nuñez,Servicio mensual,8,26519.87,tarjeta
V-28588,2026-05-20,Estudio Contable RyR,Cuaderno,9,26656.88,efectivo
V-28589,2026-05-21,Bar La Esquina,Mouse inalambrico,10,26793.89,transferencia
V-28590,2026-05-22,Distribuidora Sur,Servicio de consultoria,11,26930.90,tarjeta
V-28591,2026-05-23,Panaderia Ortiz,Toner HP,12,27067.91,efectivo
V-28592,2026-05-24,Optica Vision,Servicio mensual,13,27204.92,transferencia
V-28593,2026-05-25,Tech Solutions,Cuaderno,14,27341.93,tarjeta
V-28594,2026-05-26,Farmacia Central,Mouse inalambrico,15,27478.94,efectivo
V-28595,2026-05-27,Hotel Plaza,Servicio de consultoria,16,27615.95,transferencia
V-28596,2026-05-28,Comercial Andrade,Toner HP,17,27752.96,tarjeta
V-28597,2026-05-01,Garcia SA,Servicio mensual,18,27889.97,efectivo
V-28598,2026-05-02,Juan Perez,Cuaderno,19,28026.98,transferencia
V-28599,2026-05-03,Marta Gomez,Mouse inalambrico,20,28163.99,tarjeta
V-28600,2026-05-04,Kiosco El Sol,Servicio de consultoria,1,28300.00,efectivo
V-28601,2026-05-05,Ferreteria Nuñez,Toner HP,2,28437.01,transferencia
V-28602,2026-05-06,Estudio Contable RyR,Servicio mensual,3,28574.02,tarjeta
V-28603,2026-05-07,Bar La Esquina,Cuaderno,4,28711.03,efectivo
V-28604,2026-05-08,Distribuidora Sur,Mouse inalambrico,5,28848.04,transferencia
V-28605,2026-05-09,Panaderia Ortiz,Servicio de consultoria,6,28985.05,tarjeta
V-28606,2026-05-10,Optica Vision,Toner HP,7,29122.06,efectivo
V-28607,2026-05-11,Tech Solutions,Servicio mensual,8,29259.07,transferencia
V-28608,2026-05-12,Farmacia Central,Cuaderno,9,29396.08,tarjeta
V-28609,2026-05-13,Hotel Plaza,Mouse inalambrico,10,29533.09,efectivo
V-28610,2026-05-14,Comercial Andrade,Servicio de consultoria,11,29670.10,transferencia
V-28611,2026-05-15,Garcia SA,Toner HP,12,29807.11,tarjeta
V-28612,2026-05-16,Juan Perez,Servicio mensual,13,29944.12,efectivo
V-28613,2026-05-17,Marta Gomez,Cuaderno,14,30081.13,transferencia
V-28614,2026-05-18,Kiosco El Sol,Mouse inalambrico,15,30218.14,tarjeta
V-28615,2026-05-19,Ferreteria Nuñez,Servicio de consultoria,16,30355.15,efectivo
V-28616,2026-05-20,Estudio Contable RyR,Toner HP,17,30492.16,transferencia
V-28617,2026-05-21,Bar La Esquina,Servicio mensual,18,30629.17,tarjeta
V-28618,2026-05-22,Distribuidora Sur,Cuaderno,19,30766.18,efectivo
V-28619,2026-05-23,Panaderia Ortiz,Mouse inalambrico,20,30903.19,transferencia
V-28620,2026-05-24,Optica Vision,Servicio de consultoria,1,31040.20,tarjeta
V-28621,2026-05-25,Tech Solutions,Toner HP,2,31177.21,efectivo
V-28622,2026-05-26,Farmacia Central,Servicio mensual,3,31314.22,transferencia
V-28623,2026-05-27,Hotel Plaza,Cuaderno,4,31451.23,tarjeta
V-28624,2026-05-28,Comercial Andrade,Mouse inalambrico,5,31588.24,efectivo
V-28625,2026-05-01,Garcia SA,Servicio de consultoria,6,31725.25,transferencia
V-28626,2026-05-02,Juan Perez,Toner HP,7,31862.26,tarjeta
V-28627,2026-05-03,Marta Gomez,Servicio mensual,8,31999.27,efectivo
V-28628,2026-05-04,Kiosco El Sol,Cuaderno,9,32136.28,transferencia
V-28629,2026-05-05,Ferreteria Nuñez,Mouse inalambrico,10,32273.29,tarjeta
V-28630,2026-05-06,Estudio Contable RyR,Servicio de consultoria,11,32410.30,efectivo
V-28631,2026-05-07,Bar La Esquina,Toner HP,12,32547.31,transferencia
V-28632,2026-05-08,Distribuidora Sur,Servicio mensual,13,32684.32,tarjeta
V-28633,2026-05-09,Panaderia Ortiz,Cuaderno,14,32821.33,efectivo
V-28634,2026-05-10,Optica Vision,Mouse inalambrico,15,32958.34,transferencia
V-28635,2026-05-11,Tech Solutions,Servicio de consultoria,16,33095.35,tarjeta
V-28636,2026-05-12,Farmacia Central,Toner HP,17,33232.36,efectivo
V-28637,2026-05-13,Hotel Plaza,Servicio mensual,18,33369.37,transferencia
V-28638,2026-05-14,Comercial Andrade,Cuaderno,19,33506.38,tarjeta
V-28639,2026-05-15,Garcia SA,Mouse inalambrico,20,33643.39,efectivo
V-28640,2026-05-16,Juan Perez,Servicio de consultoria,1,33780.40,transferencia
V-28641,2026-05-17,Marta Gomez,Toner HP,2,33917.41,tarjeta
V-28642,2026-05-18,Kiosco El Sol,Servicio mensual,3,34054.42,efectivo
V-28643,2026-05-19,Ferreteria Nuñez,Cuaderno,4,34191.43,transferencia
V-28644,2026-05-20,Estudio Contable RyR,Mouse inalambrico,5,34328.44,tarjeta
V-28645,2026-05-21,Bar La Esquina,Servicio de consultoria,6,34465.45,efectivo
V-28646,2026-05-22,Distribuidora Sur,Toner HP,7,34602.46,transferencia
V-28647,2026-05-23,Panaderia Ortiz,Servicio mensual,8,34739.47,tarjeta
V-28648,2026-05-24,Optica Vision,Cuaderno,9,34876.48,efectivo
V-28649,2026-05-25,Tech Solutions,Mouse inalambrico,10,35013.49,transferencia
V-28650,2026-05-26,Farmacia Central,Servicio de consultoria,11,35150.50,tarjeta
V-28651,2026-05-27,Hotel Plaza,Toner HP,12,35287.51,efectivo
V-28652,2026-05-28,Comercial Andrade,Servicio mensual,13,35424.52,transferencia
V-28653,2026-05-01,Garcia SA,Cuaderno,14,35561.53,tarjeta
V-28654,2026-05-02,Juan Perez,Mouse inalambrico,15,35698.54,efectivo
V-28655,2026-05-03,Marta Gomez,Servicio de consultoria,16,35835.55,transferencia
V-28656,2026-05-04,Kiosco El Sol,Toner HP,17,35972.56,tarjeta
V-28657,2026-05-05,Ferreteria Nuñez,Servicio mensual,18,36109.57,efectivo
V-28658,2026-05-06,Estudio Contable RyR,Cuaderno,19,36246.58,transferencia
V-28659,2026-05-07,Bar La Esquina,Mouse inalambrico,20,36383.59,tarjeta
V-28660,2026-05-08,Distribuidora Sur,Servicio de consultoria,1,36520.60,efectivo
V-28661,2026-05-09,Panaderia Ortiz,Toner HP,2,36657.61,transferencia
V-28662,2026-05-10,Optica Vision,Servicio mensual,3,36794.62,tarjeta
V-28663,2026-05-11,Tech Solutions,Cuaderno,4,36931.63,efectivo
V-28664,2026-05-12,Farmacia Central,Mouse inalambrico,5,37068.64,transferencia
V-28665,2026-05-13,Hotel Plaza,Servicio de consultoria,6,37205.65,tarjeta
V-28666,2026-05-14,Comercial Andrade,Toner HP,7,37342.66,efectivo
V-28667,2026-05-15,Garcia SA,Servicio mensual,8,37479.67,transferencia
V-28668,2026-05-16,Juan Perez,Cuaderno,9,37616.68,tarjeta
V-28669,2026-05-17,Marta Gomez,Mouse inalambrico,10,37753.69,efectivo
V-28670,2026-05-18,Kiosco El Sol,Servicio de consultoria,11,37890.70,transferencia
V-28671,2026-05-19,Ferreteria Nuñez,Toner HP,12,38027.71,tarjeta
V-28672,2026-05-20,Estudio Contable RyR,Servicio mensual,13,38164.72,efectivo
V-28673,2026-05-21,Bar La Esquina,Cuaderno,14,38301.73,transferencia
V-28674,2026-05-22,Distribuidora Sur,Mouse inalambrico,15,38438.74,tarjeta
V-28675,2026-05-23,Panaderia Ortiz,Servicio de consultoria,16,38575.75,efectivo
V-28676,2026-05-24,Optica Vision,Toner HP,17,38712.76,transferencia
V-28677,2026-05-25,Tech Solutions,Servicio mensual,18,38849.77,tarjeta
V-28678,2026-05-26,Farmacia Central,Cuaderno,19,38986.78,efectivo
V-28679,2026-05-27,Hotel Plaza,Mouse inalambrico,20,39123.79,transferencia
V-28680,2026-05-28,Comercial Andrade,Servicio de consultoria,1,39260.80,tarjeta
V-28681,2026-05-01,Garcia SA,Toner HP,2,39397.81,efectivo
V-28682,2026-05-02,Juan Perez,Servicio mensual,3,39534.82,transferencia
V-28683,2026-05-03,Marta Gomez,Cuaderno,4,39671.83,tarjeta
V-28684,2026-05-04,Kiosco El Sol,Mouse inalambrico,5,39808.84,efectivo
V-28685,2026-05-05,Ferreteria Nuñez,Servicio de consultoria,6,39945.85,transferencia
V-28686,2026-05-06,Estudio Contable RyR,Toner HP,7,40082.86,tarjeta
V-28687,2026-05-07,Bar La Esquina,Servicio mensual,8,40219.87,efectivo
V-28688,2026-05-08,Distribuidora Sur,Cuaderno,9,40356.88,transferencia
V-28689,2026-05-09,Panaderia Ortiz,Mouse inalambrico,10,40493.89,tarjeta
V-28690,2026-05-10,Optica Vision,Servicio de consultoria,11,40630.90,efectivo
V-28691,2026-05-11,Tech Solutions,Toner HP,12,40767.91,transferencia
V-28692,2026-05-12,Farmacia Central,Servicio mensual,13,40904.92,tarjeta
V-28693,2026-05-13,Hotel Plaza,Cuaderno,14,41041.93,efectivo
V-28694,2026-05-14,Comercial Andrade,Mouse inalambrico,15,41178.94,transferencia
V-28695,2026-05-15,Garcia SA,Servicio de consultoria,16,41315.95,tarjeta
V-28696,2026-05-16,Juan Perez,Toner HP,17,41452.96,efectivo
V-28697,2026-05-17,Marta Gomez,Servicio mensual,18,41589.97,transferencia
V-28698,2026-05-18,Kiosco El Sol,Cuaderno,19,41726.98,tarjeta
V-28699,2026-05-19,Ferreteria Nuñez,Mouse inalambrico,20,41863.99,efectivo
V-28700,2026-05-20,Estudio Contable RyR,Servicio de consultoria,1,42000.00,transferencia
V-28701,2026-05-21,Bar La Esquina,Toner HP,2,42137.01,tarjeta
V-28702,2026-05-22,Distribuidora Sur,Servicio mensual,3,42274.02,efectivo
V-28703,2026-05-23,Panaderia Ortiz,Cuaderno,4,42411.03,transferencia
V-28704,2026-05-24,Optica Vision,Mouse inalambrico,5,42548.04,tarjeta
V-28705,2026-05-25,Tech Solutions,Servicio de consultoria,6,42685.05,efectivo
V-28706,2026-05-26,Farmacia Central,Toner HP,7,42822.06,transferencia
V-28707,2026-05-27,Hotel Plaza,Servicio mensual,8,42959.07,tarjeta
V-28708,2026-05-28,Comercial Andrade,Cuaderno,9,43096.08,efectivo
V-28709,2026-05-01,Garcia SA,Mouse inalambrico,10,43233.09,transferencia
V-28710,2026-05-02,Juan Perez,Servicio de consultoria,11,43370.10,tarjeta
V-28711,2026-05-03,Marta Gomez,Toner HP,12,43507.11,efectivo
V-28712,2026-05-04,Kiosco El Sol,Servicio mensual,13,43644.12,transferencia
V-28713,2026-05-05,Ferreteria Nuñez,Cuaderno,14,43781.13,tarjeta
V-28714,2026-05-06,Estudio Contable RyR,Mouse inalambrico,15,43918.14,efectivo
V-28715,2026-05-07,Bar La Esquina,Servicio de consultoria,16,44055.15,transferencia
V-28716,2026-05-08,Distribuidora Sur,Toner HP,17,44192.16,tarjeta
V-28717,2026-05-09,Panaderia Ortiz,Servicio mensual,18,44329.17,efectivo
V-28718,2026-05-10,Optica Vision,Cuaderno,19,44466.18,transferencia
V-28719,2026-05-11,Tech Solutions,Mouse inalambrico,20,44603.19,tarjeta
V-28720,2026-05-12,Farmacia Central,Servicio de consultoria,1,44740.20,efectivo
V-28721,2026-05-13,Hotel Plaza,Toner HP,2,44877.21,transferencia
V-28722,2026-05-14,Comercial Andrade,Servicio mensual,3,45014.22,tarjeta
V-28723,2026-05-15,Garcia SA,Cuaderno,4,45151.23,efectivo
V-28724,2026-05-16,Juan Perez,Mouse inalambrico,5,45288.24,transferencia
V-28725,2026-05-17,Marta Gomez,Servicio de consultoria,6,45425.25,tarjeta
V-28726,2026-05-18,Kiosco El Sol,Toner HP,7,45562.26,efectivo
V-28727,2026-05-19,Ferreteria Nuñez,Servicio mensual,8,45699.27,transferencia
V-28728,2026-05-20,Estudio Contable RyR,Cuaderno,9,45836.28,tarjeta
V-28729,2026-05-21,Bar La Esquina,Mouse inalambrico,10,45973.29,efectivo
V-28730,2026-05-22,Distribuidora Sur,Servicio de consultoria,11,46110.30,transferencia
V-28731,2026-05-23,Panaderia Ortiz,Toner HP,12,46247.31,tarjeta
V-28732,2026-05-24,Optica Vision,Servicio mensual,13,46384.32,efectivo
V-28733,2026-05-25,Tech Solutions,Cuaderno,14,46521.33,transferencia
V-28734,2026-05-26,Farmacia Central,Mouse inalambrico,15,46658.34,tarjeta
V-28735,2026-05-27,Hotel Plaza,Servicio de consultoria,16,46795.35,efectivo
V-28736,2026-05-28,Comercial Andrade,Toner HP,17,46932.36,transferencia
V-28737,2026-05-01,Garcia SA,Servicio mensual,18,47069.37,tarjeta
V-28738,2026-05-02,Juan Perez,Cuaderno,19,47206.38,efectivo
V-28739,2026-05-03,Marta Gomez,Mouse inalambrico,20,47343.39,transferencia
V-28740,2026-05-04,Kiosco El Sol,Servicio de consultoria,1,47480.40,tarjeta
V-28741,2026-05-05,Ferreteria Nuñez,Toner HP,2,47617.41,efectivo
V-28742,2026-05-06,Estudio Contable RyR,Servicio mensual,3,47754.42,transferencia
V-28743,2026-05-07,Bar La Esquina,Cuaderno,4,47891.43,tarjeta
V-28744,2026-05-08,Distribuidora Sur,Mouse inalambrico,5,48028.44,efectivo
V-28745,2026-05-09,Panaderia Ortiz,Servicio de consultoria,6,48165.45,transferencia
V-28746,2026-05-10,Optica Vision,Toner HP,7,48302.46,tarjeta
V-28747,2026-05-11,Tech Solutions,Servicio mensual,8,48439.47,efectivo
V-28748,2026-05-12,Farmacia Central,Cuaderno,9,48576.48,transferencia
V-28749,2026-05-13,Hotel Plaza,Mouse inalambrico,10,48713.49,tarjeta
V-28750,2026-05-14,Comercial Andrade,Servicio de consultoria,11,48850.50,efectivo
V-28751,2026-05-15,Garcia SA,Toner HP,12,48987.51,transferencia
V-28752,2026-05-16,Juan Perez,Servicio mensual,13,49124.52,tarjeta
V-28753,2026-05-17,Marta Gomez,Cuaderno,14,49261.53,efectivo
V-28754,2026-05-18,Kiosco El Sol,Mouse inalambrico,15,49398.54,transferencia
V-28755,2026-05-19,Ferreteria Nuñez,Servicio de consultoria,16,49535.55,tarjeta
V-28756,2026-05-20,Estudio Contable RyR,Toner HP,17,49672.56,efectivo
V-28757,2026-05-21,Bar La Esquina,Servicio mensual,18,49809.57,transferencia
V-28758,2026-05-22,Distribuidora Sur,Cuaderno,19,49946.58,tarjeta
V-28759,2026-05-23,Panaderia Ortiz,Mouse inalambrico,20,50083.59,efectivo
V-28760,2026-05-24,Optica Vision,Servicio de consultoria,1,220.60,transferencia
V-28761,2026-05-25,Tech Solutions,Toner HP,2,357.61,tarjeta
V-28762,2026-05-26,Farmacia Central,Servicio mensual,3,494.62,efectivo
V-28763,2026-05-27,Hotel Plaza,Cuaderno,4,631.63,transferencia
V-28764,2026-05-28,Comercial Andrade,Mouse inalambrico,5,768.64,tarjeta
V-28765,2026-05-01,Garcia SA,Servicio de consultoria,6,905.65,efectivo
V-28766,2026-05-02,Juan Perez,Toner HP,7,1042.66,transferencia
V-28767,2026-05-03,Marta Gomez,Servicio mensual,8,1179.67,tarjeta
V-28768,2026-05-04,Kiosco El Sol,Cuaderno,9,1316.68,efectivo
V-28769,2026-05-05,Ferreteria Nuñez,Mouse inalambrico,10,1453.69,transferencia
V-28770,2026-05-06,Estudio Contable RyR,Servicio de consultoria,11,1590.70,tarjeta
V-28771,2026-05-07,Bar La Esquina,Toner HP,12,1727.71,efectivo
V-28772,2026-05-08,Distribuidora Sur,Servicio mensual,13,1864.72,transferencia
V-28773,2026-05-09,Panaderia Ortiz,Cuaderno,14,2001.73,tarjeta
V-28774,2026-05-10,Optica Vision,Mouse inalambrico,15,2138.74,efectivo
V-28775,2026-05-11,Tech Solutions,Servicio de consultoria,16,2275.75,transferencia
V-28776,2026-05-12,Farmacia Central,Toner HP,17,2412.76,tarjeta
V-28777,2026-05-13,Hotel Plaza,Servicio mensual,18,2549.77,efectivo
V-28778,2026-05-14,Comercial Andrade,Cuaderno,19,2686.78,transferencia
V-28779,2026-05-15,Garcia SA,Mouse inalambrico,20,2823.79,tarjeta
V-28780,2026-05-16,Juan Perez,Servicio de consultoria,1,2960.80,efectivo
V-28781,2026-05-17,Marta Gomez,Toner HP,2,3097.81,transferencia
V-28782,2026-05-18,Kiosco El Sol,Servicio mensual,3,3234.82,tarjeta
V-28783,2026-05-19,Ferreteria Nuñez,Cuaderno,4,3371.83,efectivo
V-28784,2026-05-20,Estudio Contable RyR,Mouse inalambrico,5,3508.84,transferencia
V-28785,2026-05-21,Bar La Esquina,Servicio de consultoria,6,3645.85,tarjeta
V-28786,2026-05-22,Distribuidora Sur,Toner HP,7,3782.86,efectivo
V-28787,2026-05-23,Panaderia Ortiz,Servicio mensual,8,3919.87,transferencia
V-28788,2026-05-24,Optica Vision,Cuaderno,9,4056.88,tarjeta
V-28789,2026-05-25,Tech Solutions,Mouse inalambrico,10,4193.89,efectivo
V-28790,2026-05-26,Farmacia Central,Servicio de consultoria,11,4330.90,transferencia
V-28791,2026-05-27,Hotel Plaza,Toner HP,12,4467.91,tarjeta
V-28792,2026-05-28,Comercial Andrade,Servicio mensual,13,4604.92,efectivo
V-28793,2026-05-01,Garcia SA,Cuaderno,14,4741.93,transferencia
V-28794,2026-05-02,Juan Perez,Mouse inalambrico,15,4878.94,tarjeta
V-28795,2026-05-03,Marta Gomez,Servicio de consultoria,16,5015.95,efectivo
V-28796,2026-05-04,Kiosco El Sol,Toner HP,17,5152.96,transferencia
V-28797,2026-05-05,Ferreteria Nuñez,Servicio mensual,18,5289.97,tarjeta
V-28798,2026-05-06,Estudio Contable RyR,Cuaderno,19,5426.98,efectivo
V-28799,2026-05-07,Bar La Esquina,Mouse inalambrico,20,5563.99,transferencia
V-28800,2026-05-08,Distribuidora Sur,Servicio de consultoria,1,5700.00,tarjeta
V-28801,2026-05-09,Panaderia Ortiz,Toner HP,2,5837.01,efectivo
V-28802,2026-05-10,Optica Vision,Servicio mensual,3,5974.02,transferencia
V-28803,2026-05-11,Tech Solutions,Cuaderno,4,6111.03,tarjeta
V-28804,2026-05-12,Farmacia Central,Mouse inalambrico,5,6248.04,efectivo
V-28805,2026-05-13,Hotel Plaza,Servicio de consultoria,6,6385.05,transferencia
V-28806,2026-05-14,Comercial Andrade,Toner HP,7,6522.06,tarjeta
V-28807,2026-05-15,Garcia SA,Servicio mensual,8,6659.07,efectivo
V-28808,2026-05-16,Juan Perez,Cuaderno,9,6796.08,transferencia
V-28809,2026-05-17,Marta Gomez,Mouse inalambrico,10,6933.09,tarjeta
V-28810,2026-05-18,Kiosco El Sol,Servicio de consultoria,11,7070.10,efectivo
V-28811,2026-05-19,Ferreteria Nuñez,Toner HP,12,7207.11,transferencia
V-28812,2026-05-20,Estudio Contable RyR,Servicio mensual,13,7344.12,tarjeta
V-28813,2026-05-21,Bar La Esquina,Cuaderno,14,7481.13,efectivo
V-28814,2026-05-22,Distribuidora Sur,Mouse inalambrico,15,7618.14,transferencia
V-28815,2026-05-23,Panaderia Ortiz,Servicio de consultoria,16,7755.15,tarjeta
V-28816,2026-05-24,Optica Vision,Toner HP,17,7892.16,efectivo
V-28817,2026-05-25,Tech Solutions,Servicio mensual,18,8029.17,transferencia
V-28818,2026-05-26,Farmacia Central,Cuaderno,19,8166.18,tarjeta
V-28819,2026-05-27,Hotel Plaza,Mouse inalambrico,20,8303.19,efectivo
V-28820,2026-05-28,Comercial Andrade,Servicio de consultoria,1,8440.20,transferencia
V-28821,2026-05-01,Garcia SA,Toner HP,2,8577.21,tarjeta
V-28822,2026-05-02,Juan Perez,Servicio mensual,3,8714.22,efectivo
V-28823,2026-05-03,Marta Gomez,Cuaderno,4,8851.23,transferencia
V-28824,2026-05-04,Kiosco El Sol,Mouse inalambrico,5,8988.24,tarjeta
V-28825,2026-05-05,Ferreteria Nuñez,Servicio de consultoria,6,9125.25,efectivo
V-28826,2026-05-06,Estudio Contable RyR,Toner HP,7,9262.26,transferencia
V-28827,2026-05-07,Bar La Esquina,Servicio mensual,8,9399.27,tarjeta
V-28828,2026-05-08,Distribuidora Sur,Cuaderno,9,9536.28,efectivo
V-28829,2026-05-09,Panaderia Ortiz,Mouse inalambrico,10,9673.29,transferencia
V-28830,2026-05-10,Optica Vision,Servicio de consultoria,11,9810.30,tarjeta
V-28831,2026-05-11,Tech Solutions,Toner HP,12,9947.31,efectivo
V-28832,2026-05-12,Farmacia Central,Servicio mensual,13,10084.32,transferencia
V-28833,2026-05-13,Hotel Plaza,Cuaderno,14,10221.33,tarjeta
V-28834,2026-05-14,Comercial Andrade,Mouse inalambrico,15,10358.34,efectivo
V-28835,2026-05-15,Garcia SA,Servicio de consultoria,16,10495.35,transferencia
V-28836,2026-05-16,Juan Perez,Toner HP,17,10632.36,tarjeta
V-28837,2026-05-17,Marta Gomez,Servicio mensual,18,10769.37,efectivo
V-28838,2026-05-18,Kiosco El Sol,Cuaderno,19,10906.38,transferencia
V-28839,2026-05-19,Ferreteria Nuñez,Mouse inalambrico,20,11043.39,tarjeta
V-28840,2026-05-20,Estudio Contable RyR,Servicio de consultoria,1,11180.40,efectivo
V-28841,2026-05-21,Bar La Esquina,Toner HP,2,11317.41,transferencia
V-28842,2026-05-22,Distribuidora Sur,Servicio mensual,3,11454.42,tarjeta
V-28843,2026-05-23,Panaderia Ortiz,Cuaderno,4,11591.43,efectivo
V-28844,2026-05-24,Optica Vision,Mouse inalambrico,5,11728.44,transferencia
V-28845,2026-05-25,Tech Solutions,Servicio de consultoria,6,11865.45,tarjeta
V-28846,2026-05-26,Farmacia Central,Toner HP,7,12002.46,efectivo
V-28847,2026-05-27,Hotel Plaza,Servicio mensual,8,12139.47,transferencia
V-28848,2026-05-28,Comercial Andrade,Cuaderno,9,12276.48,tarjeta
V-28849,2026-05-01,Garcia SA,Mouse inalambrico,10,12413.49,efectivo
V-28850,2026-05-02,Juan Perez,Servicio de consultoria,11,12550.50,transferencia
V-28851,2026-05-03,Marta Gomez,Toner HP,12,12687.51,tarjeta
V-28852,2026-05-04,Kiosco El Sol,Servicio mensual,13,12824.52,efectivo
V-28853,2026-05-05,Ferreteria Nuñez,Cuaderno,14,12961.53,transferencia
V-28854,2026-05-06,Estudio Contable RyR,Mouse inalambrico,15,13098.54,tarjeta
V-28855,2026-05-07,Bar La Esquina,Servicio de consultoria,16,13235.55,efectivo
V-28856,2026-05-08,Distribuidora Sur,Toner HP,17,13372.56,transferencia
V-28857,2026-05-09,Panaderia Ortiz,Servicio mensual,18,13509.57,tarjeta
V-28858,2026-05-10,Optica Vision,Cuaderno,19,13646.58,efectivo
V-28859,2026-05-11,Tech Solutions,Mouse inalambrico,20,13783.59,transferencia
V-28860,2026-05-12,Farmacia Central,Servicio de consultoria,1,13920.60,tarjeta
V-28861,2026-05-13,Hotel Plaza,Toner HP,2,14057.61,efectivo
V-28862,2026-05-14,Comercial Andrade,Servicio mensual,3,14194.62,transferencia
V-28863,2026-05-15,Garcia SA,Cuaderno,4,14331.63,tarjeta
V-28864,2026-05-16,Juan Perez,Mouse inalambrico,5,14468.64,efectivo
V-28865,2026-05-17,Marta Gomez,Servicio de consultoria,6,14605.65,transferencia
V-28866,2026-05-18,Kiosco El Sol,Toner HP,7,14742.66,tarjeta
V-28867,2026-05-19,Ferreteria Nuñez,Servicio mensual,8,14879.67,efectivo
V-28868,2026-05-20,Estudio Contable RyR,Cuaderno,9,15016.68,transferencia
V-28869,2026-05-21,Bar La Esquina,Mouse inalambrico,10,15153.69,tarjeta
V-28870,2026-05-22,Distribuidora Sur,Servicio de consultoria,11,15290.70,efectivo
V-28871,2026-05-23,Panaderia Ortiz,Toner HP,12,15427.71,transferencia
V-28872,2026-05-24,Optica Vision,Servicio mensual,13,15564.72,tarjeta
V-28873,2026-05-25,Tech Solutions,Cuaderno,14,15701.73,efectivo
V-28874,2026-05-26,Farmacia Central,Mouse inalambrico,15,15838.74,transferencia
V-28875,2026-05-27,Hotel Plaza,Servicio de consultoria,16,15975.75,tarjeta
V-28876,2026-05-28,Comercial Andrade,Toner HP,17,16112.76,efectivo
V-28877,2026-05-01,Garcia SA,Servicio mensual,18,16249.77,transferencia
V-28878,2026-05-02,Juan Perez,Cuaderno,19,16386.78,tarjeta
V-28879,2026-05-03,Marta Gomez,Mouse inalambrico,20,16523.79,efectivo
V-28880,2026-05-04,Kiosco El Sol,Servicio de consultoria,1,16660.80,transferencia
V-28881,2026-05-05,Ferreteria Nuñez,Toner HP,2,16797.81,tarjeta
V-28882,2026-05-06,Estudio Contable RyR,Servicio mensual,3,16934.82,efectivo
V-28883,2026-05-07,Bar La Esquina,Cuaderno,4,17071.83,transferencia
V-28884,2026-05-08,Distribuidora Sur,Mouse inalambrico,5,17208.84,tarjeta
V-28885,2026-05-09,Panaderia Ortiz,Servicio de consultoria,6,17345.85,efectivo
V-28886,2026-05-10,Optica Vision,Toner HP,7,17482.86,transferencia
V-28887,2026-05-11,Tech Solutions,Servicio mensual,8,17619.87,tarjeta
V-28888,2026-05-12,Farmacia Central,Cuaderno,9,17756.88,efectivo
V-28889,2026-05-13,Hotel Plaza,Mouse inalambrico,10,17893.89,transferencia
V-28890,2026-05-14,Comercial Andrade,Servicio de consultoria,11,18030.90,tarjeta
V-28891,2026-05-15,Garcia SA,Toner HP,12,18167.91,efectivo
V-28892,2026-05-16,Juan Perez,Servicio mensual,13,18304.92,transferencia
V-28893,2026-05-17,Marta Gomez,Cuaderno,14,18441.93,tarjeta
V-28894,2026-05-18,Kiosco El Sol,Mouse inalambrico,15,18578.94,efectivo
V-28895,2026-05-19,Ferreteria Nuñez,Servicio de consultoria,16,18715.95,transferencia
V-28896,2026-05-20,Estudio Contable RyR,Toner HP,17,18852.96,tarjeta
V-28897,2026-05-21,Bar La Esquina,Servicio mensual,18,18989.97,efectivo
V-28898,2026-05-22,Distribuidora Sur,Cuaderno,19,19126.98,transferencia
V-28899,2026-05-23,Panaderia Ortiz,Mouse inalambrico,20,19263.99,tarjeta
V-28900,2026-05-24,Optica Vision,Servicio de consultoria,1,19400.00,efectivo
V-28901,2026-05-25,Tech Solutions,Toner HP,2,19537.01,transferencia
V-28902,2026-05-26,Farmacia Central,Servicio mensual,3,19674.02,tarjeta
V-28903,2026-05-27,Hotel Plaza,Cuaderno,4,19811.03,efectivo
V-28904,2026-05-28,Comercial Andrade,Mouse inalambrico,5,19948.04,transferencia
V-28905,2026-05-01,Garcia SA,Servicio de consultoria,6,20085.05,tarjeta
V-28906,2026-05-02,Juan Perez,Toner HP,7,20222.06,efectivo
V-28907,2026-05-03,Marta Gomez,Servicio mensual,8,20359.07,transferencia
V-28908,2026-05-04,Kiosco El Sol,Cuaderno,9,20496.08,tarjeta
V-28909,2026-05-05,Ferreteria Nuñez,Mouse inalambrico,10,20633.09,efectivo
V-28910,2026-05-06,Estudio Contable RyR,Servicio de consultoria,11,20770.10,transferencia
V-28911,2026-05-07,Bar La Esquina,Toner HP,12,20907.11,tarjeta
V-28912,2026-05-08,Distribuidora Sur,Servicio mensual,13,21044.12,efectivo
V-28913,2026-05-09,Panaderia Ortiz,Cuaderno,14,21181.13,transferencia
V-28914,2026-05-10,Optica Vision,Mouse inalambrico,15,21318.14,tarjeta
V-28915,2026-05-11,Tech Solutions,Servicio de consultoria,16,21455.15,efectivo
V-28916,2026-05-12,Farmacia Central,Toner HP,17,21592.16,transferencia
V-28917,2026-05-13,Hotel Plaza,Servicio mensual,18,21729.17,tarjeta
V-28918,2026-05-14,Comercial Andrade,Cuaderno,19,21866.18,efectivo
V-28919,2026-05-15,Garcia SA,Mouse inalambrico,20,22003.19,transferencia
V-28920,2026-05-16,Juan Perez,Servicio de consultoria,1,22140.20,tarjeta
V-28921,2026-05-17,Marta Gomez,Toner HP,2,22277.21,efectivo
V-28922,2026-05-18,Kiosco El Sol,Servicio mensual,3,22414.22,transferencia
V-28923,2026-05-19,Ferreteria Nuñez,Cuaderno,4,22551.23,tarjeta
V-28924,2026-05-20,Estudio Contable RyR,Mouse inalambrico,5,22688.24,efectivo
V-28925,2026-05-21,Bar La Esquina,Servicio de consultoria,6,22825.25,transferencia
V-28926,2026-05-22,Distribuidora Sur,Toner HP,7,22962.26,tarjeta
V-28927,2026-05-23,Panaderia Ortiz,Servicio mensual,8,23099.27,efectivo
V-28928,2026-05-24,Optica Vision,Cuaderno,9,23236.28,transferencia
V-28929,2026-05-25,Tech Solutions,Mouse inalambrico,10,23373.29,tarjeta
V-28930,2026-05-26,Farmacia Central,Servicio de consultoria,11,23510.30,efectivo
V-28931,2026-05-27,Hotel Plaza,Toner HP,12,23647.31,transferencia
V-28932,2026-05-28,Comercial Andrade,Servicio mensual,13,23784.32,tarjeta
V-28933,2026-05-01,Garcia SA,Cuaderno,14,23921.33,efectivo
V-28934,2026-05-02,Juan Perez,Mouse inalambrico,15,24058.34,transferencia
V-28935,2026-05-03,Marta Gomez,Servicio de consultoria,16,24195.35,tarjeta
V-28936,2026-05-04,Kiosco El Sol,Toner HP,17,24332.36,efectivo
V-28937,2026-05-05,Ferreteria Nuñez,Servicio mensual,18,24469.37,transferencia
V-28938,2026-05-06,Estudio Contable RyR,Cuaderno,19,24606.38,tarjeta
V-28939,2026-05-07,Bar La Esquina,Mouse inalambrico,20,24743.39,efectivo
V-28940,2026-05-08,Distribuidora Sur,Servicio de consultoria,1,24880.40,transferencia
V-28941,2026-05-09,Panaderia Ortiz,Toner HP,2,25017.41,tarjeta
V-28942,2026-05-10,Optica Vision,Servicio mensual,3,25154.42,efectivo
V-28943,2026-05-11,Tech Solutions,Cuaderno,4,25291.43,transferencia
V-28944,2026-05-12,Farmacia Central,Mouse inalambrico,5,25428.44,tarjeta
V-28945,2026-05-13,Hotel Plaza,Servicio de consultoria,6,25565.45,efectivo
V-28946,2026-05-14,Comercial Andrade,Toner HP,7,25702.46,transferencia
V-28947,2026-05-15,Garcia SA,Servicio mensual,8,25839.47,tarjeta
V-28948,2026-05-16,Juan Perez,Cuaderno,9,25976.48,efectivo
V-28949,2026-05-17,Marta Gomez,Mouse inalambrico,10,26113.49,transferencia
V-28950,2026-05-18,Kiosco El Sol,Servicio de consultoria,11,26250.50,tarjeta
V-28951,2026-05-19,Ferreteria Nuñez,Toner HP,12,26387.51,efectivo
V-28952,2026-05-20,Estudio Contable RyR,Servicio mensual,13,26524.52,transferencia
V-28953,2026-05-21,Bar La Esquina,Cuaderno,14,26661.53,tarjeta
V-28954,2026-05-22,Distribuidora Sur,Mouse inalambrico,15,26798.54,efectivo
V-28955,2026-05-23,Panaderia Ortiz,Servicio de consultoria,16,26935.55,transferencia
V-28956,2026-05-24,Optica Vision,Toner HP,17,27072.56,tarjeta
V-28957,2026-05-25,Tech Solutions,Servicio mensual,18,27209.57,efectivo
V-28958,2026-05-26,Farmacia Central,Cuaderno,19,27346.58,transferencia
V-28959,2026-05-27,Hotel Plaza,Mouse inalambrico,20,27483.59,tarjeta
V-28960,2026-05-28,Comercial Andrade,Servicio de consultoria,1,27620.60,efectivo
V-28961,2026-05-01,Garcia SA,Toner HP,2,27757.61,transferencia
V-28962,2026-05-02,Juan Perez,Servicio mensual,3,27894.62,tarjeta
V-28963,2026-05-03,Marta Gomez,Cuaderno,4,28031.63,efectivo
V-28964,2026-05-04,Kiosco El Sol,Mouse inalambrico,5,28168.64,transferencia
V-28965,2026-05-05,Ferreteria Nuñez,Servicio de consultoria,6,28305.65,tarjeta
V-28966,2026-05-06,Estudio Contable RyR,Toner HP,7,28442.66,efectivo
V-28967,2026-05-07,Bar La Esquina,Servicio mensual,8,28579.67,transferencia
V-28968,2026-05-08,Distribuidora Sur,Cuaderno,9,28716.68,tarjeta
V-28969,2026-05-09,Panaderia Ortiz,Mouse inalambrico,10,28853.69,efectivo
V-28970,2026-05-10,Optica Vision,Servicio de consultoria,11,28990.70,transferencia
V-28971,2026-05-11,Tech Solutions,Toner HP,12,29127.71,tarjeta
V-28972,2026-05-12,Farmacia Central,Servicio mensual,13,29264.72,efectivo
V-28973,2026-05-13,Hotel Plaza,Cuaderno,14,29401.73,transferencia
V-28974,2026-05-14,Comercial Andrade,Mouse inalambrico,15,29538.74,tarjeta
V-28975,2026-05-15,Garcia SA,Servicio de consultoria,16,29675.75,efectivo
V-28976,2026-05-16,Juan Perez,Toner HP,17,29812.76,transferencia
V-28977,2026-05-17,Marta Gomez,Servicio mensual,18,29949.77,tarjeta
V-28978,2026-05-18,Kiosco El Sol,Cuaderno,19,30086.78,efectivo
V-28979,2026-05-19,Ferreteria Nuñez,Mouse inalambrico,20,30223.79,transferencia
V-28980,2026-05-20,Estudio Contable RyR,Servicio de consultoria,1,30360.80,tarjeta
V-28981,2026-05-21,Bar La Esquina,Toner HP,2,30497.81,efectivo
V-28982,2026-05-22,Distribuidora Sur,Servicio mensual,3,30634.82,transferencia
V-28983,2026-05-23,Panaderia Ortiz,Cuaderno,4,30771.83,tarjeta
V-28984,2026-05-24,Optica Vision,Mouse inalambrico,5,30908.84,efectivo
V-28985,2026-05-25,Tech Solutions,Servicio de consultoria,6,31045.85,transferencia
V-28986,2026-05-26,Farmacia Central,Toner HP,7,31182.86,tarjeta
V-28987,2026-05-27,Hotel Plaza,Servicio mensual,8,31319.87,efectivo
V-28988,2026-05-28,Comercial Andrade,Cuaderno,9,31456.88,transferencia
V-28989,2026-05-01,Garcia SA,Mouse inalambrico,10,31593.89,tarjeta
V-28990,2026-05-02,Juan Perez,Servicio de consultoria,11,31730.90,efectivo
V-28991,2026-05-03,Marta Gomez,Toner HP,12,31867.91,transferencia
V-28992,2026-05-04,Kiosco El Sol,Servicio mensual,13,32004.92,tarjeta
V-28993,2026-05-05,Ferreteria Nuñez,Cuaderno,14,32141.93,efectivo
V-28994,2026-05-06,Estudio Contable RyR,Mouse inalambrico,15,32278.94,transferencia
V-28995,2026-05-07,Bar La Esquina,Servicio de consultoria,16,32415.95,tarjeta
V-28996,2026-05-08,Distribuidora Sur,Toner HP,17,32552.96,efectivo
V-28997,2026-05-09,Panaderia Ortiz,Servicio mensual,18,32689.97,transferencia
V-28998,2026-05-10,Optica Vision,Cuaderno,19,32826.98,tarjeta
V-28999,2026-05-11,Tech Solutions,Mouse inalambrico,20,32963.99,efectivo
V-29000,2026-05-12,Farmacia Central,Servicio de consultoria,1,33100.00,transferencia
V-29001,2026-05-13,Hotel Plaza,Toner HP,2,33237.01,tarjeta
V-29002,2026-05-14,Comercial Andrade,Servicio mensual,3,33374.02,efectivo
V-29003,2026-05-15,Garcia SA,Cuaderno,4,33511.03,transferencia
V-29004,2026-05-16,Juan Perez,Mouse inalambrico,5,33648.04,tarjeta
V-29005,2026-05-17,Marta Gomez,Servicio de consultoria,6,33785.05,efectivo
V-29006,2026-05-18,Kiosco El Sol,Toner HP,7,33922.06,transferencia
V-29007,2026-05-19,Ferreteria Nuñez,Servicio mensual,8,34059.07,tarjeta
V-29008,2026-05-20,Estudio Contable RyR,Cuaderno,9,34196.08,efectivo
V-29009,2026-05-21,Bar La Esquina,Mouse inalambrico,10,34333.09,transferencia
V-29010,2026-05-22,Distribuidora Sur,Servicio de consultoria,11,34470.10,tarjeta
V-29011,2026-05-23,Panaderia Ortiz,Toner HP,12,34607.11,efectivo
V-29012,2026-05-24,Optica Vision,Servicio mensual,13,34744.12,transferencia
V-29013,2026-05-25,Tech Solutions,Cuaderno,14,34881.13,tarjeta
V-29014,2026-05-26,Farmacia Central,Mouse inalambrico,15,35018.14,efectivo
V-29015,2026-05-27,Hotel Plaza,Servicio de consultoria,16,35155.15,transferencia
V-29016,2026-05-28,Comercial Andrade,Toner HP,17,35292.16,tarjeta
V-29017,2026-05-01,Garcia SA,Servicio mensual,18,35429.17,efectivo
V-29018,2026-05-02,Juan Perez,Cuaderno,19,35566.18,transferencia
V-29019,2026-05-03,Marta Gomez,Mouse inalambrico,20,35703.19,tarjeta
V-29020,2026-05-04,Kiosco El Sol,Servicio de consultoria,1,35840.20,efectivo
V-29021,2026-05-05,Ferreteria Nuñez,Toner HP,2,35977.21,transferencia
V-29022,2026-05-06,Estudio Contable RyR,Servicio mensual,3,36114.22,tarjeta
V-29023,2026-05-07,Bar La Esquina,Cuaderno,4,36251.23,efectivo
V-29024,2026-05-08,Distribuidora Sur,Mouse inalambrico,5,36388.24,transferencia
V-29025,2026-05-09,Panaderia Ortiz,Servicio de consultoria,6,36525.25,tarjeta
V-29026,2026-05-10,Optica Vision,Toner HP,7,36662.26,efectivo
V-29027,2026-05-11,Tech Solutions,Servicio mensual,8,36799.27,transferencia
V-29028,2026-05-12,Farmacia Central,Cuaderno,9,36936.28,tarjeta
V-29029,2026-05-13,Hotel Plaza,Mouse inalambrico,10,37073.29,efectivo
V-29030,2026-05-14,Comercial Andrade,Servicio de consultoria,11,37210.30,transferencia
V-29031,2026-05-15,Garcia SA,Toner HP,12,37347.31,tarjeta
V-29032,2026-05-16,Juan Perez,Servicio mensual,13,37484.32,efectivo
V-29033,2026-05-17,Marta Gomez,Cuaderno,14,37621.33,transferencia
V-29034,2026-05-18,Kiosco El Sol,Mouse inalambrico,15,37758.34,tarjeta
V-29035,2026-05-19,Ferreteria Nuñez,Servicio de consultoria,16,37895.35,efectivo
V-29036,2026-05-20,Estudio Contable RyR,Toner HP,17,38032.36,transferencia
V-29037,2026-05-21,Bar La Esquina,Servicio mensual,18,38169.37,tarjeta
V-29038,2026-05-22,Distribuidora Sur,Cuaderno,19,38306.38,efectivo
V-29039,2026-05-23,Panaderia Ortiz,Mouse inalambrico,20,38443.39,transferencia
V-29040,2026-05-24,Optica Vision,Servicio de consultoria,1,38580.40,tarjeta
V-29041,2026-05-25,Tech Solutions,Toner HP,2,38717.41,efectivo
V-29042,2026-05-26,Farmacia Central,Servicio mensual,3,38854.42,transferencia
V-29043,2026-05-27,Hotel Plaza,Cuaderno,4,38991.43,tarjeta
V-29044,2026-05-28,Comercial Andrade,Mouse inalambrico,5,39128.44,efectivo
V-29045,2026-05-01,Garcia SA,Servicio de consultoria,6,39265.45,transferencia
V-29046,2026-05-02,Juan Perez,Toner HP,7,39402.46,tarjeta
V-29047,2026-05-03,Marta Gomez,Servicio mensual,8,39539.47,efectivo
V-29048,2026-05-04,Kiosco El Sol,Cuaderno,9,39676.48,transferencia
V-29049,2026-05-05,Ferreteria Nuñez,Mouse inalambrico,10,39813.49,tarjeta
V-29050,2026-05-06,Estudio Contable RyR,Servicio de consultoria,11,39950.50,efectivo
V-29051,2026-05-07,Bar La Esquina,Toner HP,12,40087.51,transferencia
V-29052,2026-05-08,Distribuidora Sur,Servicio mensual,13,40224.52,tarjeta
V-29053,2026-05-09,Panaderia Ortiz,Cuaderno,14,40361.53,efectivo
V-29054,2026-05-10,Optica Vision,Mouse inalambrico,15,40498.54,transferencia
V-29055,2026-05-11,Tech Solutions,Servicio de consultoria,16,40635.55,tarjeta
V-29056,2026-05-12,Farmacia Central,Toner HP,17,40772.56,efectivo
V-29057,2026-05-13,Hotel Plaza,Servicio mensual,18,40909.57,transferencia
V-29058,2026-05-14,Comercial Andrade,Cuaderno,19,41046.58,tarjeta
V-29059,2026-05-15,Garcia SA,Mouse inalambrico,20,41183.59,efectivo
V-29060,2026-05-16,Juan Perez,Servicio de consultoria,1,41320.60,transferencia
V-29061,2026-05-17,Marta Gomez,Toner HP,2,41457.61,tarjeta
V-29062,2026-05-18,Kiosco El Sol,Servicio mensual,3,41594.62,efectivo
V-29063,2026-05-19,Ferreteria Nuñez,Cuaderno,4,41731.63,transferencia
V-29064,2026-05-20,Estudio Contable RyR,Mouse inalambrico,5,41868.64,tarjeta
V-29065,2026-05-21,Bar La Esquina,Servicio de consultoria,6,42005.65,efectivo
V-29066,2026-05-22,Distribuidora Sur,Toner HP,7,42142.66,transferencia
V-29067,2026-05-23,Panaderia Ortiz,Servicio mensual,8,42279.67,tarjeta
V-29068,2026-05-24,Optica Vision,Cuaderno,9,42416.68,efectivo
V-29069,2026-05-25,Tech Solutions,Mouse inalambrico,10,42553.69,transferencia
V-29070,2026-05-26,Farmacia Central,Servicio de consultoria,11,42690.70,tarjeta
V-29071,2026-05-27,Hotel Plaza,Toner HP,12,42827.71,efectivo
V-29072,2026-05-28,Comercial Andrade,Servicio mensual,13,42964.72,transferencia
V-29073,2026-05-01,Garcia SA,Cuaderno,14,43101.73,tarjeta
V-29074,2026-05-02,Juan Perez,Mouse inalambrico,15,43238.74,efectivo
V-29075,2026-05-03,Marta Gomez,Servicio de consultoria,16,43375.75,transferencia
V-29076,2026-05-04,Kiosco El Sol,Toner HP,17,43512.76,tarjeta
V-29077,2026-05-05,Ferreteria Nuñez,Servicio mensual,18,43649.77,efectivo
V-29078,2026-05-06,Estudio Contable RyR,Cuaderno,19,43786.78,transferencia
V-29079,2026-05-07,Bar La Esquina,Mouse inalambrico,20,43923.79,tarjeta
V-29080,2026-05-08,Distribuidora Sur,Servicio de consultoria,1,44060.80,efectivo
V-29081,2026-05-09,Panaderia Ortiz,Toner HP,2,44197.81,transferencia
V-29082,2026-05-10,Optica Vision,Servicio mensual,3,44334.82,tarjeta
V-29083,2026-05-11,Tech Solutions,Cuaderno,4,44471.83,efectivo
V-29084,2026-05-12,Farmacia Central,Mouse inalambrico,5,44608.84,transferencia
V-29085,2026-05-13,Hotel Plaza,Servicio de consultoria,6,44745.85,tarjeta
V-29086,2026-05-14,Comercial Andrade,Toner HP,7,44882.86,efectivo
V-29087,2026-05-15,Garcia SA,Servicio mensual,8,45019.87,transferencia
V-29088,2026-05-16,Juan Perez,Cuaderno,9,45156.88,tarjeta
V-29089,2026-05-17,Marta Gomez,Mouse inalambrico,10,45293.89,efectivo
V-29090,2026-05-18,Kiosco El Sol,Servicio de consultoria,11,45430.90,transferencia
V-29091,2026-05-19,Ferreteria Nuñez,Toner HP,12,45567.91,tarjeta
V-29092,2026-05-20,Estudio Contable RyR,Servicio mensual,13,45704.92,efectivo
V-29093,2026-05-21,Bar La Esquina,Cuaderno,14,45841.93,transferencia
V-29094,2026-05-22,Distribuidora Sur,Mouse inalambrico,15,45978.94,tarjeta
V-29095,2026-05-23,Panaderia Ortiz,Servicio de consultoria,16,46115.95,efectivo
V-29096,2026-05-24,Optica Vision,Toner HP,17,46252.96,transferencia
V-29097,2026-05-25,Tech Solutions,Servicio mensual,18,46389.97,tarjeta
V-29098,2026-05-26,Farmacia Central,Cuaderno,19,46526.98,efectivo
V-29099,2026-05-27,Hotel Plaza,Mouse inalambrico,20,46663.99,transferencia
V-29100,2026-05-28,Comercial Andrade,Servicio de consultoria,1,46800.00,tarjeta
V-29101,2026-05-01,Garcia SA,Toner HP,2,46937.01,efectivo
V-29102,2026-05-02,Juan Perez,Servicio mensual,3,47074.02,transferencia
V-29103,2026-05-03,Marta Gomez,Cuaderno,4,47211.03,tarjeta
V-29104,2026-05-04,Kiosco El Sol,Mouse inalambrico,5,47348.04,efectivo
V-29105,2026-05-05,Ferreteria Nuñez,Servicio de consultoria,6,47485.05,transferencia
V-29106,2026-05-06,Estudio Contable RyR,Toner HP,7,47622.06,tarjeta
V-29107,2026-05-07,Bar La Esquina,Servicio mensual,8,47759.07,efectivo
V-29108,2026-05-08,Distribuidora Sur,Cuaderno,9,47896.08,transferencia
V-29109,2026-05-09,Panaderia Ortiz,Mouse inalambrico,10,48033.09,tarjeta
V-29110,2026-05-10,Optica Vision,Servicio de consultoria,11,48170.10,efectivo
V-29111,2026-05-11,Tech Solutions,Toner HP,12,48307.11,transferencia
V-29112,2026-05-12,Farmacia Central,Servicio mensual,13,48444.12,tarjeta
V-29113,2026-05-13,Hotel Plaza,Cuaderno,14,48581.13,efectivo
V-29114,2026-05-14,Comercial Andrade,Mouse inalambrico,15,48718.14,transferencia
V-29115,2026-05-15,Garcia SA,Servicio de consultoria,16,48855.15,tarjeta
V-29116,2026-05-16,Juan Perez,Toner HP,17,48992.16,efectivo
V-29117,2026-05-17,Marta Gomez,Servicio mensual,18,49129.17,transferencia
V-29118,2026-05-18,Kiosco El Sol,Cuaderno,19,49266.18,tarjeta
V-29119,2026-05-19,Ferreteria Nuñez,Mouse inalambrico,20,49403.19,efectivo
V-29120,2026-05-20,Estudio Contable RyR,Servicio de consultoria,1,49540.20,transferencia
V-29121,2026-05-21,Bar La Esquina,Toner HP,2,49677.21,tarjeta
V-29122,2026-05-22,Distribuidora Sur,Servicio mensual,3,49814.22,efectivo
V-29123,2026-05-23,Panaderia Ortiz,Cuaderno,4,49951.23,transferencia
V-29124,2026-05-24,Optica Vision,Mouse inalambrico,5,50088.24,tarjeta
V-29125,2026-05-25,Tech Solutions,Servicio de consultoria,6,225.25,efectivo
V-29126,2026-05-26,Farmacia Central,Toner HP,7,362.26,transferencia
V-29127,2026-05-27,Hotel Plaza,Servicio mensual,8,499.27,tarjeta
V-29128,2026-05-28,Comercial Andrade,Cuaderno,9,636.28,efectivo
V-29129,2026-05-01,Garcia SA,Mouse inalambrico,10,773.29,transferencia
V-29130,2026-05-02,Juan Perez,Servicio de consultoria,11,910.30,tarjeta
V-29131,2026-05-03,Marta Gomez,Toner HP,12,1047.31,efectivo
V-29132,2026-05-04,Kiosco El Sol,Servicio mensual,13,1184.32,transferencia
V-29133,2026-05-05,Ferreteria Nuñez,Cuaderno,14,1321.33,tarjeta
V-29134,2026-05-06,Estudio Contable RyR,Mouse inalambrico,15,1458.34,efectivo
V-29135,2026-05-07,Bar La Esquina,Servicio de consultoria,16,1595.35,transferencia
V-29136,2026-05-08,Distribuidora Sur,Toner HP,17,1732.36,tarjeta
V-29137,2026-05-09,Panaderia Ortiz,Servicio mensual,18,1869.37,efectivo
V-29138,2026-05-10,Optica Vision,Cuaderno,19,2006.38,transferencia
V-29139,2026-05-11,Tech Solutions,Mouse inalambrico,20,2143.39,tarjeta
V-29140,2026-05-12,Farmacia Central,Servicio de consultoria,1,2280.40,efectivo
V-29141,2026-05-13,Hotel Plaza,Toner HP,2,2417.41,transferencia
V-29142,2026-05-14,Comercial Andrade,Servicio mensual,3,2554.42,tarjeta
V-29143,2026-05-15,Garcia SA,Cuaderno,4,2691.43,efectivo
V-29144,2026-05-16,Juan Perez,Mouse inalambrico,5,2828.44,transferencia
V-29145,2026-05-17,Marta Gomez,Servicio de consultoria,6,2965.45,tarjeta
V-29146,2026-05-18,Kiosco El Sol,Toner HP,7,3102.46,efectivo
V-29147,2026-05-19,Ferreteria Nuñez,Servicio mensual,8,3239.47,transferencia
V-29148,2026-05-20,Estudio Contable RyR,Cuaderno,9,3376.48,tarjeta
V-29149,2026-05-21,Bar La Esquina,Mouse inalambrico,10,3513.49,efectivo
V-29150,2026-05-22,Distribuidora Sur,Servicio de consultoria,11,3650.50,transferencia
V-29151,2026-05-23,Panaderia Ortiz,Toner HP,12,3787.51,tarjeta
V-29152,2026-05-24,Optica Vision,Servicio mensual,13,3924.52,efectivo
V-29153,2026-05-25,Tech Solutions,Cuaderno,14,4061.53,transferencia
V-29154,2026-05-26,Farmacia Central,Mouse inalambrico,15,4198.54,tarjeta
V-29155,2026-05-27,Hotel Plaza,Servicio de consultoria,16,4335.55,efectivo
V-29156,2026-05-28,Comercial Andrade,Toner HP,17,4472.56,transferencia
V-29157,2026-05-01,Garcia SA,Servicio mensual,18,4609.57,tarjeta
V-29158,2026-05-02,Juan Perez,Cuaderno,19,4746.58,efectivo
V-29159,2026-05-03,Marta Gomez,Mouse inalambrico,20,4883.59,transferencia
V-29160,2026-05-04,Kiosco El Sol,Servicio de consultoria,1,5020.60,tarjeta
V-29161,2026-05-05,Ferreteria Nuñez,Toner HP,2,5157.61,efectivo
V-29162,2026-05-06,Estudio Contable RyR,Servicio mensual,3,5294.62,transferencia
V-29163,2026-05-07,Bar La Esquina,Cuaderno,4,5431.63,tarjeta
V-29164,2026-05-08,Distribuidora Sur,Mouse inalambrico,5,5568.64,efectivo
V-29165,2026-05-09,Panaderia Ortiz,Servicio de consultoria,6,5705.65,transferencia
V-29166,2026-05-10,Optica Vision,Toner HP,7,5842.66,tarjeta
V-29167,2026-05-11,Tech Solutions,Servicio mensual,8,5979.67,efectivo
V-29168,2026-05-12,Farmacia Central,Cuaderno,9,6116.68,transferencia
V-29169,2026-05-13,Hotel Plaza,Mouse inalambrico,10,6253.69,tarjeta
V-29170,2026-05-14,Comercial Andrade,Servicio de consultoria,11,6390.70,efectivo
V-29171,2026-05-15,Garcia SA,Toner HP,12,6527.71,transferencia
V-29172,2026-05-16,Juan Perez,Servicio mensual,13,6664.72,tarjeta
V-29173,2026-05-17,Marta Gomez,Cuaderno,14,6801.73,efectivo
V-29174,2026-05-18,Kiosco El Sol,Mouse inalambrico,15,6938.74,transferencia
V-29175,2026-05-19,Ferreteria Nuñez,Servicio de consultoria,16,7075.75,tarjeta
V-29176,2026-05-20,Estudio Contable RyR,Toner HP,17,7212.76,efectivo
V-29177,2026-05-21,Bar La Esquina,Servicio mensual,18,7349.77,transferencia
V-29178,2026-05-22,Distribuidora Sur,Cuaderno,19,7486.78,tarjeta
V-29179,2026-05-23,Panaderia Ortiz,Mouse inalambrico,20,7623.79,efectivo
V-29180,2026-05-24,Optica Vision,Servicio de consultoria,1,7760.80,transferencia
V-29181,2026-05-25,Tech Solutions,Toner HP,2,7897.81,tarjeta
V-29182,2026-05-26,Farmacia Central,Servicio mensual,3,8034.82,efectivo
V-29183,2026-05-27,Hotel Plaza,Cuaderno,4,8171.83,transferencia
V-29184,2026-05-28,Comercial Andrade,Mouse inalambrico,5,8308.84,tarjeta
V-29185,2026-05-01,Garcia SA,Servicio de consultoria,6,8445.85,efectivo
V-29186,2026-05-02,Juan Perez,Toner HP,7,8582.86,transferencia
V-29187,2026-05-03,Marta Gomez,Servicio mensual,8,8719.87,tarjeta
V-29188,2026-05-04,Kiosco El Sol,Cuaderno,9,8856.88,efectivo
V-29189,2026-05-05,Ferreteria Nuñez,Mouse inalambrico,10,8993.89,transferencia
V-29190,2026-05-06,Estudio Contable RyR,Servicio de consultoria,11,9130.90,tarjeta
V-29191,2026-05-07,Bar La Esquina,Toner HP,12,9267.91,efectivo
V-29192,2026-05-08,Distribuidora Sur,Servicio mensual,13,9404.92,transferencia
V-29193,2026-05-09,Panaderia Ortiz,Cuaderno,14,9541.93,tarjeta
V-29194,2026-05-10,Optica Vision,Mouse inalambrico,15,9678.94,efectivo
V-29195,2026-05-11,Tech Solutions,Servicio de consultoria,16,9815.95,transferencia
V-29196,2026-05-12,Farmacia Central,Toner HP,17,9952.96,tarjeta
V-29197,2026-05-13,Hotel Plaza,Servicio mensual,18,10089.97,efectivo
V-29198,2026-05-14,Comercial Andrade,Cuaderno,19,10226.98,transferencia
V-29199,2026-05-15,Garcia SA,Mouse inalambrico,20,10363.99,tarjeta
V-29200,2026-05-16,Juan Perez,Servicio de consultoria,1,10500.00,efectivo
V-29201,2026-05-17,Marta Gomez,Toner HP,2,10637.01,transferencia
V-29202,2026-05-18,Kiosco El Sol,Servicio mensual,3,10774.02,tarjeta
V-29203,2026-05-19,Ferreteria Nuñez,Cuaderno,4,10911.03,efectivo
V-29204,2026-05-20,Estudio Contable RyR,Mouse inalambrico,5,11048.04,transferencia
V-29205,2026-05-21,Bar La Esquina,Servicio de consultoria,6,11185.05,tarjeta
V-29206,2026-05-22,Distribuidora Sur,Toner HP,7,11322.06,efectivo
V-29207,2026-05-23,Panaderia Ortiz,Servicio mensual,8,11459.07,transferencia
V-29208,2026-05-24,Optica Vision,Cuaderno,9,11596.08,tarjeta
V-29209,2026-05-25,Tech Solutions,Mouse inalambrico,10,11733.09,efectivo
V-29210,2026-05-26,Farmacia Central,Servicio de consultoria,11,11870.10,transferencia
V-29211,2026-05-27,Hotel Plaza,Toner HP,12,12007.11,tarjeta
V-29212,2026-05-28,Comercial Andrade,Servicio mensual,13,12144.12,efectivo
V-29213,2026-05-01,Garcia SA,Cuaderno,14,12281.13,transferencia
V-29214,2026-05-02,Juan Perez,Mouse inalambrico,15,12418.14,tarjeta
V-29215,2026-05-03,Marta Gomez,Servicio de consultoria,16,12555.15,efectivo
V-29216,2026-05-04,Kiosco El Sol,Toner HP,17,12692.16,transferencia
V-29217,2026-05-05,Ferreteria Nuñez,Servicio mensual,18,12829.17,tarjeta
V-29218,2026-05-06,Estudio Contable RyR,Cuaderno,19,12966.18,efectivo
V-29219,2026-05-07,Bar La Esquina,Mouse inalambrico,20,13103.19,transferencia
V-29220,2026-05-08,Distribuidora Sur,Servicio de consultoria,1,13240.20,tarjeta
V-29221,2026-05-09,Panaderia Ortiz,Toner HP,2,13377.21,efectivo
V-29222,2026-05-10,Optica Vision,Servicio mensual,3,13514.22,transferencia
V-29223,2026-05-11,Tech Solutions,Cuaderno,4,13651.23,tarjeta
V-29224,2026-05-12,Farmacia Central,Mouse inalambrico,5,13788.24,efectivo
V-29225,2026-05-13,Hotel Plaza,Servicio de consultoria,6,13925.25,transferencia
V-29226,2026-05-14,Comercial Andrade,Toner HP,7,14062.26,tarjeta
V-29227,2026-05-15,Garcia SA,Servicio mensual,8,14199.27,efectivo
V-29228,2026-05-16,Juan Perez,Cuaderno,9,14336.28,transferencia
V-29229,2026-05-17,Marta Gomez,Mouse inalambrico,10,14473.29,tarjeta
V-29230,2026-05-18,Kiosco El Sol,Servicio de consultoria,11,14610.30,efectivo
V-29231,2026-05-19,Ferreteria Nuñez,Toner HP,12,14747.31,transferencia
V-29232,2026-05-20,Estudio Contable RyR,Servicio mensual,13,14884.32,tarjeta
V-29233,2026-05-21,Bar La Esquina,Cuaderno,14,15021.33,efectivo
V-29234,2026-05-22,Distribuidora Sur,Mouse inalambrico,15,15158.34,transferencia
V-29235,2026-05-23,Panaderia Ortiz,Servicio de consultoria,16,15295.35,tarjeta
V-29236,2026-05-24,Optica Vision,Toner HP,17,15432.36,efectivo
V-29237,2026-05-25,Tech Solutions,Servicio mensual,18,15569.37,transferencia
V-29238,2026-05-26,Farmacia Central,Cuaderno,19,15706.38,tarjeta
V-29239,2026-05-27,Hotel Plaza,Mouse inalambrico,20,15843.39,efectivo
V-29240,2026-05-28,Comercial Andrade,Servicio de consultoria,1,15980.40,transferencia
V-29241,2026-05-01,Garcia SA,Toner HP,2,16117.41,tarjeta
V-29242,2026-05-02,Juan Perez,Servicio mensual,3,16254.42,efectivo
V-29243,2026-05-03,Marta Gomez,Cuaderno,4,16391.43,transferencia
V-29244,2026-05-04,Kiosco El Sol,Mouse inalambrico,5,16528.44,tarjeta
V-29245,2026-05-05,Ferreteria Nuñez,Servicio de consultoria,6,16665.45,efectivo
V-29246,2026-05-06,Estudio Contable RyR,Toner HP,7,16802.46,transferencia
V-29247,2026-05-07,Bar La Esquina,Servicio mensual,8,16939.47,tarjeta
V-29248,2026-05-08,Distribuidora Sur,Cuaderno,9,17076.48,efectivo
V-29249,2026-05-09,Panaderia Ortiz,Mouse inalambrico,10,17213.49,transferencia
V-29250,2026-05-10,Optica Vision,Servicio de consultoria,11,17350.50,tarjeta
V-29251,2026-05-11,Tech Solutions,Toner HP,12,17487.51,efectivo
V-29252,2026-05-12,Farmacia Central,Servicio mensual,13,17624.52,transferencia
V-29253,2026-05-13,Hotel Plaza,Cuaderno,14,17761.53,tarjeta
V-29254,2026-05-14,Comercial Andrade,Mouse inalambrico,15,17898.54,efectivo
V-29255,2026-05-15,Garcia SA,Servicio de consultoria,16,18035.55,transferencia
V-29256,2026-05-16,Juan Perez,Toner HP,17,18172.56,tarjeta
V-29257,2026-05-17,Marta Gomez,Servicio mensual,18,18309.57,efectivo
V-29258,2026-05-18,Kiosco El Sol,Cuaderno,19,18446.58,transferencia
V-29259,2026-05-19,Ferreteria Nuñez,Mouse inalambrico,20,18583.59,tarjeta
V-29260,2026-05-20,Estudio Contable RyR,Servicio de consultoria,1,18720.60,efectivo
V-29261,2026-05-21,Bar La Esquina,Toner HP,2,18857.61,transferencia
V-29262,2026-05-22,Distribuidora Sur,Servicio mensual,3,18994.62,tarjeta
V-29263,2026-05-23,Panaderia Ortiz,Cuaderno,4,19131.63,efectivo
V-29264,2026-05-24,Optica Vision,Mouse inalambrico,5,19268.64,transferencia
V-29265,2026-05-25,Tech Solutions,Servicio de consultoria,6,19405.65,tarjeta
V-29266,2026-05-26,Farmacia Central,Toner HP,7,19542.66,efectivo
V-29267,2026-05-27,Hotel Plaza,Servicio mensual,8,19679.67,transferencia
V-29268,2026-05-28,Comercial Andrade,Cuaderno,9,19816.68,tarjeta
V-29269,2026-05-01,Garcia SA,Mouse inalambrico,10,19953.69,efectivo
V-29270,2026-05-02,Juan Perez,Servicio de consultoria,11,20090.70,transferencia
V-29271,2026-05-03,Marta Gomez,Toner HP,12,20227.71,tarjeta
V-29272,2026-05-04,Kiosco El Sol,Servicio mensual,13,20364.72,efectivo
V-29273,2026-05-05,Ferreteria Nuñez,Cuaderno,14,20501.73,transferencia
V-29274,2026-05-06,Estudio Contable RyR,Mouse inalambrico,15,20638.74,tarjeta
V-29275,2026-05-07,Bar La Esquina,Servicio de consultoria,16,20775.75,efectivo
V-29276,2026-05-08,Distribuidora Sur,Toner HP,17,20912.76,transferencia
V-29277,2026-05-09,Panaderia Ortiz,Servicio mensual,18,21049.77,tarjeta
V-29278,2026-05-10,Optica Vision,Cuaderno,19,21186.78,efectivo
V-29279,2026-05-11,Tech Solutions,Mouse inalambrico,20,21323.79,transferencia
V-29280,2026-05-12,Farmacia Central,Servicio de consultoria,1,21460.80,tarjeta
V-29281,2026-05-13,Hotel Plaza,Toner HP,2,21597.81,efectivo
V-29282,2026-05-14,Comercial Andrade,Servicio mensual,3,21734.82,transferencia
V-29283,2026-05-15,Garcia SA,Cuaderno,4,21871.83,tarjeta
V-29284,2026-05-16,Juan Perez,Mouse inalambrico,5,22008.84,efectivo
V-29285,2026-05-17,Marta Gomez,Servicio de consultoria,6,22145.85,transferencia
V-29286,2026-05-18,Kiosco El Sol,Toner HP,7,22282.86,tarjeta
V-29287,2026-05-19,Ferreteria Nuñez,Servicio mensual,8,22419.87,efectivo
V-29288,2026-05-20,Estudio Contable RyR,Cuaderno,9,22556.88,transferencia
V-29289,2026-05-21,Bar La Esquina,Mouse inalambrico,10,22693.89,tarjeta
V-29290,2026-05-22,Distribuidora Sur,Servicio de consultoria,11,22830.90,efectivo
V-29291,2026-05-23,Panaderia Ortiz,Toner HP,12,22967.91,transferencia
V-29292,2026-05-24,Optica Vision,Servicio mensual,13,23104.92,tarjeta
V-29293,2026-05-25,Tech Solutions,Cuaderno,14,23241.93,efectivo
V-29294,2026-05-26,Farmacia Central,Mouse inalambrico,15,23378.94,transferencia
V-29295,2026-05-27,Hotel Plaza,Servicio de consultoria,16,23515.95,tarjeta
V-29296,2026-05-28,Comercial Andrade,Toner HP,17,23652.96,efectivo
V-29297,2026-05-01,Garcia SA,Servicio mensual,18,23789.97,transferencia
V-29298,2026-05-02,Juan Perez,Cuaderno,19,23926.98,tarjeta
V-29299,2026-05-03,Marta Gomez,Mouse inalambrico,20,24063.99,efectivo
V-29300,2026-05-04,Kiosco El Sol,Servicio de consultoria,1,24200.00,transferencia
V-29301,2026-05-05,Ferreteria Nuñez,Toner HP,2,24337.01,tarjeta
V-29302,2026-05-06,Estudio Contable RyR,Servicio mensual,3,24474.02,efectivo
V-29303,2026-05-07,Bar La Esquina,Cuaderno,4,24611.03,transferencia
V-29304,2026-05-08,Distribuidora Sur,Mouse inalambrico,5,24748.04,tarjeta
V-29305,2026-05-09,Panaderia Ortiz,Servicio de consultoria,6,24885.05,efectivo
V-29306,2026-05-10,Optica Vision,Toner HP,7,25022.06,transferencia
V-29307,2026-05-11,Tech Solutions,Servicio mensual,8,25159.07,tarjeta
V-29308,2026-05-12,Farmacia Central,Cuaderno,9,25296.08,efectivo
V-29309,2026-05-13,Hotel Plaza,Mouse inalambrico,10,25433.09,transferencia
V-29310,2026-05-14,Comercial Andrade,Servicio de consultoria,11,25570.10,tarjeta
V-29311,2026-05-15,Garcia SA,Toner HP,12,25707.11,efectivo
V-29312,2026-05-16,Juan Perez,Servicio mensual,13,25844.12,transferencia
V-29313,2026-05-17,Marta Gomez,Cuaderno,14,25981.13,tarjeta
V-29314,2026-05-18,Kiosco El Sol,Mouse inalambrico,15,26118.14,efectivo
V-29315,2026-05-19,Ferreteria Nuñez,Servicio de consultoria,16,26255.15,transferencia
V-29316,2026-05-20,Estudio Contable RyR,Toner HP,17,26392.16,tarjeta
V-29317,2026-05-21,Bar La Esquina,Servicio mensual,18,26529.17,efectivo
V-29318,2026-05-22,Distribuidora Sur,Cuaderno,19,26666.18,transferencia
V-29319,2026-05-23,Panaderia Ortiz,Mouse inalambrico,20,26803.19,tarjeta
V-29320,2026-05-24,Optica Vision,Servicio de consultoria,1,26940.20,efectivo
V-29321,2026-05-25,Tech Solutions,Toner HP,2,27077.21,transferencia
V-29322,2026-05-26,Farmacia Central,Servicio mensual,3,27214.22,tarjeta
V-29323,2026-05-27,Hotel Plaza,Cuaderno,4,27351.23,efectivo
V-29324,2026-05-28,Comercial Andrade,Mouse inalambrico,5,27488.24,transferencia
V-29325,2026-05-01,Garcia SA,Servicio de consultoria,6,27625.25,tarjeta
V-29326,2026-05-02,Juan Perez,Toner HP,7,27762.26,efectivo
V-29327,2026-05-03,Marta Gomez,Servicio mensual,8,27899.27,transferencia
V-29328,2026-05-04,Kiosco El Sol,Cuaderno,9,28036.28,tarjeta
V-29329,2026-05-05,Ferreteria Nuñez,Mouse inalambrico,10,28173.29,efectivo
V-29330,2026-05-06,Estudio Contable RyR,Servicio de consultoria,11,28310.30,transferencia
V-29331,2026-05-07,Bar La Esquina,Toner HP,12,28447.31,tarjeta
V-29332,2026-05-08,Distribuidora Sur,Servicio mensual,13,28584.32,efectivo
V-29333,2026-05-09,Panaderia Ortiz,Cuaderno,14,28721.33,transferencia
V-29334,2026-05-10,Optica Vision,Mouse inalambrico,15,28858.34,tarjeta
V-29335,2026-05-11,Tech Solutions,Servicio de consultoria,16,28995.35,efectivo
V-29336,2026-05-12,Farmacia Central,Toner HP,17,29132.36,transferencia
V-29337,2026-05-13,Hotel Plaza,Servicio mensual,18,29269.37,tarjeta
V-29338,2026-05-14,Comercial Andrade,Cuaderno,19,29406.38,efectivo
V-29339,2026-05-15,Garcia SA,Mouse inalambrico,20,29543.39,transferencia
V-29340,2026-05-16,Juan Perez,Servicio de consultoria,1,29680.40,tarjeta
V-29341,2026-05-17,Marta Gomez,Toner HP,2,29817.41,efectivo
V-29342,2026-05-18,Kiosco El Sol,Servicio mensual,3,29954.42,transferencia
V-29343,2026-05-19,Ferreteria Nuñez,Cuaderno,4,30091.43,tarjeta
V-29344,2026-05-20,Estudio Contable RyR,Mouse inalambrico,5,30228.44,efectivo
V-29345,2026-05-21,Bar La Esquina,Servicio de consultoria,6,30365.45,transferencia
V-29346,2026-05-22,Distribuidora Sur,Toner HP,7,30502.46,tarjeta
V-29347,2026-05-23,Panaderia Ortiz,Servicio mensual,8,30639.47,efectivo
V-29348,2026-05-24,Optica Vision,Cuaderno,9,30776.48,transferencia
V-29349,2026-05-25,Tech Solutions,Mouse inalambrico,10,30913.49,tarjeta
V-29350,2026-05-26,Farmacia Central,Servicio de consultoria,11,31050.50,efectivo
V-29351,2026-05-27,Hotel Plaza,Toner HP,12,31187.51,transferencia
V-29352,2026-05-28,Comercial Andrade,Servicio mensual,13,31324.52,tarjeta
V-29353,2026-05-01,Garcia SA,Cuaderno,14,31461.53,efectivo
V-29354,2026-05-02,Juan Perez,Mouse inalambrico,15,31598.54,transferencia
V-29355,2026-05-03,Marta Gomez,Servicio de consultoria,16,31735.55,tarjeta
V-29356,2026-05-04,Kiosco El Sol,Toner HP,17,31872.56,efectivo
V-29357,2026-05-05,Ferreteria Nuñez,Servicio mensual,18,32009.57,transferencia
V-29358,2026-05-06,Estudio Contable RyR,Cuaderno,19,32146.58,tarjeta
V-29359,2026-05-07,Bar La Esquina,Mouse inalambrico,20,32283.59,efectivo
V-29360,2026-05-08,Distribuidora Sur,Servicio de consultoria,1,32420.60,transferencia
V-29361,2026-05-09,Panaderia Ortiz,Toner HP,2,32557.61,tarjeta
V-29362,2026-05-10,Optica Vision,Servicio mensual,3,32694.62,efectivo
V-29363,2026-05-11,Tech Solutions,Cuaderno,4,32831.63,transferencia
V-29364,2026-05-12,Farmacia Central,Mouse inalambrico,5,32968.64,tarjeta
V-29365,2026-05-13,Hotel Plaza,Servicio de consultoria,6,33105.65,efectivo
V-29366,2026-05-14,Comercial Andrade,Toner HP,7,33242.66,transferencia
V-29367,2026-05-15,Garcia SA,Servicio mensual,8,33379.67,tarjeta
V-29368,2026-05-16,Juan Perez,Cuaderno,9,33516.68,efectivo
V-29369,2026-05-17,Marta Gomez,Mouse inalambrico,10,33653.69,transferencia
V-29370,2026-05-18,Kiosco El Sol,Servicio de consultoria,11,33790.70,tarjeta
V-29371,2026-05-19,Ferreteria Nuñez,Toner HP,12,33927.71,efectivo
V-29372,2026-05-20,Estudio Contable RyR,Servicio mensual,13,34064.72,transferencia
V-29373,2026-05-21,Bar La Esquina,Cuaderno,14,34201.73,tarjeta
V-29374,2026-05-22,Distribuidora Sur,Mouse inalambrico,15,34338.74,efectivo
V-29375,2026-05-23,Panaderia Ortiz,Servicio de consultoria,16,34475.75,transferencia
V-29376,2026-05-24,Optica Vision,Toner HP,17,34612.76,tarjeta
V-29377,2026-05-25,Tech Solutions,Servicio mensual,18,34749.77,efectivo
V-29378,2026-05-26,Farmacia Central,Cuaderno,19,34886.78,transferencia
V-29379,2026-05-27,Hotel Plaza,Mouse inalambrico,20,35023.79,tarjeta
V-29380,2026-05-28,Comercial Andrade,Servicio de consultoria,1,35160.80,efectivo
V-29381,2026-05-01,Garcia SA,Toner HP,2,35297.81,transferencia
V-29382,2026-05-02,Juan Perez,Servicio mensual,3,35434.82,tarjeta
V-29383,2026-05-03,Marta Gomez,Cuaderno,4,35571.83,efectivo
V-29384,2026-05-04,Kiosco El Sol,Mouse inalambrico,5,35708.84,transferencia
V-29385,2026-05-05,Ferreteria Nuñez,Servicio de consultoria,6,35845.85,tarjeta
V-29386,2026-05-06,Estudio Contable RyR,Toner HP,7,35982.86,efectivo
V-29387,2026-05-07,Bar La Esquina,Servicio mensual,8,36119.87,transferencia
V-29388,2026-05-08,Distribuidora Sur,Cuaderno,9,36256.88,tarjeta
V-29389,2026-05-09,Panaderia Ortiz,Mouse inalambrico,10,36393.89,efectivo
V-29390,2026-05-10,Optica Vision,Servicio de consultoria,11,36530.90,transferencia
V-29391,2026-05-11,Tech Solutions,Toner HP,12,36667.91,tarjeta
V-29392,2026-05-12,Farmacia Central,Servicio mensual,13,36804.92,efectivo
V-29393,2026-05-13,Hotel Plaza,Cuaderno,14,36941.93,transferencia
V-29394,2026-05-14,Comercial Andrade,Mouse inalambrico,15,37078.94,tarjeta
V-29395,2026-05-15,Garcia SA,Servicio de consultoria,16,37215.95,efectivo
V-29396,2026-05-16,Juan Perez,Toner HP,17,37352.96,transferencia
V-29397,2026-05-17,Marta Gomez,Servicio mensual,18,37489.97,tarjeta
V-29398,2026-05-18,Kiosco El Sol,Cuaderno,19,37626.98,efectivo
V-29399,2026-05-19,Ferreteria Nuñez,Mouse inalambrico,20,37763.99,transferencia
V-29400,2026-05-20,Estudio Contable RyR,Servicio de consultoria,1,37900.00,tarjeta
V-29401,2026-05-21,Bar La Esquina,Toner HP,2,38037.01,efectivo
V-29402,2026-05-22,Distribuidora Sur,Servicio mensual,3,38174.02,transferencia
V-29403,2026-05-23,Panaderia Ortiz,Cuaderno,4,38311.03,tarjeta
V-29404,2026-05-24,Optica Vision,Mouse inalambrico,5,38448.04,efectivo
V-29405,2026-05-25,Tech Solutions,Servicio de consultoria,6,38585.05,transferencia
V-29406,2026-05-26,Farmacia Central,Toner HP,7,38722.06,tarjeta
V-29407,2026-05-27,Hotel Plaza,Servicio mensual,8,38859.07,efectivo
V-29408,2026-05-28,Comercial Andrade,Cuaderno,9,38996.08,transferencia
V-29409,2026-05-01,Garcia SA,Mouse inalambrico,10,39133.09,tarjeta
V-29410,2026-05-02,Juan Perez,Servicio de consultoria,11,39270.10,efectivo
V-29411,2026-05-03,Marta Gomez,Toner HP,12,39407.11,transferencia
V-29412,2026-05-04,Kiosco El Sol,Servicio mensual,13,39544.12,tarjeta
V-29413,2026-05-05,Ferreteria Nuñez,Cuaderno,14,39681.13,efectivo
V-29414,2026-05-06,Estudio Contable RyR,Mouse inalambrico,15,39818.14,transferencia
V-29415,2026-05-07,Bar La Esquina,Servicio de consultoria,16,39955.15,tarjeta
V-29416,2026-05-08,Distribuidora Sur,Toner HP,17,40092.16,efectivo
V-29417,2026-05-09,Panaderia Ortiz,Servicio mensual,18,40229.17,transferencia
V-29418,2026-05-10,Optica Vision,Cuaderno,19,40366.18,tarjeta
V-29419,2026-05-11,Tech Solutions,Mouse inalambrico,20,40503.19,efectivo
V-29420,2026-05-12,Farmacia Central,Servicio de consultoria,1,40640.20,transferencia
V-29421,2026-05-13,Hotel Plaza,Toner HP,2,40777.21,tarjeta
V-29422,2026-05-14,Comercial Andrade,Servicio mensual,3,40914.22,efectivo
V-29423,2026-05-15,Garcia SA,Cuaderno,4,41051.23,transferencia
V-29424,2026-05-16,Juan Perez,Mouse inalambrico,5,41188.24,tarjeta
V-29425,2026-05-17,Marta Gomez,Servicio de consultoria,6,41325.25,efectivo
V-29426,2026-05-18,Kiosco El Sol,Toner HP,7,41462.26,transferencia
V-29427,2026-05-19,Ferreteria Nuñez,Servicio mensual,8,41599.27,tarjeta
V-29428,2026-05-20,Estudio Contable RyR,Cuaderno,9,41736.28,efectivo
V-29429,2026-05-21,Bar La Esquina,Mouse inalambrico,10,41873.29,transferencia
V-29430,2026-05-22,Distribuidora Sur,Servicio de consultoria,11,42010.30,tarjeta
V-29431,2026-05-23,Panaderia Ortiz,Toner HP,12,42147.31,efectivo
V-29432,2026-05-24,Optica Vision,Servicio mensual,13,42284.32,transferencia
V-29433,2026-05-25,Tech Solutions,Cuaderno,14,42421.33,tarjeta
V-29434,2026-05-26,Farmacia Central,Mouse inalambrico,15,42558.34,efectivo
V-29435,2026-05-27,Hotel Plaza,Servicio de consultoria,16,42695.35,transferencia
V-29436,2026-05-28,Comercial Andrade,Toner HP,17,42832.36,tarjeta
V-29437,2026-05-01,Garcia SA,Servicio mensual,18,42969.37,efectivo
V-29438,2026-05-02,Juan Perez,Cuaderno,19,43106.38,transferencia
V-29439,2026-05-03,Marta Gomez,Mouse inalambrico,20,43243.39,tarjeta
V-29440,2026-05-04,Kiosco El Sol,Servicio de consultoria,1,43380.40,efectivo
V-29441,2026-05-05,Ferreteria Nuñez,Toner HP,2,43517.41,transferencia
V-29442,2026-05-06,Estudio Contable RyR,Servicio mensual,3,43654.42,tarjeta
V-29443,2026-05-07,Bar La Esquina,Cuaderno,4,43791.43,efectivo
V-29444,2026-05-08,Distribuidora Sur,Mouse inalambrico,5,43928.44,transferencia
V-29445,2026-05-09,Panaderia Ortiz,Servicio de consultoria,6,44065.45,tarjeta
V-29446,2026-05-10,Optica Vision,Toner HP,7,44202.46,efectivo
V-29447,2026-05-11,Tech Solutions,Servicio mensual,8,44339.47,transferencia
V-29448,2026-05-12,Farmacia Central,Cuaderno,9,44476.48,tarjeta
V-29449,2026-05-13,Hotel Plaza,Mouse inalambrico,10,44613.49,efectivo
V-29450,2026-05-14,Comercial Andrade,Servicio de consultoria,11,44750.50,transferencia
V-29451,2026-05-15,Garcia SA,Toner HP,12,44887.51,tarjeta
V-29452,2026-05-16,Juan Perez,Servicio mensual,13,45024.52,efectivo
V-29453,2026-05-17,Marta Gomez,Cuaderno,14,45161.53,transferencia
V-29454,2026-05-18,Kiosco El Sol,Mouse inalambrico,15,45298.54,tarjeta
V-29455,2026-05-19,Ferreteria Nuñez,Servicio de consultoria,16,45435.55,efectivo
V-29456,2026-05-20,Estudio Contable RyR,Toner HP,17,45572.56,transferencia
V-29457,2026-05-21,Bar La Esquina,Servicio mensual,18,45709.57,tarjeta
V-29458,2026-05-22,Distribuidora Sur,Cuaderno,19,45846.58,efectivo
V-29459,2026-05-23,Panaderia Ortiz,Mouse inalambrico,20,45983.59,transferencia
V-29460,2026-05-24,Optica Vision,Servicio de consultoria,1,46120.60,tarjeta
V-29461,2026-05-25,Tech Solutions,Toner HP,2,46257.61,efectivo
V-29462,2026-05-26,Farmacia Central,Servicio mensual,3,46394.62,transferencia
V-29463,2026-05-27,Hotel Plaza,Cuaderno,4,46531.63,tarjeta
V-29464,2026-05-28,Comercial Andrade,Mouse inalambrico,5,46668.64,efectivo
V-29465,2026-05-01,Garcia SA,Servicio de consultoria,6,46805.65,transferencia
V-29466,2026-05-02,Juan Perez,Toner HP,7,46942.66,tarjeta
V-29467,2026-05-03,Marta Gomez,Servicio mensual,8,47079.67,efectivo
V-29468,2026-05-04,Kiosco El Sol,Cuaderno,9,47216.68,transferencia
V-29469,2026-05-05,Ferreteria Nuñez,Mouse inalambrico,10,47353.69,tarjeta
V-29470,2026-05-06,Estudio Contable RyR,Servicio de consultoria,11,47490.70,efectivo
V-29471,2026-05-07,Bar La Esquina,Toner HP,12,47627.71,transferencia
V-29472,2026-05-08,Distribuidora Sur,Servicio mensual,13,47764.72,tarjeta
V-29473,2026-05-09,Panaderia Ortiz,Cuaderno,14,47901.73,efectivo
V-29474,2026-05-10,Optica Vision,Mouse inalambrico,15,48038.74,transferencia
V-29475,2026-05-11,Tech Solutions,Servicio de consultoria,16,48175.75,tarjeta
V-29476,2026-05-12,Farmacia Central,Toner HP,17,48312.76,efectivo
V-29477,2026-05-13,Hotel Plaza,Servicio mensual,18,48449.77,transferencia
V-29478,2026-05-14,Comercial Andrade,Cuaderno,19,48586.78,tarjeta
V-29479,2026-05-15,Garcia SA,Mouse inalambrico,20,48723.79,efectivo
V-29480,2026-05-16,Juan Perez,Servicio de consultoria,1,48860.80,transferencia
V-29481,2026-05-17,Marta Gomez,Toner HP,2,48997.81,tarjeta
V-29482,2026-05-18,Kiosco El Sol,Servicio mensual,3,49134.82,efectivo
V-29483,2026-05-19,Ferreteria Nuñez,Cuaderno,4,49271.83,transferencia
V-29484,2026-05-20,Estudio Contable RyR,Mouse inalambrico,5,49408.84,tarjeta
V-29485,2026-05-21,Bar La Esquina,Servicio de consultoria,6,49545.85,efectivo
V-29486,2026-05-22,Distribuidora Sur,Toner HP,7,49682.86,transferencia
V-29487,2026-05-23,Panaderia Ortiz,Servicio mensual,8,49819.87,tarjeta
V-29488,2026-05-24,Optica Vision,Cuaderno,9,49956.88,efectivo
V-29489,2026-05-25,Tech Solutions,Mouse inalambrico,10,50093.89,transferencia
V-29490,2026-05-26,Farmacia Central,Servicio de consultoria,11,230.90,tarjeta
V-29491,2026-05-27,Hotel Plaza,Toner HP,12,367.91,efectivo
V-29492,2026-05-28,Comercial Andrade,Servicio mensual,13,504.92,transferencia
V-29493,2026-05-01,Garcia SA,Cuaderno,14,641.93,tarjeta
V-29494,2026-05-02,Juan Perez,Mouse inalambrico,15,778.94,efectivo
V-29495,2026-05-03,Marta Gomez,Servicio de consultoria,16,915.95,transferencia
V-29496,2026-05-04,Kiosco El Sol,Toner HP,17,1052.96,tarjeta
V-29497,2026-05-05,Ferreteria Nuñez,Servicio mensual,18,1189.97,efectivo
V-29498,2026-05-06,Estudio Contable RyR,Cuaderno,19,1326.98,transferencia
V-29499,2026-05-07,Bar La Esquina,Mouse inalambrico,20,1463.99,tarjeta
V-29500,2026-05-08,Distribuidora Sur,Servicio de consultoria,1,1600.00,efectivo
V-29501,2026-05-09,Panaderia Ortiz,Toner HP,2,1737.01,transferencia
V-29502,2026-05-10,Optica Vision,Servicio mensual,3,1874.02,tarjeta
V-29503,2026-05-11,Tech Solutions,Cuaderno,4,2011.03,efectivo
V-29504,2026-05-12,Farmacia Central,Mouse inalambrico,5,2148.04,transferencia
V-29505,2026-05-13,Hotel Plaza,Servicio de consultoria,6,2285.05,tarjeta
V-29506,2026-05-14,Comercial Andrade,Toner HP,7,2422.06,efectivo
V-29507,2026-05-15,Garcia SA,Servicio mensual,8,2559.07,transferencia
V-29508,2026-05-16,Juan Perez,Cuaderno,9,2696.08,tarjeta
V-29509,2026-05-17,Marta Gomez,Mouse inalambrico,10,2833.09,efectivo
V-29510,2026-05-18,Kiosco El Sol,Servicio de consultoria,11,2970.10,transferencia
V-29511,2026-05-19,Ferreteria Nuñez,Toner HP,12,3107.11,tarjeta
V-29512,2026-05-20,Estudio Contable RyR,Servicio mensual,13,3244.12,efectivo
V-29513,2026-05-21,Bar La Esquina,Cuaderno,14,3381.13,transferencia
V-29514,2026-05-22,Distribuidora Sur,Mouse inalambrico,15,3518.14,tarjeta
V-29515,2026-05-23,Panaderia Ortiz,Servicio de consultoria,16,3655.15,efectivo
V-29516,2026-05-24,Optica Vision,Toner HP,17,3792.16,transferencia
V-29517,2026-05-25,Tech Solutions,Servicio mensual,18,3929.17,tarjeta
V-29518,2026-05-26,Farmacia Central,Cuaderno,19,4066.18,efectivo
V-29519,2026-05-27,Hotel Plaza,Mouse inalambrico,20,4203.19,transferencia
V-29520,2026-05-28,Comercial Andrade,Servicio de consultoria,1,4340.20,tarjeta
V-29521,2026-05-01,Garcia SA,Toner HP,2,4477.21,efectivo
V-29522,2026-05-02,Juan Perez,Servicio mensual,3,4614.22,transferencia
V-29523,2026-05-03,Marta Gomez,Cuaderno,4,4751.23,tarjeta
V-29524,2026-05-04,Kiosco El Sol,Mouse inalambrico,5,4888.24,efectivo
V-29525,2026-05-05,Ferreteria Nuñez,Servicio de consultoria,6,5025.25,transferencia
V-29526,2026-05-06,Estudio Contable RyR,Toner HP,7,5162.26,tarjeta
V-29527,2026-05-07,Bar La Esquina,Servicio mensual,8,5299.27,efectivo
V-29528,2026-05-08,Distribuidora Sur,Cuaderno,9,5436.28,transferencia
V-29529,2026-05-09,Panaderia Ortiz,Mouse inalambrico,10,5573.29,tarjeta
V-29530,2026-05-10,Optica Vision,Servicio de consultoria,11,5710.30,efectivo
V-29531,2026-05-11,Tech Solutions,Toner HP,12,5847.31,transferencia
V-29532,2026-05-12,Farmacia Central,Servicio mensual,13,5984.32,tarjeta
V-29533,2026-05-13,Hotel Plaza,Cuaderno,14,6121.33,efectivo
V-29534,2026-05-14,Comercial Andrade,Mouse inalambrico,15,6258.34,transferencia
V-29535,2026-05-15,Garcia SA,Servicio de consultoria,16,6395.35,tarjeta
V-29536,2026-05-16,Juan Perez,Toner HP,17,6532.36,efectivo
V-29537,2026-05-17,Marta Gomez,Servicio mensual,18,6669.37,transferencia
V-29538,2026-05-18,Kiosco El Sol,Cuaderno,19,6806.38,tarjeta
V-29539,2026-05-19,Ferreteria Nuñez,Mouse inalambrico,20,6943.39,efectivo
V-29540,2026-05-20,Estudio Contable RyR,Servicio de consultoria,1,7080.40,transferencia
V-29541,2026-05-21,Bar La Esquina,Toner HP,2,7217.41,tarjeta
V-29542,2026-05-22,Distribuidora Sur,Servicio mensual,3,7354.42,efectivo
V-29543,2026-05-23,Panaderia Ortiz,Cuaderno,4,7491.43,transferencia
V-29544,2026-05-24,Optica Vision,Mouse inalambrico,5,7628.44,tarjeta
V-29545,2026-05-25,Tech Solutions,Servicio de consultoria,6,7765.45,efectivo
V-29546,2026-05-26,Farmacia Central,Toner HP,7,7902.46,transferencia
V-29547,2026-05-27,Hotel Plaza,Servicio mensual,8,8039.47,tarjeta
V-29548,2026-05-28,Comercial Andrade,Cuaderno,9,8176.48,efectivo
V-29549,2026-05-01,Garcia SA,Mouse inalambrico,10,8313.49,transferencia
V-29550,2026-05-02,Juan Perez,Servicio de consultoria,11,8450.50,tarjeta
V-29551,2026-05-03,Marta Gomez,Toner HP,12,8587.51,efectivo
V-29552,2026-05-04,Kiosco El Sol,Servicio mensual,13,8724.52,transferencia
V-29553,2026-05-05,Ferreteria Nuñez,Cuaderno,14,8861.53,tarjeta
V-29554,2026-05-06,Estudio Contable RyR,Mouse inalambrico,15,8998.54,efectivo
V-29555,2026-05-07,Bar La Esquina,Servicio de consultoria,16,9135.55,transferencia
V-29556,2026-05-08,Distribuidora Sur,Toner HP,17,9272.56,tarjeta
V-29557,2026-05-09,Panaderia Ortiz,Servicio mensual,18,9409.57,efectivo
V-29558,2026-05-10,Optica Vision,Cuaderno,19,9546.58,transferencia
V-29559,2026-05-11,Tech Solutions,Mouse inalambrico,20,9683.59,tarjeta
V-29560,2026-05-12,Farmacia Central,Servicio de consultoria,1,9820.60,efectivo
V-29561,2026-05-13,Hotel Plaza,Toner HP,2,9957.61,transferencia
V-29562,2026-05-14,Comercial Andrade,Servicio mensual,3,10094.62,tarjeta
V-29563,2026-05-15,Garcia SA,Cuaderno,4,10231.63,efectivo
V-29564,2026-05-16,Juan Perez,Mouse inalambrico,5,10368.64,transferencia
V-29565,2026-05-17,Marta Gomez,Servicio de consultoria,6,10505.65,tarjeta
V-29566,2026-05-18,Kiosco El Sol,Toner HP,7,10642.66,efectivo
V-29567,2026-05-19,Ferreteria Nuñez,Servicio mensual,8,10779.67,transferencia
V-29568,2026-05-20,Estudio Contable RyR,Cuaderno,9,10916.68,tarjeta
V-29569,2026-05-21,Bar La Esquina,Mouse inalambrico,10,11053.69,efectivo
V-29570,2026-05-22,Distribuidora Sur,Servicio de consultoria,11,11190.70,transferencia
V-29571,2026-05-23,Panaderia Ortiz,Toner HP,12,11327.71,tarjeta
V-29572,2026-05-24,Optica Vision,Servicio mensual,13,11464.72,efectivo
V-29573,2026-05-25,Tech Solutions,Cuaderno,14,11601.73,transferencia
V-29574,2026-05-26,Farmacia Central,Mouse inalambrico,15,11738.74,tarjeta
V-29575,2026-05-27,Hotel Plaza,Servicio de consultoria,16,11875.75,efectivo
V-29576,2026-05-28,Comercial Andrade,Toner HP,17,12012.76,transferencia
V-29577,2026-05-01,Garcia SA,Servicio mensual,18,12149.77,tarjeta
V-29578,2026-05-02,Juan Perez,Cuaderno,19,12286.78,efectivo
V-29579,2026-05-03,Marta Gomez,Mouse inalambrico,20,12423.79,transferencia
V-29580,2026-05-04,Kiosco El Sol,Servicio de consultoria,1,12560.80,tarjeta
V-29581,2026-05-05,Ferreteria Nuñez,Toner HP,2,12697.81,efectivo
V-29582,2026-05-06,Estudio Contable RyR,Servicio mensual,3,12834.82,transferencia
V-29583,2026-05-07,Bar La Esquina,Cuaderno,4,12971.83,tarjeta
V-29584,2026-05-08,Distribuidora Sur,Mouse inalambrico,5,13108.84,efectivo
V-29585,2026-05-09,Panaderia Ortiz,Servicio de consultoria,6,13245.85,transferencia
V-29586,2026-05-10,Optica Vision,Toner HP,7,13382.86,tarjeta
V-29587,2026-05-11,Tech Solutions,Servicio mensual,8,13519.87,efectivo
V-29588,2026-05-12,Farmacia Central,Cuaderno,9,13656.88,transferencia
V-29589,2026-05-13,Hotel Plaza,Mouse inalambrico,10,13793.89,tarjeta
V-29590,2026-05-14,Comercial Andrade,Servicio de consultoria,11,13930.90,efectivo
V-29591,2026-05-15,Garcia SA,Toner HP,12,14067.91,transferencia
V-29592,2026-05-16,Juan Perez,Servicio mensual,13,14204.92,tarjeta
V-29593,2026-05-17,Marta Gomez,Cuaderno,14,14341.93,efectivo
V-29594,2026-05-18,Kiosco El Sol,Mouse inalambrico,15,14478.94,transferencia
V-29595,2026-05-19,Ferreteria Nuñez,Servicio de consultoria,16,14615.95,tarjeta
V-29596,2026-05-20,Estudio Contable RyR,Toner HP,17,14752.96,efectivo
V-29597,2026-05-21,Bar La Esquina,Servicio mensual,18,14889.97,transferencia
V-29598,2026-05-22,Distribuidora Sur,Cuaderno,19,15026.98,tarjeta
V-29599,2026-05-23,Panaderia Ortiz,Mouse inalambrico,20,15163.99,efectivo
V-29600,2026-05-24,Optica Vision,Servicio de consultoria,1,15300.00,transferencia
V-29601,2026-05-25,Tech Solutions,Toner HP,2,15437.01,tarjeta
V-29602,2026-05-26,Farmacia Central,Servicio mensual,3,15574.02,efectivo
V-29603,2026-05-27,Hotel Plaza,Cuaderno,4,15711.03,transferencia
V-29604,2026-05-28,Comercial Andrade,Mouse inalambrico,5,15848.04,tarjeta
V-29605,2026-05-01,Garcia SA,Servicio de consultoria,6,15985.05,efectivo
V-29606,2026-05-02,Juan Perez,Toner HP,7,16122.06,transferencia
V-29607,2026-05-03,Marta Gomez,Servicio mensual,8,16259.07,tarjeta
V-29608,2026-05-04,Kiosco El Sol,Cuaderno,9,16396.08,efectivo
V-29609,2026-05-05,Ferreteria Nuñez,Mouse inalambrico,10,16533.09,transferencia
V-29610,2026-05-06,Estudio Contable RyR,Servicio de consultoria,11,16670.10,tarjeta
V-29611,2026-05-07,Bar La Esquina,Toner HP,12,16807.11,efectivo
V-29612,2026-05-08,Distribuidora Sur,Servicio mensual,13,16944.12,transferencia
V-29613,2026-05-09,Panaderia Ortiz,Cuaderno,14,17081.13,tarjeta
V-29614,2026-05-10,Optica Vision,Mouse inalambrico,15,17218.14,efectivo
V-29615,2026-05-11,Tech Solutions,Servicio de consultoria,16,17355.15,transferencia
V-29616,2026-05-12,Farmacia Central,Toner HP,17,17492.16,tarjeta
V-29617,2026-05-13,Hotel Plaza,Servicio mensual,18,17629.17,efectivo
V-29618,2026-05-14,Comercial Andrade,Cuaderno,19,17766.18,transferencia
V-29619,2026-05-15,Garcia SA,Mouse inalambrico,20,17903.19,tarjeta
V-29620,2026-05-16,Juan Perez,Servicio de consultoria,1,18040.20,efectivo
V-29621,2026-05-17,Marta Gomez,Toner HP,2,18177.21,transferencia
V-29622,2026-05-18,Kiosco El Sol,Servicio mensual,3,18314.22,tarjeta
V-29623,2026-05-19,Ferreteria Nuñez,Cuaderno,4,18451.23,efectivo
V-29624,2026-05-20,Estudio Contable RyR,Mouse inalambrico,5,18588.24,transferencia
V-29625,2026-05-21,Bar La Esquina,Servicio de consultoria,6,18725.25,tarjeta
V-29626,2026-05-22,Distribuidora Sur,Toner HP,7,18862.26,efectivo
V-29627,2026-05-23,Panaderia Ortiz,Servicio mensual,8,18999.27,transferencia
V-29628,2026-05-24,Optica Vision,Cuaderno,9,19136.28,tarjeta
V-29629,2026-05-25,Tech Solutions,Mouse inalambrico,10,19273.29,efectivo
V-29630,2026-05-26,Farmacia Central,Servicio de consultoria,11,19410.30,transferencia
V-29631,2026-05-27,Hotel Plaza,Toner HP,12,19547.31,tarjeta
V-29632,2026-05-28,Comercial Andrade,Servicio mensual,13,19684.32,efectivo
V-29633,2026-05-01,Garcia SA,Cuaderno,14,19821.33,transferencia
V-29634,2026-05-02,Juan Perez,Mouse inalambrico,15,19958.34,tarjeta
V-29635,2026-05-03,Marta Gomez,Servicio de consultoria,16,20095.35,efectivo
V-29636,2026-05-04,Kiosco El Sol,Toner HP,17,20232.36,transferencia
V-29637,2026-05-05,Ferreteria Nuñez,Servicio mensual,18,20369.37,tarjeta
V-29638,2026-05-06,Estudio Contable RyR,Cuaderno,19,20506.38,efectivo
V-29639,2026-05-07,Bar La Esquina,Mouse inalambrico,20,20643.39,transferencia
V-29640,2026-05-08,Distribuidora Sur,Servicio de consultoria,1,20780.40,tarjeta
V-29641,2026-05-09,Panaderia Ortiz,Toner HP,2,20917.41,efectivo
V-29642,2026-05-10,Optica Vision,Servicio mensual,3,21054.42,transferencia
V-29643,2026-05-11,Tech Solutions,Cuaderno,4,21191.43,tarjeta
V-29644,2026-05-12,Farmacia Central,Mouse inalambrico,5,21328.44,efectivo
V-29645,2026-05-13,Hotel Plaza,Servicio de consultoria,6,21465.45,transferencia
V-29646,2026-05-14,Comercial Andrade,Toner HP,7,21602.46,tarjeta
V-29647,2026-05-15,Garcia SA,Servicio mensual,8,21739.47,efectivo
V-29648,2026-05-16,Juan Perez,Cuaderno,9,21876.48,transferencia
V-29649,2026-05-17,Marta Gomez,Mouse inalambrico,10,22013.49,tarjeta
V-29650,2026-05-18,Kiosco El Sol,Servicio de consultoria,11,22150.50,efectivo
V-29651,2026-05-19,Ferreteria Nuñez,Toner HP,12,22287.51,transferencia
V-29652,2026-05-20,Estudio Contable RyR,Servicio mensual,13,22424.52,tarjeta
V-29653,2026-05-21,Bar La Esquina,Cuaderno,14,22561.53,efectivo
V-29654,2026-05-22,Distribuidora Sur,Mouse inalambrico,15,22698.54,transferencia
V-29655,2026-05-23,Panaderia Ortiz,Servicio de consultoria,16,22835.55,tarjeta
V-29656,2026-05-24,Optica Vision,Toner HP,17,22972.56,efectivo
V-29657,2026-05-25,Tech Solutions,Servicio mensual,18,23109.57,transferencia
V-29658,2026-05-26,Farmacia Central,Cuaderno,19,23246.58,tarjeta
V-29659,2026-05-27,Hotel Plaza,Mouse inalambrico,20,23383.59,efectivo
V-29660,2026-05-28,Comercial Andrade,Servicio de consultoria,1,23520.60,transferencia
V-29661,2026-05-01,Garcia SA,Toner HP,2,23657.61,tarjeta
V-29662,2026-05-02,Juan Perez,Servicio mensual,3,23794.62,efectivo
V-29663,2026-05-03,Marta Gomez,Cuaderno,4,23931.63,transferencia
V-29664,2026-05-04,Kiosco El Sol,Mouse inalambrico,5,24068.64,tarjeta
V-29665,2026-05-05,Ferreteria Nuñez,Servicio de consultoria,6,24205.65,efectivo
V-29666,2026-05-06,Estudio Contable RyR,Toner HP,7,24342.66,transferencia
V-29667,2026-05-07,Bar La Esquina,Servicio mensual,8,24479.67,tarjeta
V-29668,2026-05-08,Distribuidora Sur,Cuaderno,9,24616.68,efectivo
V-29669,2026-05-09,Panaderia Ortiz,Mouse inalambrico,10,24753.69,transferencia
V-29670,2026-05-10,Optica Vision,Servicio de consultoria,11,24890.70,tarjeta
V-29671,2026-05-11,Tech Solutions,Toner HP,12,25027.71,efectivo
V-29672,2026-05-12,Farmacia Central,Servicio mensual,13,25164.72,transferencia
V-29673,2026-05-13,Hotel Plaza,Cuaderno,14,25301.73,tarjeta
V-29674,2026-05-14,Comercial Andrade,Mouse inalambrico,15,25438.74,efectivo
V-29675,2026-05-15,Garcia SA,Servicio de consultoria,16,25575.75,transferencia
V-29676,2026-05-16,Juan Perez,Toner HP,17,25712.76,tarjeta
V-29677,2026-05-17,Marta Gomez,Servicio mensual,18,25849.77,efectivo
V-29678,2026-05-18,Kiosco El Sol,Cuaderno,19,25986.78,transferencia
V-29679,2026-05-19,Ferreteria Nuñez,Mouse inalambrico,20,26123.79,tarjeta
V-29680,2026-05-20,Estudio Contable RyR,Servicio de consultoria,1,26260.80,efectivo
V-29681,2026-05-21,Bar La Esquina,Toner HP,2,26397.81,transferencia
V-29682,2026-05-22,Distribuidora Sur,Servicio mensual,3,26534.82,tarjeta
V-29683,2026-05-23,Panaderia Ortiz,Cuaderno,4,26671.83,efectivo
V-29684,2026-05-24,Optica Vision,Mouse inalambrico,5,26808.84,transferencia
V-29685,2026-05-25,Tech Solutions,Servicio de consultoria,6,26945.85,tarjeta
V-29686,2026-05-26,Farmacia Central,Toner HP,7,27082.86,efectivo
V-29687,2026-05-27,Hotel Plaza,Servicio mensual,8,27219.87,transferencia
V-29688,2026-05-28,Comercial Andrade,Cuaderno,9,27356.88,tarjeta
V-29689,2026-05-01,Garcia SA,Mouse inalambrico,10,27493.89,efectivo
V-29690,2026-05-02,Juan Perez,Servicio de consultoria,11,27630.90,transferencia
V-29691,2026-05-03,Marta Gomez,Toner HP,12,27767.91,tarjeta
V-29692,2026-05-04,Kiosco El Sol,Servicio mensual,13,27904.92,efectivo
V-29693,2026-05-05,Ferreteria Nuñez,Cuaderno,14,28041.93,transferencia
V-29694,2026-05-06,Estudio Contable RyR,Mouse inalambrico,15,28178.94,tarjeta
V-29695,2026-05-07,Bar La Esquina,Servicio de consultoria,16,28315.95,efectivo
V-29696,2026-05-08,Distribuidora Sur,Toner HP,17,28452.96,transferencia
V-29697,2026-05-09,Panaderia Ortiz,Servicio mensual,18,28589.97,tarjeta
V-29698,2026-05-10,Optica Vision,Cuaderno,19,28726.98,efectivo
V-29699,2026-05-11,Tech Solutions,Mouse inalambrico,20,28863.99,transferencia
V-29700,2026-05-12,Farmacia Central,Servicio de consultoria,1,29000.00,tarjeta
V-29701,2026-05-13,Hotel Plaza,Toner HP,2,29137.01,efectivo
V-29702,2026-05-14,Comercial Andrade,Servicio mensual,3,29274.02,transferencia
V-29703,2026-05-15,Garcia SA,Cuaderno,4,29411.03,tarjeta
V-29704,2026-05-16,Juan Perez,Mouse inalambrico,5,29548.04,efectivo
V-29705,2026-05-17,Marta Gomez,Servicio de consultoria,6,29685.05,transferencia
V-29706,2026-05-18,Kiosco El Sol,Toner HP,7,29822.06,tarjeta
V-29707,2026-05-19,Ferreteria Nuñez,Servicio mensual,8,29959.07,efectivo
V-29708,2026-05-20,Estudio Contable RyR,Cuaderno,9,30096.08,transferencia
V-29709,2026-05-21,Bar La Esquina,Mouse inalambrico,10,30233.09,tarjeta
V-29710,2026-05-22,Distribuidora Sur,Servicio de consultoria,11,30370.10,efectivo
V-29711,2026-05-23,Panaderia Ortiz,Toner HP,12,30507.11,transferencia
V-29712,2026-05-24,Optica Vision,Servicio mensual,13,30644.12,tarjeta
V-29713,2026-05-25,Tech Solutions,Cuaderno,14,30781.13,efectivo
V-29714,2026-05-26,Farmacia Central,Mouse inalambrico,15,30918.14,transferencia
V-29715,2026-05-27,Hotel Plaza,Servicio de consultoria,16,31055.15,tarjeta
V-29716,2026-05-28,Comercial Andrade,Toner HP,17,31192.16,efectivo
V-29717,2026-05-01,Garcia SA,Servicio mensual,18,31329.17,transferencia
V-29718,2026-05-02,Juan Perez,Cuaderno,19,31466.18,tarjeta
V-29719,2026-05-03,Marta Gomez,Mouse inalambrico,20,31603.19,efectivo
V-29720,2026-05-04,Kiosco El Sol,Servicio de consultoria,1,31740.20,transferencia
V-29721,2026-05-05,Ferreteria Nuñez,Toner HP,2,31877.21,tarjeta
V-29722,2026-05-06,Estudio Contable RyR,Servicio mensual,3,32014.22,efectivo
V-29723,2026-05-07,Bar La Esquina,Cuaderno,4,32151.23,transferencia
V-29724,2026-05-08,Distribuidora Sur,Mouse inalambrico,5,32288.24,tarjeta
V-29725,2026-05-09,Panaderia Ortiz,Servicio de consultoria,6,32425.25,efectivo
V-29726,2026-05-10,Optica Vision,Toner HP,7,32562.26,transferencia
V-29727,2026-05-11,Tech Solutions,Servicio mensual,8,32699.27,tarjeta
V-29728,2026-05-12,Farmacia Central,Cuaderno,9,32836.28,efectivo
V-29729,2026-05-13,Hotel Plaza,Mouse inalambrico,10,32973.29,transferencia
V-29730,2026-05-14,Comercial Andrade,Servicio de consultoria,11,33110.30,tarjeta
V-29731,2026-05-15,Garcia SA,Toner HP,12,33247.31,efectivo
V-29732,2026-05-16,Juan Perez,Servicio mensual,13,33384.32,transferencia
V-29733,2026-05-17,Marta Gomez,Cuaderno,14,33521.33,tarjeta
V-29734,2026-05-18,Kiosco El Sol,Mouse inalambrico,15,33658.34,efectivo
V-29735,2026-05-19,Ferreteria Nuñez,Servicio de consultoria,16,33795.35,transferencia
V-29736,2026-05-20,Estudio Contable RyR,Toner HP,17,33932.36,tarjeta
V-29737,2026-05-21,Bar La Esquina,Servicio mensual,18,34069.37,efectivo
V-29738,2026-05-22,Distribuidora Sur,Cuaderno,19,34206.38,transferencia
V-29739,2026-05-23,Panaderia Ortiz,Mouse inalambrico,20,34343.39,tarjeta
V-29740,2026-05-24,Optica Vision,Servicio de consultoria,1,34480.40,efectivo
V-29741,2026-05-25,Tech Solutions,Toner HP,2,34617.41,transferencia
V-29742,2026-05-26,Farmacia Central,Servicio mensual,3,34754.42,tarjeta
V-29743,2026-05-27,Hotel Plaza,Cuaderno,4,34891.43,efectivo
V-29744,2026-05-28,Comercial Andrade,Mouse inalambrico,5,35028.44,transferencia
V-29745,2026-05-01,Garcia SA,Servicio de consultoria,6,35165.45,tarjeta
V-29746,2026-05-02,Juan Perez,Toner HP,7,35302.46,efectivo
V-29747,2026-05-03,Marta Gomez,Servicio mensual,8,35439.47,transferencia
V-29748,2026-05-04,Kiosco El Sol,Cuaderno,9,35576.48,tarjeta
V-29749,2026-05-05,Ferreteria Nuñez,Mouse inalambrico,10,35713.49,efectivo
V-29750,2026-05-06,Estudio Contable RyR,Servicio de consultoria,11,35850.50,transferencia
V-29751,2026-05-07,Bar La Esquina,Toner HP,12,35987.51,tarjeta
V-29752,2026-05-08,Distribuidora Sur,Servicio mensual,13,36124.52,efectivo
V-29753,2026-05-09,Panaderia Ortiz,Cuaderno,14,36261.53,transferencia
V-29754,2026-05-10,Optica Vision,Mouse inalambrico,15,36398.54,tarjeta
V-29755,2026-05-11,Tech Solutions,Servicio de consultoria,16,36535.55,efectivo
V-29756,2026-05-12,Farmacia Central,Toner HP,17,36672.56,transferencia
V-29757,2026-05-13,Hotel Plaza,Servicio mensual,18,36809.57,tarjeta
V-29758,2026-05-14,Comercial Andrade,Cuaderno,19,36946.58,efectivo
V-29759,2026-05-15,Garcia SA,Mouse inalambrico,20,37083.59,transferencia
V-29760,2026-05-16,Juan Perez,Servicio de consultoria,1,37220.60,tarjeta
V-29761,2026-05-17,Marta Gomez,Toner HP,2,37357.61,efectivo
V-29762,2026-05-18,Kiosco El Sol,Servicio mensual,3,37494.62,transferencia
V-29763,2026-05-19,Ferreteria Nuñez,Cuaderno,4,37631.63,tarjeta
V-29764,2026-05-20,Estudio Contable RyR,Mouse inalambrico,5,37768.64,efectivo
V-29765,2026-05-21,Bar La Esquina,Servicio de consultoria,6,37905.65,transferencia
V-29766,2026-05-22,Distribuidora Sur,Toner HP,7,38042.66,tarjeta
V-29767,2026-05-23,Panaderia Ortiz,Servicio mensual,8,38179.67,efectivo
V-29768,2026-05-24,Optica Vision,Cuaderno,9,38316.68,transferencia
V-29769,2026-05-25,Tech Solutions,Mouse inalambrico,10,38453.69,tarjeta
V-29770,2026-05-26,Farmacia Central,Servicio de consultoria,11,38590.70,efectivo
V-29771,2026-05-27,Hotel Plaza,Toner HP,12,38727.71,transferencia
V-29772,2026-05-28,Comercial Andrade,Servicio mensual,13,38864.72,tarjeta
V-29773,2026-05-01,Garcia SA,Cuaderno,14,39001.73,efectivo
V-29774,2026-05-02,Juan Perez,Mouse inalambrico,15,39138.74,transferencia
V-29775,2026-05-03,Marta Gomez,Servicio de consultoria,16,39275.75,tarjeta
V-29776,2026-05-04,Kiosco El Sol,Toner HP,17,39412.76,efectivo
V-29777,2026-05-05,Ferreteria Nuñez,Servicio mensual,18,39549.77,transferencia
V-29778,2026-05-06,Estudio Contable RyR,Cuaderno,19,39686.78,tarjeta
V-29779,2026-05-07,Bar La Esquina,Mouse inalambrico,20,39823.79,efectivo
V-29780,2026-05-08,Distribuidora Sur,Servicio de consultoria,1,39960.80,transferencia
V-29781,2026-05-09,Panaderia Ortiz,Toner HP,2,40097.81,tarjeta
V-29782,2026-05-10,Optica Vision,Servicio mensual,3,40234.82,efectivo
V-29783,2026-05-11,Tech Solutions,Cuaderno,4,40371.83,transferencia
V-29784,2026-05-12,Farmacia Central,Mouse inalambrico,5,40508.84,tarjeta
V-29785,2026-05-13,Hotel Plaza,Servicio de consultoria,6,40645.85,efectivo
V-29786,2026-05-14,Comercial Andrade,Toner HP,7,40782.86,transferencia
V-29787,2026-05-15,Garcia SA,Servicio mensual,8,40919.87,tarjeta
V-29788,2026-05-16,Juan Perez,Cuaderno,9,41056.88,efectivo
V-29789,2026-05-17,Marta Gomez,Mouse inalambrico,10,41193.89,transferencia
V-29790,2026-05-18,Kiosco El Sol,Servicio de consultoria,11,41330.90,tarjeta
V-29791,2026-05-19,Ferreteria Nuñez,Toner HP,12,41467.91,efectivo
V-29792,2026-05-20,Estudio Contable RyR,Servicio mensual,13,41604.92,transferencia
V-29793,2026-05-21,Bar La Esquina,Cuaderno,14,41741.93,tarjeta
V-29794,2026-05-22,Distribuidora Sur,Mouse inalambrico,15,41878.94,efectivo
V-29795,2026-05-23,Panaderia Ortiz,Servicio de consultoria,16,42015.95,transferencia
V-29796,2026-05-24,Optica Vision,Toner HP,17,42152.96,tarjeta
V-29797,2026-05-25,Tech Solutions,Servicio mensual,18,42289.97,efectivo
V-29798,2026-05-26,Farmacia Central,Cuaderno,19,42426.98,transferencia
V-29799,2026-05-27,Hotel Plaza,Mouse inalambrico,20,42563.99,tarjeta
V-29800,2026-05-28,Comercial Andrade,Servicio de consultoria,1,42700.00,efectivo
V-29801,2026-05-01,Garcia SA,Toner HP,2,42837.01,transferencia
V-29802,2026-05-02,Juan Perez,Servicio mensual,3,42974.02,tarjeta
V-29803,2026-05-03,Marta Gomez,Cuaderno,4,43111.03,efectivo
V-29804,2026-05-04,Kiosco El Sol,Mouse inalambrico,5,43248.04,transferencia
V-29805,2026-05-05,Ferreteria Nuñez,Servicio de consultoria,6,43385.05,tarjeta
V-29806,2026-05-06,Estudio Contable RyR,Toner HP,7,43522.06,efectivo
V-29807,2026-05-07,Bar La Esquina,Servicio mensual,8,43659.07,transferencia
V-29808,2026-05-08,Distribuidora Sur,Cuaderno,9,43796.08,tarjeta
V-29809,2026-05-09,Panaderia Ortiz,Mouse inalambrico,10,43933.09,efectivo
V-29810,2026-05-10,Optica Vision,Servicio de consultoria,11,44070.10,transferencia
V-29811,2026-05-11,Tech Solutions,Toner HP,12,44207.11,tarjeta
V-29812,2026-05-12,Farmacia Central,Servicio mensual,13,44344.12,efectivo
V-29813,2026-05-13,Hotel Plaza,Cuaderno,14,44481.13,transferencia
V-29814,2026-05-14,Comercial Andrade,Mouse inalambrico,15,44618.14,tarjeta
V-29815,2026-05-15,Garcia SA,Servicio de consultoria,16,44755.15,efectivo
V-29816,2026-05-16,Juan Perez,Toner HP,17,44892.16,transferencia
V-29817,2026-05-17,Marta Gomez,Servicio mensual,18,45029.17,tarjeta
V-29818,2026-05-18,Kiosco El Sol,Cuaderno,19,45166.18,efectivo
V-29819,2026-05-19,Ferreteria Nuñez,Mouse inalambrico,20,45303.19,transferencia
V-29820,2026-05-20,Estudio Contable RyR,Servicio de consultoria,1,45440.20,tarjeta
V-29821,2026-05-21,Bar La Esquina,Toner HP,2,45577.21,efectivo
V-29822,2026-05-22,Distribuidora Sur,Servicio mensual,3,45714.22,transferencia
V-29823,2026-05-23,Panaderia Ortiz,Cuaderno,4,45851.23,tarjeta
V-29824,2026-05-24,Optica Vision,Mouse inalambrico,5,45988.24,efectivo
V-29825,2026-05-25,Tech Solutions,Servicio de consultoria,6,46125.25,transferencia
V-29826,2026-05-26,Farmacia Central,Toner HP,7,46262.26,tarjeta
V-29827,2026-05-27,Hotel Plaza,Servicio mensual,8,46399.27,efectivo
V-29828,2026-05-28,Comercial Andrade,Cuaderno,9,46536.28,transferencia
V-29829,2026-05-01,Garcia SA,Mouse inalambrico,10,46673.29,tarjeta
V-29830,2026-05-02,Juan Perez,Servicio de consultoria,11,46810.30,efectivo
V-29831,2026-05-03,Marta Gomez,Toner HP,12,46947.31,transferencia
V-29832,2026-05-04,Kiosco El Sol,Servicio mensual,13,47084.32,tarjeta
V-29833,2026-05-05,Ferreteria Nuñez,Cuaderno,14,47221.33,efectivo
V-29834,2026-05-06,Estudio Contable RyR,Mouse inalambrico,15,47358.34,transferencia
V-29835,2026-05-07,Bar La Esquina,Servicio de consultoria,16,47495.35,tarjeta
V-29836,2026-05-08,Distribuidora Sur,Toner HP,17,47632.36,efectivo
V-29837,2026-05-09,Panaderia Ortiz,Servicio mensual,18,47769.37,transferencia
V-29838,2026-05-10,Optica Vision,Cuaderno,19,47906.38,tarjeta
V-29839,2026-05-11,Tech Solutions,Mouse inalambrico,20,48043.39,efectivo
V-29840,2026-05-12,Farmacia Central,Servicio de consultoria,1,48180.40,transferencia
V-29841,2026-05-13,Hotel Plaza,Toner HP,2,48317.41,tarjeta
V-29842,2026-05-14,Comercial Andrade,Servicio mensual,3,48454.42,efectivo
V-29843,2026-05-15,Garcia SA,Cuaderno,4,48591.43,transferencia
V-29844,2026-05-16,Juan Perez,Mouse inalambrico,5,48728.44,tarjeta
V-29845,2026-05-17,Marta Gomez,Servicio de consultoria,6,48865.45,efectivo
V-29846,2026-05-18,Kiosco El Sol,Toner HP,7,49002.46,transferencia
V-29847,2026-05-19,Ferreteria Nuñez,Servicio mensual,8,49139.47,tarjeta
V-29848,2026-05-20,Estudio Contable RyR,Cuaderno,9,49276.48,efectivo
V-29849,2026-05-21,Bar La Esquina,Mouse inalambrico,10,49413.49,transferencia
V-29850,2026-05-22,Distribuidora Sur,Servicio de consultoria,11,49550.50,tarjeta
V-29851,2026-05-23,Panaderia Ortiz,Toner HP,12,49687.51,efectivo
V-29852,2026-05-24,Optica Vision,Servicio mensual,13,49824.52,transferencia
V-29853,2026-05-25,Tech Solutions,Cuaderno,14,49961.53,tarjeta
V-29854,2026-05-26,Farmacia Central,Mouse inalambrico,15,50098.54,efectivo
V-29855,2026-05-27,Hotel Plaza,Servicio de consultoria,16,235.55,transferencia
V-29856,2026-05-28,Comercial Andrade,Toner HP,17,372.56,tarjeta
V-29857,2026-05-01,Garcia SA,Servicio mensual,18,509.57,efectivo
V-29858,2026-05-02,Juan Perez,Cuaderno,19,646.58,transferencia
V-29859,2026-05-03,Marta Gomez,Mouse inalambrico,20,783.59,tarjeta
V-29860,2026-05-04,Kiosco El Sol,Servicio de consultoria,1,920.60,efectivo
V-29861,2026-05-05,Ferreteria Nuñez,Toner HP,2,1057.61,transferencia
V-29862,2026-05-06,Estudio Contable RyR,Servicio mensual,3,1194.62,tarjeta
V-29863,2026-05-07,Bar La Esquina,Cuaderno,4,1331.63,efectivo
V-29864,2026-05-08,Distribuidora Sur,Mouse inalambrico,5,1468.64,transferencia
V-29865,2026-05-09,Panaderia Ortiz,Servicio de consultoria,6,1605.65,tarjeta
V-29866,2026-05-10,Optica Vision,Toner HP,7,1742.66,efectivo
V-29867,2026-05-11,Tech Solutions,Servicio mensual,8,1879.67,transferencia
V-29868,2026-05-12,Farmacia Central,Cuaderno,9,2016.68,tarjeta
V-29869,2026-05-13,Hotel Plaza,Mouse inalambrico,10,2153.69,efectivo
V-29870,2026-05-14,Comercial Andrade,Servicio de consultoria,11,2290.70,transferencia
V-29871,2026-05-15,Garcia SA,Toner HP,12,2427.71,tarjeta
V-29872,2026-05-16,Juan Perez,Servicio mensual,13,2564.72,efectivo
V-29873,2026-05-17,Marta Gomez,Cuaderno,14,2701.73,transferencia
V-29874,2026-05-18,Kiosco El Sol,Mouse inalambrico,15,2838.74,tarjeta
V-29875,2026-05-19,Ferreteria Nuñez,Servicio de consultoria,16,2975.75,efectivo
V-29876,2026-05-20,Estudio Contable RyR,Toner HP,17,3112.76,transferencia
V-29877,2026-05-21,Bar La Esquina,Servicio mensual,18,3249.77,tarjeta
V-29878,2026-05-22,Distribuidora Sur,Cuaderno,19,3386.78,efectivo
V-29879,2026-05-23,Panaderia Ortiz,Mouse inalambrico,20,3523.79,transferencia
V-29880,2026-05-24,Optica Vision,Servicio de consultoria,1,3660.80,tarjeta
V-29881,2026-05-25,Tech Solutions,Toner HP,2,3797.81,efectivo
V-29882,2026-05-26,Farmacia Central,Servicio mensual,3,3934.82,transferencia
V-29883,2026-05-27,Hotel Plaza,Cuaderno,4,4071.83,tarjeta
V-29884,2026-05-28,Comercial Andrade,Mouse inalambrico,5,4208.84,efectivo
V-29885,2026-05-01,Garcia SA,Servicio de consultoria,6,4345.85,transferencia
V-29886,2026-05-02,Juan Perez,Toner HP,7,4482.86,tarjeta
V-29887,2026-05-03,Marta Gomez,Servicio mensual,8,4619.87,efectivo
V-29888,2026-05-04,Kiosco El Sol,Cuaderno,9,4756.88,transferencia
V-29889,2026-05-05,Ferreteria Nuñez,Mouse inalambrico,10,4893.89,tarjeta
V-29890,2026-05-06,Estudio Contable RyR,Servicio de consultoria,11,5030.90,efectivo
V-29891,2026-05-07,Bar La Esquina,Toner HP,12,5167.91,transferencia
V-29892,2026-05-08,Distribuidora Sur,Servicio mensual,13,5304.92,tarjeta
V-29893,2026-05-09,Panaderia Ortiz,Cuaderno,14,5441.93,efectivo
V-29894,2026-05-10,Optica Vision,Mouse inalambrico,15,5578.94,transferencia
V-29895,2026-05-11,Tech Solutions,Servicio de consultoria,16,5715.95,tarjeta
V-29896,2026-05-12,Farmacia Central,Toner HP,17,5852.96,efectivo
V-29897,2026-05-13,Hotel Plaza,Servicio mensual,18,5989.97,transferencia
V-29898,2026-05-14,Comercial Andrade,Cuaderno,19,6126.98,tarjeta
V-29899,2026-05-15,Garcia SA,Mouse inalambrico,20,6263.99,efectivo
V-29900,2026-05-16,Juan Perez,Servicio de consultoria,1,6400.00,transferencia
V-29901,2026-05-17,Marta Gomez,Toner HP,2,6537.01,tarjeta
V-29902,2026-05-18,Kiosco El Sol,Servicio mensual,3,6674.02,efectivo
V-29903,2026-05-19,Ferreteria Nuñez,Cuaderno,4,6811.03,transferencia
V-29904,2026-05-20,Estudio Contable RyR,Mouse inalambrico,5,6948.04,tarjeta
V-29905,2026-05-21,Bar La Esquina,Servicio de consultoria,6,7085.05,efectivo
V-29906,2026-05-22,Distribuidora Sur,Toner HP,7,7222.06,transferencia
V-29907,2026-05-23,Panaderia Ortiz,Servicio mensual,8,7359.07,tarjeta
V-29908,2026-05-24,Optica Vision,Cuaderno,9,7496.08,efectivo
V-29909,2026-05-25,Tech Solutions,Mouse inalambrico,10,7633.09,transferencia
V-29910,2026-05-26,Farmacia Central,Servicio de consultoria,11,7770.10,tarjeta
V-29911,2026-05-27,Hotel Plaza,Toner HP,12,7907.11,efectivo
V-29912,2026-05-28,Comercial Andrade,Servicio mensual,13,8044.12,transferencia
V-29913,2026-05-01,Garcia SA,Cuaderno,14,8181.13,tarjeta
V-29914,2026-05-02,Juan Perez,Mouse inalambrico,15,8318.14,efectivo
V-29915,2026-05-03,Marta Gomez,Servicio de consultoria,16,8455.15,transferencia
V-29916,2026-05-04,Kiosco El Sol,Toner HP,17,8592.16,tarjeta
V-29917,2026-05-05,Ferreteria Nuñez,Servicio mensual,18,8729.17,efectivo
V-29918,2026-05-06,Estudio Contable RyR,Cuaderno,19,8866.18,transferencia
V-29919,2026-05-07,Bar La Esquina,Mouse inalambrico,20,9003.19,tarjeta
V-29920,2026-05-08,Distribuidora Sur,Servicio de consultoria,1,9140.20,efectivo
V-29921,2026-05-09,Panaderia Ortiz,Toner HP,2,9277.21,transferencia
V-29922,2026-05-10,Optica Vision,Servicio mensual,3,9414.22,tarjeta
V-29923,2026-05-11,Tech Solutions,Cuaderno,4,9551.23,efectivo
V-29924,2026-05-12,Farmacia Central,Mouse inalambrico,5,9688.24,transferencia
V-29925,2026-05-13,Hotel Plaza,Servicio de consultoria,6,9825.25,tarjeta
V-29926,2026-05-14,Comercial Andrade,Toner HP,7,9962.26,efectivo
V-29927,2026-05-15,Garcia SA,Servicio mensual,8,10099.27,transferencia
V-29928,2026-05-16,Juan Perez,Cuaderno,9,10236.28,tarjeta
V-29929,2026-05-17,Marta Gomez,Mouse inalambrico,10,10373.29,efectivo
V-29930,2026-05-18,Kiosco El Sol,Servicio de consultoria,11,10510.30,transferencia
V-29931,2026-05-19,Ferreteria Nuñez,Toner HP,12,10647.31,tarjeta
V-29932,2026-05-20,Estudio Contable RyR,Servicio mensual,13,10784.32,efectivo
V-29933,2026-05-21,Bar La Esquina,Cuaderno,14,10921.33,transferencia
V-29934,2026-05-22,Distribuidora Sur,Mouse inalambrico,15,11058.34,tarjeta
V-29935,2026-05-23,Panaderia Ortiz,Servicio de consultoria,16,11195.35,efectivo
V-29936,2026-05-24,Optica Vision,Toner HP,17,11332.36,transferencia
V-29937,2026-05-25,Tech Solutions,Servicio mensual,18,11469.37,tarjeta
V-29938,2026-05-26,Farmacia Central,Cuaderno,19,11606.38,efectivo
V-29939,2026-05-27,Hotel Plaza,Mouse inalambrico,20,11743.39,transferencia
V-29940,2026-05-28,Comercial Andrade,Servicio de consultoria,1,11880.40,tarjeta
V-29941,2026-05-01,Garcia SA,Toner HP,2,12017.41,efectivo
V-29942,2026-05-02,Juan Perez,Servicio mensual,3,12154.42,transferencia
V-29943,2026-05-03,Marta Gomez,Cuaderno,4,12291.43,tarjeta
V-29944,2026-05-04,Kiosco El Sol,Mouse inalambrico,5,12428.44,efectivo
V-29945,2026-05-05,Ferreteria Nuñez,Servicio de consultoria,6,12565.45,transferencia
V-29946,2026-05-06,Estudio Contable RyR,Toner HP,7,12702.46,tarjeta
V-29947,2026-05-07,Bar La Esquina,Servicio mensual,8,12839.47,efectivo
V-29948,2026-05-08,Distribuidora Sur,Cuaderno,9,12976.48,transferencia
V-29949,2026-05-09,Panaderia Ortiz,Mouse inalambrico,10,13113.49,tarjeta
V-29950,2026-05-10,Optica Vision,Servicio de consultoria,11,13250.50,efectivo
V-29951,2026-05-11,Tech Solutions,Toner HP,12,13387.51,transferencia
V-29952,2026-05-12,Farmacia Central,Servicio mensual,13,13524.52,tarjeta
V-29953,2026-05-13,Hotel Plaza,Cuaderno,14,13661.53,efectivo
V-29954,2026-05-14,Comercial Andrade,Mouse inalambrico,15,13798.54,transferencia
V-29955,2026-05-15,Garcia SA,Servicio de consultoria,16,13935.55,tarjeta
V-29956,2026-05-16,Juan Perez,Toner HP,17,14072.56,efectivo
V-29957,2026-05-17,Marta Gomez,Servicio mensual,18,14209.57,transferencia
V-29958,2026-05-18,Kiosco El Sol,Cuaderno,19,14346.58,tarjeta
V-29959,2026-05-19,Ferreteria Nuñez,Mouse inalambrico,20,14483.59,efectivo
V-29960,2026-05-20,Estudio Contable RyR,Servicio de consultoria,1,14620.60,transferencia
V-29961,2026-05-21,Bar La Esquina,Toner HP,2,14757.61,tarjeta
V-29962,2026-05-22,Distribuidora Sur,Servicio mensual,3,14894.62,efectivo
V-29963,2026-05-23,Panaderia Ortiz,Cuaderno,4,15031.63,transferencia
V-29964,2026-05-24,Optica Vision,Mouse inalambrico,5,15168.64,tarjeta
V-29965,2026-05-25,Tech Solutions,Servicio de consultoria,6,15305.65,efectivo
V-29966,2026-05-26,Farmacia Central,Toner HP,7,15442.66,transferencia
V-29967,2026-05-27,Hotel Plaza,Servicio mensual,8,15579.67,tarjeta
V-29968,2026-05-28,Comercial Andrade,Cuaderno,9,15716.68,efectivo
V-29969,2026-05-01,Garcia SA,Mouse inalambrico,10,15853.69,transferencia
V-29970,2026-05-02,Juan Perez,Servicio de consultoria,11,15990.70,tarjeta
V-29971,2026-05-03,Marta Gomez,Toner HP,12,16127.71,efectivo
V-29972,2026-05-04,Kiosco El Sol,Servicio mensual,13,16264.72,transferencia
V-29973,2026-05-05,Ferreteria Nuñez,Cuaderno,14,16401.73,tarjeta
V-29974,2026-05-06,Estudio Contable RyR,Mouse inalambrico,15,16538.74,efectivo
V-29975,2026-05-07,Bar La Esquina,Servicio de consultoria,16,16675.75,transferencia
V-29976,2026-05-08,Distribuidora Sur,Toner HP,17,16812.76,tarjeta
V-29977,2026-05-09,Panaderia Ortiz,Servicio mensual,18,16949.77,efectivo
V-29978,2026-05-10,Optica Vision,Cuaderno,19,17086.78,transferencia
V-29979,2026-05-11,Tech Solutions,Mouse inalambrico,20,17223.79,tarjeta
V-29980,2026-05-12,Farmacia Central,Servicio de consultoria,1,17360.80,efectivo
V-29981,2026-05-13,Hotel Plaza,Toner HP,2,17497.81,transferencia
V-29982,2026-05-14,Comercial Andrade,Servicio mensual,3,17634.82,tarjeta
V-29983,2026-05-15,Garcia SA,Cuaderno,4,17771.83,efectivo
V-29984,2026-05-16,Juan Perez,Mouse inalambrico,5,17908.84,transferencia
V-29985,2026-05-17,Marta Gomez,Servicio de consultoria,6,18045.85,tarjeta
V-29986,2026-05-18,Kiosco El Sol,Toner HP,7,18182.86,efectivo
V-29987,2026-05-19,Ferreteria Nuñez,Servicio mensual,8,18319.87,transferencia
V-29988,2026-05-20,Estudio Contable RyR,Cuaderno,9,18456.88,tarjeta
V-29989,2026-05-21,Bar La Esquina,Mouse inalambrico,10,18593.89,efectivo
V-29990,2026-05-22,Distribuidora Sur,Servicio de consultoria,11,18730.90,transferencia
V-29991,2026-05-23,Panaderia Ortiz,Toner HP,12,18867.91,tarjeta
V-29992,2026-05-24,Optica Vision,Servicio mensual,13,19004.92,efectivo
V-29993,2026-05-25,Tech Solutions,Cuaderno,14,19141.93,transferencia
V-29994,2026-05-26,Farmacia Central,Mouse inalambrico,15,19278.94,tarjeta
V-29995,2026-05-27,Hotel Plaza,Servicio de consultoria,16,19415.95,efectivo
V-29996,2026-05-28,Comercial Andrade,Toner HP,17,19552.96,transferencia
V-29997,2026-05-01,Garcia SA,Servicio mensual,18,19689.97,tarjeta
V-29998,2026-05-02,Juan Perez,Cuaderno,19,19826.98,efectivo
V-29999,2026-05-03,Marta Gomez,Mouse inalambrico,20,19963.99,transferencia
V-30000,2026-05-04,Kiosco El Sol,Servicio de consultoria,1,20100.00,tarjeta
